Index,Index_list
109776,"[47258, 5332, 48536, 47342, 34151, 75646, 94371, 52778, 94801, 46602]"
109777,"[44042, 2148, 106992, 67136, 97426, 48733, 96434, 16218, 15823, 86324]"
109778,"[38098, 98603, 31137, 2280, 34064, 89511, 5213, 54273, 86276, 71894]"
109779,"[4566, 34652, 33630, 37568, 48556, 38394, 14645, 72850, 56188, 103603]"
109780,"[96443, 106819, 95583, 31476, 13917, 3221, 66721, 84688, 97889, 40062]"
109781,"[97538, 37835, 90249, 69175, 101105, 66021, 80193, 103815, 97797, 102931]"
109782,"[95586, 80772, 101384, 26028, 87823, 1803, 35124, 56862, 40564, 18186]"
109783,"[55709, 79150, 49936, 42740, 22443, 99271, 96569, 91502, 29467, 42607]"
109784,"[83415, 91316, 17725, 108519, 49360, 6960, 42891, 85101, 64384, 9289]"
109785,"[107130, 4042, 31022, 39364, 30053, 5944, 105197, 30499, 12338, 78223]"
109786,"[42519, 101785, 47911, 44834, 21983, 3040, 105530, 40971, 84263, 93408]"
109787,"[19953, 8810, 64219, 74337, 61111, 81404, 89819, 61295, 32799, 99204]"
109788,"[109218, 4408, 16990, 91704, 90636, 53574, 27065, 40938, 3966, 77941]"
109789,"[40067, 67752, 13626, 87618, 48523, 5455, 16992, 103402, 47949, 28708]"
109790,"[13407, 59754, 622, 17985, 35906, 69836, 96509, 26004, 80926, 89587]"
109791,"[61520, 24528, 44712, 92561, 3437, 46738, 38605, 36309, 23041, 26890]"
109792,"[31903, 75328, 87123, 83467, 80661, 27365, 34941, 33829, 64489, 47092]"
109793,"[4383, 8801, 82273, 58116, 21434, 109644, 27667, 8014, 3379, 90562]"
109794,"[4441, 93782, 3301, 60634, 60371, 26579, 45230, 14140, 75127, 16812]"
109795,"[15187, 16728, 18598, 36868, 54489, 23106, 36918, 2168, 95351, 27104]"
109796,"[43271, 6342, 50837, 82204, 32849, 88595, 76474, 11642, 48208, 37551]"
109797,"[15944, 68214, 90402, 84001, 31232, 35983, 94401, 83618, 34964, 108338]"
109798,"[84914, 69551, 36816, 30956, 106474, 66636, 78308, 72651, 53417, 67685]"
109799,"[60252, 53019, 80731, 55734, 17841, 11050, 5663, 102493, 34238, 106871]"
109800,"[27454, 25797, 50116, 50665, 50932, 97596, 86263, 43387, 46070, 28360]"
109801,"[6346, 74342, 85051, 74139, 29125, 33643, 102547, 94288, 47765, 14902]"
109802,"[36890, 90602, 26000, 75070, 38132, 84713, 29294, 105651, 84598, 52922]"
109803,"[57636, 104718, 72769, 5794, 76676, 67479, 106717, 77486, 35902, 79182]"
109804,"[31025, 69269, 12234, 52110, 91757, 96601, 99134, 38075, 46654, 10100]"
109805,"[5400, 33212, 74124, 23904, 65476, 58395, 47819, 46702, 35257, 46315]"
109806,"[108948, 36663, 26321, 12513, 86845, 91464, 46122, 36010, 91015, 95372]"
109807,"[16587, 63910, 22276, 16387, 50741, 63548, 96419, 36331, 25144, 56343]"
109808,"[29091, 47701, 82089, 86386, 89639, 54753, 19219, 11654, 34852, 585]"
109809,"[56714, 46207, 93496, 21325, 14989, 53993, 103001, 24869, 27184, 78747]"
109810,"[16688, 83138, 69807, 61191, 31360, 56190, 7627, 15396, 9766, 29568]"
109811,"[61790, 1853, 107949, 85268, 89794, 94857, 41222, 35128, 42752, 64876]"
109812,"[9541, 69772, 2252, 27321, 103645, 71374, 74862, 86292, 72540, 17260]"
109813,"[88275, 82012, 30169, 25131, 73736, 24787, 84720, 10579, 19257, 75474]"
109814,"[46787, 108126, 48765, 109110, 74218, 95297, 17580, 103817, 39243, 34992]"
109815,"[101091, 43977, 67945, 35505, 41776, 107405, 27879, 60317, 62078, 48011]"
109816,"[69701, 85274, 308, 86533, 52815, 98386, 59704, 92578, 66263, 88809]"
109817,"[95107, 43556, 65329, 27451, 12077, 95202, 98713, 77570, 91439, 12160]"
109818,"[66348, 7726, 33227, 83311, 69265, 105249, 106300, 14465, 89253, 37931]"
109819,"[22473, 90983, 97032, 87273, 58666, 3960, 11431, 33642, 71215, 61868]"
109820,"[78980, 33284, 1493, 47479, 5145, 57369, 7573, 70484, 71842, 96725]"
109821,"[87303, 52763, 19089, 3351, 5371, 99502, 46213, 67550, 16656, 52300]"
109822,"[94923, 67756, 2430, 36680, 38492, 12398, 5490, 4377, 28809, 88336]"
109823,"[19383, 39434, 58052, 52119, 70273, 79448, 48065, 3378, 12536, 43271]"
109824,"[26438, 92575, 102780, 101005, 59874, 95876, 16146, 23253, 8453, 53811]"
109825,"[80509, 107260, 88784, 56266, 10589, 98059, 41706, 12346, 95315, 85196]"
109826,"[30745, 8408, 17993, 35820, 34289, 47720, 99776, 4832, 21484, 91965]"
109827,"[18792, 43007, 13369, 25750, 8284, 93023, 106833, 23740, 32800, 87819]"
109828,"[96879, 5064, 88578, 104755, 62417, 89284, 29195, 88535, 23273, 70706]"
109829,"[71430, 97403, 69029, 45402, 99046, 70778, 71867, 69843, 44331, 2928]"
109830,"[63875, 13727, 67879, 42584, 32622, 34415, 100879, 95794, 39655, 3690]"
109831,"[69740, 57630, 13785, 85585, 96007, 92397, 89431, 86482, 53240, 98544]"
109832,"[27364, 11750, 88050, 100179, 93899, 92202, 2921, 19326, 37857, 27896]"
109833,"[26747, 67379, 91662, 64290, 13676, 54233, 72726, 65233, 88917, 1314]"
109834,"[33449, 1610, 16524, 11070, 99573, 43073, 49706, 35456, 93038, 75060]"
109835,"[38323, 94740, 29334, 83769, 38704, 22447, 3888, 28023, 66848, 81046]"
109836,"[54023, 46271, 37776, 5736, 24817, 30459, 67716, 31751, 78805, 32408]"
109837,"[94190, 81523, 70665, 58449, 103809, 66826, 42431, 70445, 68352, 31335]"
109838,"[56692, 24145, 68787, 4342, 96608, 97600, 51818, 52437, 22478, 43760]"
109839,"[62486, 102948, 58586, 18442, 25393, 59506, 33092, 100800, 91759, 88234]"
109840,"[28903, 90153, 90137, 90043, 41576, 91105, 38301, 27220, 33916, 20073]"
109841,"[35943, 35475, 22676, 79319, 61552, 86710, 103588, 67950, 49146, 62855]"
109842,"[33690, 89328, 11622, 67662, 104712, 74729, 66192, 78870, 63715, 9181]"
109843,"[47442, 83216, 43125, 11158, 52825, 69957, 97504, 82158, 8002, 104637]"
109844,"[17111, 40875, 51300, 49551, 15728, 109331, 8388, 10758, 62172, 86791]"
109845,"[50836, 63018, 56843, 101429, 35997, 17325, 33255, 49620, 94438, 31141]"
109846,"[64849, 66415, 9453, 47755, 24481, 24969, 75564, 34411, 31178, 94917]"
109847,"[99022, 59316, 75760, 66022, 94919, 25381, 70354, 65453, 20800, 101747]"
109848,"[92914, 67532, 66917, 86632, 56203, 70342, 11829, 86404, 17803, 74211]"
109849,"[66913, 17163, 17608, 64096, 55552, 17236, 4610, 77886, 27068, 11344]"
109850,"[3765, 97157, 56994, 23515, 98955, 68429, 51094, 25588, 30070, 60106]"
109851,"[29563, 70686, 82477, 86055, 31921, 2427, 88604, 67284, 66734, 78759]"
109852,"[1250, 25742, 22515, 26052, 11020, 98960, 22971, 61720, 88398, 4606]"
109853,"[106859, 23062, 109283, 26605, 54222, 79682, 86927, 20443, 79930, 98531]"
109854,"[100548, 25857, 58718, 15891, 55241, 22396, 18480, 31229, 100258, 90078]"
109855,"[105176, 83757, 53230, 49098, 67111, 22203, 105033, 10319, 33942, 33751]"
109856,"[18523, 21981, 79854, 54650, 24602, 84003, 16815, 96197, 31493, 55350]"
109857,"[5586, 18715, 54142, 15125, 33371, 50118, 35586, 30567, 20326, 79934]"
109858,"[14252, 51450, 80414, 52332, 85262, 73606, 30299, 9381, 2126, 95827]"
109859,"[96052, 47946, 24939, 79702, 52519, 14228, 57232, 83109, 88727, 87197]"
109860,"[8488, 21117, 17767, 23449, 57646, 30546, 77067, 23221, 81719, 10927]"
109861,"[7114, 28794, 100283, 103550, 100312, 6717, 3464, 41806, 29930, 93939]"
109862,"[106272, 21869, 782, 96889, 21615, 55633, 99209, 35070, 30146, 82150]"
109863,"[82917, 45670, 55734, 21574, 97419, 55656, 4583, 79922, 109679, 96904]"
109864,"[10780, 48376, 40856, 10904, 99546, 89290, 80817, 104681, 36475, 24989]"
109865,"[9795, 39986, 61931, 22335, 97998, 101718, 44748, 109497, 4904, 24912]"
109866,"[735, 11992, 101052, 56566, 30266, 45224, 11739, 86357, 3077, 109266]"
109867,"[82480, 26977, 14043, 101741, 12544, 102392, 81404, 109657, 21054, 1636]"
109868,"[18441, 46530, 8556, 67883, 36623, 76307, 59820, 81792, 5128, 89978]"
109869,"[14415, 58868, 39878, 13586, 5207, 3302, 40926, 100843, 92098, 102459]"
109870,"[93120, 102674, 31910, 57271, 7608, 80476, 77048, 10218, 66096, 20014]"
109871,"[2901, 69563, 92502, 103495, 57385, 68127, 57302, 31608, 63514, 59086]"
109872,"[59247, 70772, 98546, 73567, 71471, 40342, 109108, 62833, 23529, 105627]"
109873,"[9295, 494, 1768, 81939, 42411, 36097, 65360, 57179, 102604, 84456]"
109874,"[66622, 50977, 98119, 107989, 54424, 105850, 76418, 40453, 59724, 81143]"
109875,"[109311, 40027, 76225, 68617, 69146, 27882, 11590, 43069, 84268, 5235]"
109876,"[61920, 20164, 15399, 38106, 2240, 46579, 9616, 75049, 101372, 100014]"
109877,"[105026, 24389, 41926, 97176, 2916, 98889, 88927, 62282, 86429, 85956]"
109878,"[40117, 25679, 63665, 29326, 93200, 9014, 18413, 93508, 46827, 34837]"
109879,"[76092, 35792, 68546, 34411, 90745, 37549, 62473, 28995, 95493, 29452]"
109880,"[17941, 31512, 98909, 63475, 79442, 88973, 104550, 22047, 70657, 98733]"
109881,"[42736, 71813, 32806, 66424, 105936, 93669, 6963, 11836, 64236, 23510]"
109882,"[48912, 10713, 98211, 95370, 99741, 53832, 100443, 85060, 63005, 23645]"
109883,"[33277, 14815, 74755, 107224, 109640, 38495, 61006, 65524, 49608, 82699]"
109884,"[64283, 56149, 86834, 3449, 91275, 109007, 28992, 55573, 102949, 42113]"
109885,"[107392, 79616, 96783, 92788, 65397, 4660, 49343, 61869, 65799, 50808]"
109886,"[108718, 102280, 63226, 73540, 10025, 69491, 107979, 97149, 50144, 36478]"
109887,"[17595, 23133, 74052, 51223, 100829, 75411, 41186, 8207, 28307, 90179]"
109888,"[34660, 65565, 47624, 96959, 34786, 97888, 55693, 94019, 33150, 14164]"
109889,"[40889, 100291, 102214, 22270, 44852, 28659, 69634, 62325, 90128, 53675]"
109890,"[36181, 51529, 93462, 43660, 90206, 103285, 35359, 55971, 56955, 22916]"
109891,"[65506, 10125, 73771, 68477, 39436, 3731, 70626, 30474, 99876, 45719]"
109892,"[66978, 68262, 94250, 81782, 13990, 65143, 96496, 52445, 469, 82221]"
109893,"[55356, 77129, 95066, 82288, 1839, 32343, 107355, 27325, 17489, 70678]"
109894,"[8713, 106701, 30267, 69851, 59035, 31438, 39970, 78480, 59643, 5315]"
109895,"[107330, 18225, 65929, 104559, 3956, 96502, 35093, 28876, 89678, 11146]"
109896,"[86043, 60732, 94682, 109006, 85790, 15110, 94192, 75249, 40763, 45522]"
109897,"[45705, 12023, 24246, 96801, 11907, 86288, 76691, 50860, 79921, 47669]"
109898,"[22283, 49705, 40476, 10946, 43364, 85331, 55614, 21174, 76798, 30287]"
109899,"[76736, 53668, 23544, 4967, 74108, 68157, 41186, 44262, 79262, 7495]"
109900,"[31645, 69916, 96899, 16163, 6246, 63938, 108778, 20893, 10024, 89242]"
109901,"[1817, 98576, 23983, 57870, 62125, 27307, 21415, 74951, 96119, 76449]"
109902,"[7883, 37832, 40637, 53149, 42883, 43857, 86735, 101152, 75004, 60649]"
109903,"[37828, 33985, 93447, 17432, 109383, 79486, 35937, 48344, 26247, 70582]"
109904,"[55390, 62093, 89174, 36496, 57900, 40413, 62955, 11887, 85134, 100775]"
109905,"[50524, 61702, 99818, 65806, 83587, 50889, 82314, 68320, 95290, 31250]"
109906,"[91130, 76249, 78245, 59280, 51050, 16563, 14466, 63953, 54002, 22029]"
109907,"[64376, 102126, 88921, 96363, 106702, 18722, 3200, 95765, 52058, 105700]"
109908,"[1761, 17289, 10201, 89942, 26130, 81640, 84618, 93320, 72302, 1114]"
109909,"[4735, 22193, 39644, 21468, 14023, 3522, 70989, 30727, 64989, 85676]"
109910,"[22270, 102214, 103741, 37379, 44892, 44852, 86531, 90128, 53675, 29375]"
109911,"[92170, 71331, 16465, 39949, 59281, 74105, 18828, 40449, 97474, 27427]"
109912,"[47038, 90373, 77968, 79526, 56197, 64486, 24794, 81308, 44862, 104686]"
109913,"[95384, 98947, 44513, 11150, 44232, 100001, 86022, 44731, 98826, 44514]"
109914,"[100220, 61230, 109116, 17, 65016, 31774, 6609, 74662, 23356, 64783]"
109915,"[101463, 68531, 37268, 109657, 21054, 22437, 24521, 90871, 33211, 31667]"
109916,"[93449, 87493, 93728, 60330, 90803, 97113, 19120, 79626, 96046, 13763]"
109917,"[39037, 8303, 75086, 85404, 85234, 2482, 68712, 18502, 40113, 30700]"
109918,"[89948, 98419, 24080, 94563, 43256, 67693, 30319, 109574, 36303, 26868]"
109919,"[108310, 13756, 4578, 30788, 53613, 102666, 69524, 4823, 19507, 45899]"
109920,"[105597, 71074, 106050, 64153, 99111, 101386, 15981, 107399, 34392, 72728]"
109921,"[90295, 27148, 23228, 43923, 45324, 105851, 31378, 44771, 37263, 20105]"
109922,"[98992, 99749, 70896, 106967, 103269, 33791, 107846, 11910, 58490, 69894]"
109923,"[56767, 45879, 79912, 60361, 84940, 36016, 19823, 21999, 23887, 96252]"
109924,"[58758, 61749, 2639, 92548, 91710, 36761, 15746, 104979, 49657, 18212]"
109925,"[51821, 106381, 71199, 60383, 37271, 58713, 98627, 21576, 57438, 50565]"
109926,"[14975, 16461, 14305, 40491, 62706, 72576, 20285, 59, 43830, 75191]"
109927,"[103098, 109497, 56948, 20825, 78053, 67455, 95566, 88213, 52726, 5694]"
109928,"[59806, 95293, 64707, 61002, 78892, 96134, 16756, 42121, 80853, 72748]"
109929,"[34026, 87958, 51679, 56397, 32644, 23779, 4367, 7890, 37367, 88288]"
109930,"[5064, 104755, 41300, 34065, 21645, 81801, 107947, 70902, 36360, 88578]"
109931,"[4859, 3657, 66081, 107325, 86168, 38808, 75909, 20754, 97731, 50179]"
109932,"[33108, 94869, 97716, 17147, 53310, 101028, 66007, 53481, 78725, 55830]"
109933,"[76618, 16151, 4663, 32692, 95501, 85953, 11459, 67344, 28626, 88539]"
109934,"[66508, 105618, 72319, 12076, 70034, 13138, 76148, 48351, 58328, 51732]"
109935,"[16278, 88043, 70730, 28441, 81749, 59303, 13753, 42526, 63464, 18461]"
109936,"[38382, 71708, 41714, 53393, 2966, 21433, 27911, 109356, 102570, 55352]"
109937,"[102189, 41012, 86921, 63681, 89827, 33585, 56687, 79125, 5346, 15186]"
109938,"[31192, 24158, 34323, 65931, 74241, 53263, 40939, 97171, 55721, 73569]"
109939,"[72611, 67290, 5141, 88354, 99631, 11306, 66362, 101940, 42095, 51947]"
109940,"[23847, 12854, 68351, 2170, 95510, 20378, 70402, 68513, 106572, 93887]"
109941,"[29048, 2391, 102064, 54275, 56891, 67280, 103138, 16215, 67552, 83385]"
109942,"[102300, 71894, 49768, 29257, 9775, 38860, 18963, 66908, 2280, 102522]"
109943,"[97368, 35005, 105162, 98165, 72349, 76343, 9158, 13943, 69150, 66497]"
109944,"[72240, 77855, 106002, 24540, 1014, 96976, 27315, 49091, 95265, 63381]"
109945,"[102899, 74591, 89498, 24146, 107538, 49330, 15644, 61234, 12517, 23365]"
109946,"[40290, 23847, 2715, 87448, 96660, 105646, 97492, 82455, 102684, 26289]"
109947,"[59666, 109238, 106617, 33497, 12517, 47109, 77485, 108874, 85267, 35378]"
109948,"[45989, 5223, 72457, 62042, 79010, 79844, 39906, 52367, 104958, 60523]"
109949,"[104247, 2493, 11246, 64975, 23632, 68748, 58940, 109437, 19366, 61396]"
109950,"[15206, 8095, 2977, 76584, 66071, 50732, 41023, 79869, 59390, 40964]"
109951,"[22486, 95451, 9826, 104807, 37469, 32346, 86930, 42062, 73017, 31061]"
109952,"[52983, 84515, 53099, 40879, 61189, 15513, 35182, 6303, 74617, 32030]"
109953,"[12512, 78643, 80526, 83675, 47421, 14298, 50976, 3962, 77875, 109725]"
109954,"[57481, 42599, 98515, 72357, 19052, 91017, 47962, 102065, 66901, 78863]"
109955,"[34392, 99373, 34183, 33950, 106050, 6993, 32180, 107399, 14431, 35628]"
109956,"[10849, 44956, 11618, 62089, 102253, 97322, 10069, 53329, 107938, 53435]"
109957,"[101380, 21768, 61950, 67607, 82470, 39453, 22018, 23643, 72625, 9617]"
109958,"[8959, 7931, 24595, 53381, 100203, 108643, 41138, 105977, 69177, 39759]"
109959,"[70799, 46319, 12041, 105995, 70259, 8150, 100960, 23187, 73791, 26596]"
109960,"[25351, 98039, 87099, 66234, 14588, 4453, 76508, 9760, 52274, 30517]"
109961,"[12308, 15305, 95715, 20984, 91112, 34170, 81669, 27490, 56385, 98620]"
109962,"[83626, 94, 44476, 51828, 75107, 26349, 103277, 93923, 70102, 10409]"
109963,"[29997, 71966, 79060, 26907, 5723, 5976, 47135, 87658, 63170, 13436]"
109964,"[26245, 87147, 36686, 96884, 38392, 68685, 66579, 104499, 95721, 82224]"
109965,"[100307, 38823, 14085, 67928, 18176, 81683, 85668, 31067, 106851, 15787]"
109966,"[79448, 12536, 13409, 3378, 97499, 50805, 19383, 30100, 41981, 22843]"
109967,"[19006, 93369, 88610, 29754, 90773, 93834, 99070, 14747, 14255, 2146]"
109968,"[26561, 92838, 68163, 27792, 69997, 31844, 96514, 42506, 26646, 39597]"
109969,"[100006, 56611, 99529, 65895, 44908, 84923, 108284, 77535, 32551, 62310]"
109970,"[106680, 12039, 36148, 45296, 93976, 60759, 2707, 66033, 77485, 22857]"
109971,"[66418, 29490, 99450, 49734, 18352, 53192, 72185, 21018, 108912, 15408]"
109972,"[9477, 82388, 31605, 9209, 54933, 43574, 81815, 35316, 83373, 74626]"
109973,"[26439, 51936, 105162, 76343, 22276, 16387, 66497, 65599, 12825, 20289]"
109974,"[78682, 9580, 2615, 71952, 46604, 21594, 90046, 39568, 109459, 12844]"
109975,"[36500, 18016, 57443, 108825, 55798, 97969, 33466, 46939, 10460, 3365]"
109976,"[75223, 20025, 21602, 63272, 104781, 98720, 64925, 32974, 6566, 38945]"
109977,"[6726, 100440, 47928, 63748, 91633, 54967, 72302, 69230, 88646, 7170]"
109978,"[34690, 37034, 17162, 57994, 39922, 35396, 48281, 69524, 15054, 28807]"
109979,"[29620, 41297, 90121, 81414, 104658, 38406, 73385, 34388, 95553, 54091]"
109980,"[73279, 96285, 88749, 1885, 50554, 81228, 100977, 105099, 18226, 17645]"
109981,"[38588, 90350, 61288, 33090, 77844, 57889, 95445, 15532, 8636, 49414]"
109982,"[48776, 42716, 8046, 68505, 105896, 19320, 72568, 65266, 25235, 5099]"
109983,"[39319, 59727, 61347, 97520, 93022, 92260, 39820, 31788, 66231, 33519]"
109984,"[62373, 4046, 89903, 60396, 32324, 49227, 107033, 98019, 25359, 106417]"
109985,"[28745, 7306, 12432, 1513, 100051, 97514, 63215, 105720, 102850, 73767]"
109986,"[12700, 45977, 55500, 35197, 56789, 83055, 78665, 20602, 26554, 47781]"
109987,"[64119, 33559, 13321, 43241, 20076, 40389, 18591, 31533, 554, 99410]"
109988,"[24612, 68107, 43547, 3372, 48861, 100919, 59446, 13837, 78621, 67804]"
109989,"[58309, 7785, 78817, 61952, 82489, 13208, 78115, 86531, 8885, 106630]"
109990,"[21367, 85833, 9743, 48512, 67551, 99431, 91864, 51221, 4232, 8750]"
109991,"[48676, 90006, 40979, 34688, 29419, 71541, 8946, 3199, 68654, 624]"
109992,"[25922, 87619, 9558, 50482, 23489, 64875, 55363, 41630, 86805, 32793]"
109993,"[73818, 80894, 72272, 75788, 57823, 13534, 75444, 17839, 84525, 26894]"
109994,"[101876, 94494, 61983, 57219, 89244, 8808, 89584, 12073, 63535, 1319]"
109995,"[32508, 35396, 65693, 15086, 53157, 94189, 69722, 48757, 72534, 47600]"
109996,"[33970, 30898, 29950, 31376, 37752, 64983, 43637, 93072, 3872, 20520]"
109997,"[27766, 50671, 87575, 25866, 52986, 80556, 17704, 67758, 72929, 64325]"
109998,"[27094, 96146, 81664, 71231, 2384, 18341, 36448, 49854, 73823, 19846]"
109999,"[24790, 54349, 25115, 31535, 44480, 52894, 2015, 38326, 6327, 33985]"
110000,"[46832, 19554, 53559, 8576, 53580, 72380, 78342, 93210, 5958, 14133]"
110001,"[72647, 39066, 44041, 3694, 37581, 67250, 100903, 24520, 19042, 60044]"
110002,"[46922, 55165, 55217, 80065, 35097, 74228, 30085, 81916, 74745, 19982]"
110003,"[100557, 56448, 86572, 45382, 20565, 90762, 66507, 29760, 96545, 14903]"
110004,"[43494, 31913, 902, 26952, 30901, 79577, 90088, 12143, 85504, 38559]"
110005,"[103362, 93535, 44119, 57109, 82522, 2114, 9085, 2268, 78011, 56247]"
110006,"[65878, 94062, 79543, 31124, 34097, 39455, 30174, 104930, 10452, 69593]"
110007,"[68043, 82717, 1780, 4000, 61490, 97891, 11159, 35751, 73274, 56164]"
110008,"[42386, 84579, 64242, 82409, 38421, 44150, 45727, 64101, 35741, 104916]"
110009,"[21888, 68625, 19766, 61290, 44906, 58317, 67356, 1586, 31495, 42985]"
110010,"[7152, 9827, 42621, 42620, 54069, 69577, 21361, 68115, 67871, 57442]"
110011,"[30910, 38793, 37259, 14129, 20380, 20857, 74813, 47642, 100682, 88400]"
110012,"[22402, 93424, 30442, 105395, 89340, 38999, 30478, 48269, 62796, 104341]"
110013,"[8656, 101701, 96344, 46024, 42872, 107437, 41757, 40880, 33494, 33506]"
110014,"[15931, 32116, 23818, 43875, 49280, 9036, 26378, 2579, 68626, 96667]"
110015,"[25200, 50128, 67421, 34798, 81579, 37537, 30516, 35576, 32273, 76716]"
110016,"[94326, 66216, 69731, 74911, 102938, 24392, 72772, 43449, 22460, 77920]"
110017,"[24153, 98328, 84614, 64357, 73398, 88398, 18486, 70826, 92439, 1122]"
110018,"[19640, 69421, 46343, 14147, 106768, 91719, 50801, 60947, 32709, 27034]"
110019,"[77939, 95988, 38611, 99578, 89745, 104997, 34254, 65478, 105758, 88023]"
110020,"[59330, 11282, 89496, 23951, 86318, 104829, 47019, 90088, 12143, 109391]"
110021,"[77577, 13647, 34246, 79276, 98888, 89876, 63935, 13804, 40491, 13064]"
110022,"[82354, 103525, 85993, 101567, 78169, 818, 7631, 100176, 104983, 61300]"
110023,"[52970, 28865, 60820, 20402, 11430, 100372, 29416, 80962, 94439, 54169]"
110024,"[2447, 7850, 9213, 54956, 22153, 67756, 73394, 60670, 827, 66866]"
110025,"[39315, 10272, 33821, 97298, 75945, 38010, 52226, 3651, 31578, 47247]"
110026,"[49831, 37840, 69236, 45846, 71486, 74297, 29420, 32243, 80163, 51860]"
110027,"[24398, 43487, 83951, 64898, 58698, 51433, 19344, 860, 53223, 73110]"
110028,"[14415, 39878, 13586, 5207, 3302, 100843, 92098, 58868, 13112, 109006]"
110029,"[11320, 82980, 68310, 41565, 40316, 61010, 30379, 105454, 98003, 96116]"
110030,"[51820, 42498, 62090, 45649, 45899, 32804, 2804, 53157, 97739, 2446]"
110031,"[60190, 74039, 4556, 33710, 3049, 105678, 70270, 75690, 14835, 77157]"
110032,"[58794, 18413, 93200, 56034, 92822, 24076, 73371, 93961, 68400, 49362]"
110033,"[39048, 88606, 87973, 42623, 67642, 44371, 52671, 83655, 30279, 67150]"
110034,"[47364, 1211, 98157, 32201, 64398, 62391, 8516, 61904, 69715, 20733]"
110035,"[20548, 42190, 61482, 85407, 66798, 5137, 26426, 50321, 76156, 40920]"
110036,"[59005, 54841, 73276, 50110, 47176, 19182, 65261, 54328, 24052, 64341]"
110037,"[46498, 50377, 101339, 25331, 104389, 70843, 66151, 13707, 28666, 38637]"
110038,"[108590, 28223, 91609, 30762, 102367, 65540, 20531, 23289, 55165, 104197]"
110039,"[68847, 101897, 31386, 107985, 80549, 98926, 90667, 46206, 18134, 59620]"
110040,"[92916, 24448, 91645, 76754, 46194, 30844, 5639, 45894, 11984, 70837]"
110041,"[35573, 17008, 81934, 65770, 70687, 100744, 6549, 34030, 10982, 89699]"
110042,"[60839, 67899, 101002, 37981, 68715, 108421, 78403, 7419, 59652, 5983]"
110043,"[36498, 28641, 104364, 92151, 91430, 3556, 14997, 81774, 72404, 64067]"
110044,"[30493, 16175, 17492, 29390, 85410, 17181, 29945, 3666, 77412, 79245]"
110045,"[21387, 58501, 22106, 19517, 26328, 80403, 54486, 69006, 79144, 91025]"
110046,"[104890, 24395, 18751, 56929, 15141, 15105, 3052, 87278, 50859, 13044]"
110047,"[66816, 94538, 40076, 98416, 10852, 32158, 61933, 7037, 73762, 86477]"
110048,"[48532, 85683, 61310, 70748, 21246, 62856, 4907, 83559, 108431, 41212]"
110049,"[30541, 61051, 39731, 16668, 104225, 11962, 58030, 74086, 36742, 41880]"
110050,"[60967, 69092, 43775, 69216, 53627, 39353, 39272, 84809, 87605, 91012]"
110051,"[4220, 54886, 49842, 27731, 61574, 28025, 83803, 92654, 102540, 67052]"
110052,"[26023, 43400, 14267, 33562, 14748, 94255, 108780, 105281, 109249, 41303]"
110053,"[16977, 23793, 84442, 27270, 33664, 22674, 14435, 107465, 97250, 86729]"
110054,"[73114, 44711, 76379, 58967, 36838, 29256, 91547, 97138, 4485, 18091]"
110055,"[20462, 77852, 90530, 70286, 15442, 52945, 57693, 72332, 45684, 87638]"
110056,"[44742, 26951, 20795, 53432, 64799, 20023, 77895, 68332, 76159, 101666]"
110057,"[101953, 19873, 55052, 105195, 43400, 102578, 12964, 33070, 36631, 14828]"
110058,"[47075, 93773, 43795, 28879, 106188, 33594, 77150, 57874, 68269, 24414]"
110059,"[25191, 24405, 58303, 67180, 99891, 73670, 77589, 81854, 80443, 23700]"
110060,"[90541, 2399, 34677, 2577, 33091, 107945, 57075, 64277, 76582, 14259]"
110061,"[56067, 40435, 21274, 27951, 10001, 31375, 94138, 91644, 52155, 89052]"
110062,"[23898, 54167, 101378, 107888, 76014, 109420, 94796, 43308, 29408, 74015]"
110063,"[46791, 20272, 60540, 31997, 13643, 107424, 28766, 38175, 12253, 18063]"
110064,"[39033, 14508, 28876, 98163, 3700, 15295, 78465, 83739, 96206, 6811]"
110065,"[97561, 43157, 83190, 87873, 73133, 8242, 20386, 68393, 58702, 40232]"
110066,"[106075, 1605, 23687, 77041, 93756, 98582, 36024, 16322, 54937, 41782]"
110067,"[12624, 69882, 36814, 15261, 12800, 690, 92865, 28738, 12567, 92497]"
110068,"[49402, 7505, 94086, 91829, 102640, 12600, 79047, 86669, 55273, 66399]"
110069,"[2091, 22279, 18685, 65457, 98845, 43358, 84374, 42727, 23933, 24719]"
110070,"[9476, 21632, 42237, 59647, 88111, 93676, 69907, 106839, 20676, 108350]"
110071,"[27970, 17615, 30809, 21508, 98243, 21961, 58966, 63593, 44833, 34791]"
110072,"[1662, 58449, 1878, 109533, 40755, 71421, 76395, 57354, 2345, 34884]"
110073,"[104036, 69867, 27369, 63100, 42960, 73023, 41735, 10544, 56406, 93764]"
110074,"[70988, 102844, 69449, 30584, 62409, 20254, 79396, 56057, 56845, 49104]"
110075,"[52519, 67161, 24939, 30436, 32242, 50828, 62990, 268, 86201, 25742]"
110076,"[1770, 2083, 43422, 64994, 47344, 29650, 21296, 13571, 31714, 73353]"
110077,"[87033, 23484, 15793, 21005, 36362, 63312, 62583, 54118, 53911, 40609]"
110078,"[68168, 49915, 103147, 20734, 42397, 61488, 66937, 38514, 44171, 48302]"
110079,"[11145, 82026, 51132, 20000, 101481, 10398, 88770, 37980, 107224, 109640]"
110080,"[91016, 26200, 100946, 24986, 98043, 94546, 83020, 60830, 70969, 53789]"
110081,"[106632, 88744, 79874, 62934, 61716, 67422, 97760, 21284, 5527, 20326]"
110082,"[1991, 64987, 73699, 108125, 37306, 93102, 43169, 11798, 5395, 56539]"
110083,"[61642, 37643, 63312, 1084, 101185, 54543, 67058, 50909, 27067, 79670]"
110084,"[44701, 50453, 49304, 42162, 93011, 91414, 91636, 56410, 22548, 80368]"
110085,"[101535, 85002, 91372, 49389, 2464, 84577, 20193, 24672, 55547, 9300]"
110086,"[35979, 100368, 59698, 97493, 74661, 58533, 38980, 72201, 77978, 16600]"
110087,"[105674, 97262, 74617, 23518, 94471, 15513, 69823, 37628, 51480, 52983]"
110088,"[68010, 12397, 33542, 50889, 20693, 54801, 99818, 75104, 63193, 59436]"
110089,"[72103, 69390, 79012, 108753, 84289, 84860, 73293, 84546, 80706, 103441]"
110090,"[18035, 61603, 61732, 73672, 98432, 89965, 34018, 86976, 69584, 99]"
110091,"[63886, 91169, 56831, 93821, 9932, 2785, 46037, 42841, 65228, 100038]"
110092,"[72216, 17758, 44916, 29922, 103630, 1058, 8804, 72410, 5549, 38882]"
110093,"[33499, 62612, 22310, 104249, 55429, 37282, 6748, 60916, 75554, 2891]"
110094,"[23045, 49340, 80396, 105080, 66908, 107788, 106100, 71027, 24791, 79344]"
110095,"[10180, 38267, 103799, 97461, 12328, 96446, 90918, 69663, 35352, 20089]"
110096,"[70735, 84817, 15191, 89424, 95867, 6561, 96489, 102226, 101761, 9996]"
110097,"[88386, 22871, 85049, 92244, 103923, 37354, 75579, 34121, 84193, 61812]"
110098,"[86697, 15331, 41612, 79193, 12979, 3478, 57286, 71534, 24133, 46494]"
110099,"[73539, 86661, 88004, 46734, 96912, 7176, 97125, 17352, 83428, 17642]"
110100,"[79490, 20567, 99903, 12081, 63621, 38275, 60749, 98584, 87681, 50028]"
110101,"[26661, 8461, 47183, 90702, 177, 26639, 28134, 74012, 105701, 51337]"
110102,"[59302, 87439, 76044, 34916, 7317, 2375, 90473, 51360, 107415, 22636]"
110103,"[35406, 8676, 85253, 26296, 80289, 19591, 9658, 30770, 49588, 77574]"
110104,"[102397, 375, 100111, 62682, 22305, 3112, 46905, 106934, 18885, 15540]"
110105,"[82643, 66578, 50425, 4067, 4096, 19148, 87193, 108925, 41991, 102837]"
110106,"[106780, 24913, 69325, 84520, 21685, 65141, 6764, 74705, 68554, 87367]"
110107,"[101466, 32394, 17042, 85700, 33103, 78926, 87281, 108626, 30378, 38268]"
110108,"[35810, 106130, 103872, 72174, 92257, 46199, 93486, 86331, 22845, 50751]"
110109,"[44669, 28714, 96719, 80753, 107654, 64878, 105733, 67210, 43235, 75412]"
110110,"[54477, 44807, 65269, 48260, 21143, 24271, 42729, 17210, 86718, 30749]"
110111,"[24539, 66679, 14181, 85004, 8934, 34279, 26911, 66178, 76712, 3370]"
110112,"[8426, 1385, 653, 82263, 69813, 43611, 17971, 12074, 79364, 19355]"
110113,"[10864, 75183, 89680, 40360, 103900, 36494, 36794, 59999, 50486, 100876]"
110114,"[8449, 98741, 107131, 98187, 21189, 40495, 12830, 49900, 56344, 1012]"
110115,"[18039, 96402, 6705, 105966, 73444, 83149, 29915, 53942, 79371, 97450]"
110116,"[27761, 8818, 4766, 7968, 100512, 57967, 47526, 93343, 106192, 72472]"
110117,"[36192, 49368, 97924, 26756, 59774, 16245, 107386, 17166, 34679, 21631]"
110118,"[11743, 54562, 52389, 85454, 32908, 22216, 30929, 16873, 61782, 78936]"
110119,"[24356, 100553, 98110, 32874, 80603, 54151, 66843, 38737, 39494, 40824]"
110120,"[52623, 57467, 54483, 4851, 53678, 83945, 53191, 92624, 108756, 63947]"
110121,"[105951, 69317, 22053, 38925, 35519, 2332, 51471, 105880, 34939, 28054]"
110122,"[35260, 76379, 44711, 87857, 55467, 14141, 73114, 36838, 2263, 32225]"
110123,"[50746, 86093, 70879, 105987, 6317, 107531, 14297, 103239, 22854, 46181]"
110124,"[38774, 99977, 13963, 64250, 62609, 94007, 13659, 85884, 46991, 18452]"
110125,"[94793, 89848, 9344, 19074, 15738, 52051, 55809, 96051, 11081, 19141]"
110126,"[51194, 65310, 56355, 88685, 31251, 99068, 42395, 69447, 23570, 23178]"
110127,"[103213, 34672, 24561, 35558, 72418, 89979, 66058, 56791, 103571, 24686]"
110128,"[67927, 7395, 64138, 4663, 25472, 60269, 82542, 7933, 14889, 28740]"
110129,"[66412, 33903, 90151, 35634, 67308, 28349, 26662, 82253, 17165, 54785]"
110130,"[36503, 73323, 42200, 17761, 59455, 29954, 45890, 58865, 11109, 94694]"
110131,"[47951, 41082, 30183, 28671, 88523, 68486, 55642, 42888, 88363, 10407]"
110132,"[79407, 77670, 48815, 15076, 73066, 63075, 34993, 32247, 85822, 41376]"
110133,"[34954, 100920, 24918, 28026, 89953, 63071, 87648, 23915, 13668, 93409]"
110134,"[97446, 85035, 61364, 65924, 2155, 86418, 38811, 20290, 11814, 7489]"
110135,"[45337, 61778, 106550, 89479, 1629, 29937, 102967, 72968, 27294, 36439]"
110136,"[19488, 37486, 10307, 63294, 96584, 62013, 90464, 64430, 26589, 11754]"
110137,"[31733, 13626, 28708, 106838, 67752, 17715, 17003, 31114, 43491, 47949]"
110138,"[54914, 65625, 43196, 12119, 62141, 24410, 53369, 4818, 70943, 89060]"
110139,"[36710, 98655, 41384, 107325, 58859, 61808, 79393, 26499, 46228, 75105]"
110140,"[13790, 104565, 45286, 6838, 25803, 737, 72957, 16760, 63511, 13075]"
110141,"[76990, 30884, 8071, 107843, 65823, 5719, 49662, 11302, 37187, 33163]"
110142,"[84860, 101943, 97844, 102384, 36859, 82292, 89303, 73801, 26037, 27601]"
110143,"[105262, 34687, 34845, 87306, 85965, 7758, 82898, 70341, 57753, 101147]"
110144,"[38552, 58693, 35681, 83973, 25464, 27319, 19537, 71206, 69420, 22705]"
110145,"[16434, 28733, 54576, 107362, 71957, 18500, 26070, 41333, 3929, 91374]"
110146,"[83230, 26330, 9118, 66172, 53423, 99180, 33567, 99808, 32093, 97345]"
110147,"[62766, 89222, 104834, 73343, 8825, 65210, 91802, 92754, 34257, 30952]"
110148,"[44948, 38190, 42843, 28378, 55160, 94882, 81836, 43158, 78628, 61251]"
110149,"[30593, 28403, 88576, 76579, 43638, 57954, 63532, 74000, 107548, 93294]"
110150,"[18412, 62076, 94594, 25717, 96658, 60501, 48431, 13626, 17715, 64990]"
110151,"[57258, 11174, 73641, 40876, 75056, 18850, 108609, 70087, 31399, 60032]"
110152,"[56332, 86771, 61014, 68787, 26320, 38692, 26504, 8175, 92094, 54754]"
110153,"[42790, 81307, 89929, 83069, 56950, 1523, 56107, 77258, 78091, 95549]"
110154,"[15144, 53612, 89429, 2329, 94018, 17555, 39731, 104649, 24897, 6774]"
110155,"[106532, 80535, 44840, 108810, 104108, 86190, 96259, 87334, 19185, 94788]"
110156,"[56066, 54396, 88441, 96264, 4571, 2747, 24397, 59487, 78380, 74070]"
110157,"[26443, 30207, 46588, 42321, 92037, 40332, 57557, 15762, 10470, 51923]"
110158,"[104866, 5258, 85008, 61138, 33765, 32889, 26119, 20770, 3598, 103079]"
110159,"[524, 60598, 26205, 30497, 107853, 59200, 70505, 38777, 33680, 52145]"
110160,"[14638, 6399, 93229, 61080, 1025, 61970, 3634, 72165, 86815, 63184]"
110161,"[57505, 34699, 55211, 39477, 98650, 80690, 17119, 59811, 94470, 36813]"
110162,"[101166, 105623, 85593, 106697, 70166, 63822, 68908, 3343, 96078, 10130]"
110163,"[29309, 109647, 96858, 15914, 34275, 81399, 43938, 42777, 79957, 26261]"
110164,"[14384, 94053, 48530, 29574, 86174, 104098, 109365, 22258, 73867, 7977]"
110165,"[57356, 41245, 98943, 57551, 37931, 27705, 984, 48037, 41325, 25669]"
110166,"[20202, 12100, 72159, 55089, 21344, 2398, 29710, 5896, 61838, 37242]"
110167,"[80352, 46137, 39237, 51566, 10306, 107583, 46824, 4433, 62581, 64539]"
110168,"[58500, 37019, 94517, 91685, 48208, 96084, 33842, 76474, 45107, 60233]"
110169,"[49907, 76621, 27916, 39297, 78023, 88736, 21187, 169, 77949, 99246]"
110170,"[57835, 67494, 43076, 107619, 27085, 94698, 3350, 5553, 7669, 82907]"
110171,"[105912, 79708, 36675, 100411, 67094, 44751, 82541, 57135, 68758, 29544]"
110172,"[105751, 7465, 60631, 94405, 6989, 72008, 52515, 65259, 56252, 81699]"
110173,"[39309, 73599, 50884, 76961, 53897, 91616, 17252, 3798, 76313, 94155]"
110174,"[36383, 93914, 79426, 1449, 56083, 42972, 73347, 83942, 52728, 82548]"
110175,"[29371, 41220, 48600, 108580, 50952, 36553, 83060, 36883, 69333, 5811]"
110176,"[40919, 98052, 28173, 40567, 89917, 71560, 80709, 33158, 104389, 101339]"
110177,"[105615, 14809, 79189, 47339, 90516, 2798, 107278, 57669, 94981, 18257]"
110178,"[90095, 66856, 48406, 78698, 52789, 48286, 25265, 92477, 68001, 79206]"
110179,"[51362, 6428, 80034, 75799, 87545, 6267, 20991, 36232, 6257, 34156]"
110180,"[97407, 68689, 13636, 13459, 107597, 14029, 64033, 37112, 103218, 73946]"
110181,"[10913, 12935, 103730, 75521, 77283, 83534, 36148, 70577, 38289, 77329]"
110182,"[46047, 19191, 97348, 34600, 2091, 42727, 45379, 64174, 14286, 75215]"
110183,"[17752, 108686, 10620, 81524, 453, 80211, 80245, 51807, 33395, 76446]"
110184,"[33815, 60485, 80292, 34973, 52911, 14175, 58769, 72792, 78880, 21652]"
110185,"[31944, 2011, 17601, 70870, 13331, 34239, 29841, 38538, 90947, 19574]"
110186,"[73592, 71528, 84784, 79745, 44870, 89434, 17696, 78285, 24858, 47241]"
110187,"[99436, 35537, 6733, 45763, 7918, 84913, 62014, 95339, 63403, 11395]"
110188,"[46182, 78922, 94803, 108965, 9503, 30892, 66941, 32797, 6781, 32914]"
110189,"[85179, 69473, 22350, 55177, 103801, 98671, 68020, 10256, 17182, 14198]"
110190,"[37617, 13347, 24349, 77688, 48321, 21324, 53790, 59892, 106014, 41480]"
110191,"[92640, 62819, 18525, 14995, 105086, 24407, 2452, 43985, 13989, 5772]"
110192,"[4161, 53486, 44764, 78505, 62521, 17247, 65632, 107035, 49146, 3827]"
110193,"[11675, 4418, 1093, 95945, 63390, 59590, 105721, 48832, 92474, 34754]"
110194,"[70721, 27182, 24902, 67902, 55102, 28995, 69810, 45520, 68188, 7938]"
110195,"[87147, 63482, 98286, 18708, 2882, 38481, 88399, 76641, 55272, 24179]"
110196,"[101803, 54175, 50286, 55372, 74686, 50174, 32409, 6576, 58839, 72125]"
110197,"[81468, 53316, 88364, 32713, 70078, 10044, 70549, 81127, 13855, 48990]"
110198,"[54574, 461, 79074, 9488, 98962, 86486, 39124, 28718, 47992, 94597]"
110199,"[84712, 1204, 47045, 20789, 71349, 102996, 97409, 105145, 45084, 46582]"
110200,"[80895, 26035, 109354, 94777, 76765, 71500, 1235, 44734, 109244, 103253]"
110201,"[107104, 69696, 40871, 39354, 106363, 85114, 69490, 67141, 44052, 48307]"
110202,"[43057, 35778, 78388, 11994, 15103, 109183, 83981, 1183, 7779, 1475]"
110203,"[57170, 9244, 69663, 35352, 25303, 7222, 73838, 92601, 97735, 8811]"
110204,"[66314, 30975, 95212, 28294, 62670, 41658, 39346, 17608, 107370, 106470]"
110205,"[100716, 64382, 64034, 67957, 78372, 86164, 12865, 48311, 22204, 7087]"
110206,"[79368, 97549, 47486, 69689, 41183, 94761, 65302, 64777, 41922, 57464]"
110207,"[30206, 72502, 77187, 74864, 18469, 57941, 105781, 17373, 60275, 37841]"
110208,"[24060, 49750, 22609, 45613, 82847, 7782, 7658, 109260, 37762, 90155]"
110209,"[50150, 25769, 87804, 86446, 1722, 23514, 85393, 58972, 25856, 43029]"
110210,"[98293, 43964, 7682, 34027, 28378, 92191, 24548, 19635, 16519, 43941]"
110211,"[63801, 95441, 25372, 24582, 73380, 99090, 56929, 6462, 104910, 11633]"
110212,"[94019, 14164, 57316, 55693, 34660, 46227, 88682, 34786, 96959, 61471]"
110213,"[3304, 21723, 32845, 25826, 31995, 47198, 54955, 42243, 35768, 81679]"
110214,"[106589, 70530, 98156, 91989, 16644, 109679, 13030, 26899, 55734, 35275]"
110215,"[78532, 94830, 6497, 49607, 11789, 42855, 57610, 88705, 40629, 67037]"
110216,"[90834, 62730, 99542, 87695, 50546, 4740, 37923, 83381, 23450, 46528]"
110217,"[85174, 69583, 28497, 100361, 81447, 90925, 10089, 55276, 100332, 2557]"
110218,"[38760, 86717, 80701, 96892, 7999, 13854, 94426, 73105, 52814, 50522]"
110219,"[12640, 18882, 3056, 56844, 69347, 82275, 86775, 95152, 8335, 823]"
110220,"[99979, 15949, 71587, 74699, 53827, 49916, 19743, 3376, 8425, 20178]"
110221,"[109194, 55148, 105032, 109189, 58096, 26066, 90778, 95319, 36975, 69730]"
110222,"[48024, 88095, 108824, 29165, 101900, 94105, 59188, 74806, 101930, 66959]"
110223,"[12464, 79642, 94728, 15960, 63882, 79610, 25297, 55219, 54430, 19535]"
110224,"[46274, 32130, 3264, 83596, 42375, 71783, 30543, 65514, 16995, 90347]"
110225,"[98426, 42719, 13895, 34978, 28652, 5778, 14676, 2510, 44966, 4530]"
110226,"[2849, 45079, 2109, 49537, 52121, 72461, 41538, 46080, 46301, 14647]"
110227,"[22908, 79537, 36325, 75708, 102541, 26159, 104100, 67843, 80448, 67693]"
110228,"[32262, 57950, 21917, 61871, 18471, 67892, 72089, 47147, 42686, 92967]"
110229,"[70086, 18863, 7509, 3646, 100823, 34340, 16251, 102687, 33738, 32706]"
110230,"[86908, 97626, 35292, 9015, 105667, 63989, 100995, 105656, 54537, 52900]"
110231,"[57396, 18956, 33517, 28313, 26690, 70648, 94787, 108702, 103237, 33974]"
110232,"[12445, 6179, 108147, 98289, 55294, 90188, 97002, 26505, 18068, 3427]"
110233,"[58118, 98703, 81368, 55337, 8779, 77038, 81113, 53140, 31631, 45345]"
110234,"[4654, 102492, 57083, 73815, 68305, 89173, 52688, 39337, 105741, 76503]"
110235,"[37888, 16767, 92747, 42470, 97083, 11380, 56598, 1397, 26545, 46620]"
110236,"[37187, 5719, 56926, 36616, 104550, 19999, 29855, 8071, 49662, 10752]"
110237,"[36992, 42793, 16306, 21432, 19633, 13663, 73988, 78392, 71332, 93844]"
110238,"[16299, 48443, 17638, 6280, 25659, 20698, 34595, 58384, 59629, 59475]"
110239,"[96440, 106499, 96926, 43099, 56865, 23466, 37441, 17808, 13709, 104925]"
110240,"[34658, 4013, 43297, 107795, 80703, 92949, 51827, 12769, 107749, 47775]"
110241,"[76752, 39478, 87935, 84009, 32825, 13908, 82787, 9903, 13367, 49686]"
110242,"[41781, 11560, 69477, 37650, 11101, 99598, 85832, 8281, 84825, 98758]"
110243,"[13228, 24316, 86823, 68232, 21598, 65121, 102680, 65859, 99287, 87517]"
110244,"[81820, 3195, 61419, 76512, 19725, 71307, 64744, 36913, 107170, 27434]"
110245,"[47043, 61199, 42181, 92691, 58927, 74177, 23032, 65605, 21252, 68590]"
110246,"[57389, 67952, 96475, 72283, 73484, 20481, 90139, 104779, 20936, 88375]"
110247,"[62841, 91306, 54564, 32902, 86051, 19791, 23455, 48798, 30660, 5261]"
110248,"[53869, 98085, 105993, 60742, 47391, 4304, 28068, 99955, 9757, 40929]"
110249,"[100964, 40792, 8308, 9300, 9456, 29555, 20193, 94547, 4730, 41774]"
110250,"[30519, 17070, 1388, 98756, 1291, 59355, 1448, 93715, 67157, 79537]"
110251,"[9008, 57546, 102958, 37601, 79197, 103091, 34675, 85913, 100515, 30550]"
110252,"[49069, 100462, 28768, 8957, 34588, 52830, 7989, 33653, 40298, 106457]"
110253,"[80132, 82398, 9436, 26729, 44975, 27100, 23018, 65819, 29122, 21127]"
110254,"[95604, 95788, 61416, 79476, 25835, 40948, 64561, 86182, 38578, 8052]"
110255,"[83723, 41900, 38430, 86237, 19755, 95155, 20046, 22196, 19614, 78182]"
110256,"[88687, 95159, 106629, 105626, 104221, 47889, 83578, 712, 90381, 69596]"
110257,"[70665, 51639, 77749, 58449, 83204, 109533, 57354, 2345, 78159, 23559]"
110258,"[99364, 30882, 69454, 7655, 106153, 37145, 69182, 44487, 71385, 15916]"
110259,"[11074, 27065, 43488, 79515, 1480, 77182, 40938, 19778, 49028, 77941]"
110260,"[95436, 92423, 72722, 4644, 4093, 94042, 94048, 61490, 13819, 22258]"
110261,"[66881, 40799, 44161, 17462, 26943, 67894, 49818, 100353, 19909, 33713]"
110262,"[46245, 48970, 76371, 82144, 34231, 17013, 79097, 68973, 25339, 44550]"
110263,"[105199, 40705, 14278, 38380, 48569, 40436, 104979, 55014, 7497, 91179]"
110264,"[79038, 9074, 31638, 5220, 86053, 73486, 69898, 108553, 54476, 69576]"
110265,"[44942, 75895, 82461, 14, 13506, 52946, 6511, 91092, 56105, 60389]"
110266,"[94157, 90913, 61632, 47178, 97107, 59356, 19595, 85365, 55583, 50287]"
110267,"[66575, 81488, 74263, 51637, 17584, 69505, 77583, 12012, 36967, 63084]"
110268,"[82037, 30599, 7277, 15275, 21941, 85702, 62276, 37586, 29197, 51101]"
110269,"[14084, 99757, 7614, 46120, 108252, 13722, 3460, 2658, 45512, 90396]"
110270,"[86948, 101647, 22095, 6071, 31077, 8786, 92269, 69288, 69394, 74676]"
110271,"[23797, 76792, 10169, 21306, 49487, 95243, 49336, 73675, 11839, 77155]"
110272,"[20810, 104196, 104017, 94325, 43060, 69881, 87838, 91212, 100661, 28608]"
110273,"[77111, 16425, 6452, 62225, 26176, 24711, 36434, 22313, 72495, 50083]"
110274,"[21172, 80254, 85380, 29130, 56513, 3964, 5990, 80949, 32925, 49234]"
110275,"[6461, 71158, 29692, 42502, 89465, 23129, 15945, 19914, 91407, 62327]"
110276,"[95153, 45954, 100270, 15114, 15667, 6766, 16363, 60848, 45683, 28213]"
110277,"[35233, 101757, 81256, 34080, 2833, 74498, 23499, 48814, 92002, 83617]"
110278,"[15062, 58889, 30060, 50708, 51932, 45748, 107705, 100244, 73842, 33436]"
110279,"[8858, 358, 105986, 20569, 37284, 81942, 21402, 55506, 79847, 34998]"
110280,"[96358, 97821, 64432, 8188, 61032, 65004, 62323, 34155, 85228, 79858]"
110281,"[58558, 41471, 52873, 98316, 71112, 81905, 106451, 63763, 107476, 6310]"
110282,"[53688, 85671, 56727, 36615, 68440, 58053, 74907, 71799, 8159, 89537]"
110283,"[46216, 16391, 31416, 46253, 46414, 100284, 17696, 23128, 76861, 68343]"
110284,"[81691, 25248, 25502, 39674, 4646, 86449, 15076, 23762, 8863, 17187]"
110285,"[77918, 21516, 81694, 45022, 105071, 84319, 62046, 81595, 46203, 36022]"
110286,"[42010, 62642, 53822, 104051, 74961, 65224, 55600, 55051, 51121, 59243]"
110287,"[11907, 50605, 26390, 107427, 76783, 42092, 64048, 52189, 79921, 97418]"
110288,"[61824, 8630, 97265, 80993, 7014, 36910, 10223, 50742, 66232, 63952]"
110289,"[17632, 65056, 95551, 69445, 85519, 44055, 98989, 92460, 85958, 55221]"
110290,"[102437, 54931, 76306, 48107, 98932, 9691, 60982, 48488, 68419, 90690]"
110291,"[18003, 76405, 61518, 32026, 71687, 53499, 53613, 2804, 32804, 62090]"
110292,"[46120, 3460, 94704, 66658, 31170, 50177, 8776, 26979, 65805, 86235]"
110293,"[106309, 37689, 62947, 282, 87402, 40484, 10061, 5518, 69209, 91585]"
110294,"[85843, 34240, 106021, 106203, 16186, 47790, 11595, 106011, 45889, 38470]"
110295,"[529, 87729, 104758, 55411, 48260, 100463, 32290, 77671, 21637, 49465]"
110296,"[66363, 83034, 73053, 49549, 25749, 77513, 1209, 87921, 53054, 73126]"
110297,"[83713, 20562, 54060, 74806, 81551, 34338, 8275, 32044, 11885, 34619]"
110298,"[85584, 16575, 52752, 11373, 50821, 39601, 57977, 32900, 85369, 25102]"
110299,"[14342, 36775, 103936, 106924, 74197, 91430, 53513, 90330, 52940, 81786]"
110300,"[98162, 44666, 32301, 17637, 8493, 65972, 86419, 44176, 96988, 23953]"
110301,"[51245, 38499, 57681, 65628, 1623, 27359, 90338, 55103, 93860, 91489]"
110302,"[47823, 21357, 102710, 28888, 63863, 48441, 20962, 69584, 99, 105146]"
110303,"[21606, 86642, 86503, 30939, 68754, 46958, 8446, 11805, 28802, 108856]"
110304,"[83666, 12286, 40334, 103137, 64842, 45240, 57585, 107644, 56010, 6224]"
110305,"[19917, 11456, 98735, 79794, 40182, 95241, 99471, 1598, 62164, 65523]"
110306,"[56132, 19533, 26528, 95317, 78178, 104914, 7143, 87685, 22941, 78739]"
110307,"[75114, 73032, 7500, 57971, 94220, 76045, 56151, 103254, 92319, 51501]"
110308,"[57260, 55062, 66157, 71294, 91986, 92847, 57590, 95118, 47966, 89407]"
110309,"[92726, 40104, 87419, 2146, 5100, 57870, 89672, 96119, 65566, 76449]"
110310,"[29648, 28600, 106668, 13252, 32656, 31996, 80659, 97120, 57870, 76449]"
110311,"[49265, 28455, 58242, 40730, 87149, 44292, 12537, 54113, 85947, 108789]"
110312,"[33892, 92140, 104900, 80089, 5235, 83363, 30420, 82598, 61813, 86448]"
110313,"[39959, 98802, 66074, 8451, 18791, 66742, 45410, 64731, 84673, 15492]"
110314,"[52373, 70458, 52268, 91171, 107839, 65982, 65147, 13899, 11980, 34027]"
110315,"[64498, 43068, 102373, 86637, 8989, 97227, 52521, 45042, 80064, 943]"
110316,"[92465, 84788, 63107, 34112, 53624, 6182, 90799, 4071, 85574, 100447]"
110317,"[81830, 62555, 65743, 42874, 45918, 67713, 34155, 105898, 60191, 16131]"
110318,"[51059, 106208, 103718, 84017, 88704, 61112, 25236, 19987, 59308, 72470]"
110319,"[62588, 22369, 109032, 91207, 84488, 74393, 95147, 18653, 104224, 97375]"
110320,"[9612, 61673, 30458, 23782, 42179, 104611, 45146, 68449, 49953, 12761]"
110321,"[105082, 15570, 83231, 59419, 86290, 64578, 24563, 17438, 70523, 50137]"
110322,"[69986, 58082, 107701, 70117, 54247, 104597, 65169, 24328, 37179, 32215]"
110323,"[79830, 99094, 101148, 92974, 57202, 8910, 7633, 81599, 74210, 96043]"
110324,"[106194, 20007, 77101, 75779, 9222, 869, 17221, 93967, 38997, 43967]"
110325,"[95149, 11173, 78923, 91752, 49340, 36142, 100238, 92501, 13327, 44589]"
110326,"[21401, 54771, 66415, 60015, 75793, 48371, 109095, 91057, 50859, 77808]"
110327,"[36317, 19348, 41071, 90346, 35995, 29726, 45032, 35568, 101416, 17515]"
110328,"[87950, 98632, 76258, 73580, 88115, 42230, 42498, 76360, 99281, 103258]"
110329,"[70164, 29380, 96634, 101330, 89491, 29547, 54210, 63596, 93470, 86409]"
110330,"[33666, 45598, 69663, 35352, 89433, 10180, 14622, 90918, 7222, 5014]"
110331,"[23350, 37407, 35730, 63718, 62665, 36783, 77821, 72158, 59551, 71393]"
110332,"[66648, 54928, 66640, 50908, 73806, 30566, 98027, 50810, 41641, 30779]"
110333,"[49726, 77962, 45255, 58252, 107920, 65310, 51194, 92719, 60869, 41422]"
110334,"[72791, 7680, 18998, 24586, 4432, 21139, 7777, 70560, 18671, 104611]"
110335,"[14436, 72496, 30371, 97518, 31239, 15803, 70181, 90570, 224, 44278]"
110336,"[71043, 84278, 87535, 44677, 92941, 74, 79121, 38464, 99975, 6150]"
110337,"[75086, 8303, 39037, 30700, 99780, 85234, 2482, 109477, 34181, 25514]"
110338,"[109534, 29910, 75706, 51739, 105533, 100648, 66279, 95764, 79141, 104737]"
110339,"[67626, 40377, 14167, 28849, 84305, 54295, 2752, 35952, 94920, 16062]"
110340,"[48780, 27983, 33528, 53151, 13918, 6128, 75098, 22752, 40424, 29978]"
110341,"[62331, 25308, 18846, 20162, 23409, 65511, 64830, 103643, 108423, 12334]"
110342,"[19329, 980, 75316, 54697, 41027, 34433, 54168, 96926, 43099, 106499]"
110343,"[38864, 17272, 66422, 60270, 38540, 82707, 45530, 104679, 52212, 95287]"
110344,"[108857, 18556, 5013, 19515, 44857, 81539, 8623, 43851, 109580, 6716]"
110345,"[36990, 67444, 1990, 59408, 66403, 25729, 51236, 18980, 49143, 4796]"
110346,"[99614, 94475, 40611, 34919, 38463, 103683, 68246, 1073, 31753, 101311]"
110347,"[49273, 51742, 46056, 44841, 20404, 49424, 33364, 78050, 46799, 67464]"
110348,"[9618, 71037, 51, 100648, 34380, 79499, 60120, 104325, 83597, 73542]"
110349,"[107411, 39083, 85702, 18774, 12556, 93642, 82037, 91211, 43417, 26766]"
110350,"[2939, 91598, 80586, 81296, 26614, 52599, 68853, 20838, 10680, 19416]"
110351,"[22434, 108641, 35384, 67026, 61834, 27466, 56422, 49626, 20571, 97079]"
110352,"[93452, 32970, 81584, 25727, 94158, 66960, 100876, 44728, 72849, 87931]"
110353,"[50505, 48209, 60189, 69591, 44220, 99748, 22676, 48120, 28889, 34685]"
110354,"[28795, 53503, 78769, 102825, 67465, 71142, 96890, 81438, 6938, 12660]"
110355,"[72062, 35911, 100940, 59410, 98312, 67172, 73784, 76370, 71371, 81585]"
110356,"[65308, 81388, 51220, 67747, 87940, 38523, 53407, 22376, 36926, 51707]"
110357,"[94279, 100353, 102720, 4725, 86831, 100955, 80919, 58957, 25971, 84830]"
110358,"[94185, 8572, 90447, 92678, 38142, 68824, 70533, 33828, 27294, 39830]"
110359,"[75759, 37355, 245, 43244, 52293, 17372, 84354, 79632, 71322, 49894]"
110360,"[13571, 101059, 92558, 98566, 57988, 20519, 43422, 29650, 95909, 2083]"
110361,"[73977, 74255, 41492, 59995, 32619, 55407, 75933, 1712, 107415, 7317]"
110362,"[7031, 77647, 43947, 106498, 94273, 36085, 67536, 104139, 104957, 18821]"
110363,"[49239, 34649, 7267, 69433, 17035, 45275, 84688, 68041, 75102, 101801]"
110364,"[171, 104379, 16876, 40460, 61443, 60708, 48372, 91861, 26301, 34216]"
110365,"[48208, 50837, 66604, 2915, 70947, 94220, 76474, 88319, 96480, 84798]"
110366,"[93357, 53008, 70297, 85337, 5050, 34356, 49577, 39197, 61695, 106917]"
110367,"[84839, 39614, 79859, 70412, 58539, 190, 77233, 98997, 71681, 63531]"
110368,"[75202, 44226, 3961, 108482, 97389, 9761, 42957, 68711, 25443, 35549]"
110369,"[77638, 52180, 67170, 15020, 10553, 104716, 74644, 26613, 12851, 109699]"
110370,"[9957, 103171, 92601, 106555, 26474, 16082, 13618, 77082, 30907, 90348]"
110371,"[39682, 17251, 41467, 9835, 85142, 68466, 104980, 77051, 8284, 34398]"
110372,"[50238, 89634, 17152, 3630, 34344, 89500, 11481, 92042, 55940, 57644]"
110373,"[37178, 60158, 86335, 18600, 65463, 39547, 52269, 87879, 82764, 79771]"
110374,"[88462, 85273, 5021, 25102, 83639, 29333, 64391, 94260, 67791, 93067]"
110375,"[68267, 78004, 17458, 33296, 43969, 67775, 49133, 33594, 19054, 95927]"
110376,"[15433, 74121, 84162, 107959, 28131, 75001, 7898, 74240, 39992, 332]"
110377,"[49532, 101987, 28977, 97997, 20379, 107534, 27219, 7484, 15096, 11464]"
110378,"[58614, 14683, 85829, 52881, 26543, 69485, 76267, 3532, 62838, 69362]"
110379,"[24710, 3553, 7264, 89209, 90803, 52324, 93449, 74234, 60330, 23886]"
110380,"[83028, 90532, 10788, 44474, 89233, 11426, 81449, 74666, 88754, 42866]"
110381,"[14457, 34308, 61037, 44835, 101502, 77417, 28494, 33566, 29615, 71229]"
110382,"[51627, 40091, 105488, 91488, 100197, 11519, 16019, 101598, 78931, 81546]"
110383,"[56169, 85192, 102828, 55067, 46869, 107263, 58693, 109665, 64642, 79626]"
110384,"[145, 59442, 4954, 65083, 23703, 92378, 41218, 1790, 83384, 89529]"
110385,"[46772, 38590, 54712, 10956, 14874, 53144, 100671, 48901, 21494, 32639]"
110386,"[78032, 79782, 80618, 27414, 39324, 71588, 57349, 45707, 83692, 7200]"
110387,"[30856, 19730, 98865, 70252, 79930, 96903, 87836, 77534, 23062, 105494]"
110388,"[51754, 22499, 983, 29165, 101900, 65462, 83882, 87456, 6909, 95810]"
110389,"[18886, 6336, 94703, 86924, 74754, 34885, 39997, 18230, 105600, 81135]"
110390,"[46592, 83995, 26706, 62236, 27844, 13342, 80435, 59322, 57512, 19725]"
110391,"[15552, 19740, 31006, 99400, 81282, 41948, 106673, 46517, 86442, 92079]"
110392,"[61088, 64839, 81956, 25355, 9677, 106039, 78777, 50343, 59251, 61238]"
110393,"[905, 97935, 103480, 11411, 58397, 22825, 81761, 88812, 81810, 9117]"
110394,"[81060, 2779, 57022, 70955, 101017, 13584, 21984, 59268, 83812, 37906]"
110395,"[86291, 79079, 15415, 86567, 1973, 107103, 50878, 70472, 13280, 54188]"
110396,"[70859, 12595, 20253, 576, 43343, 93336, 58497, 26265, 3627, 27040]"
110397,"[60531, 86996, 20855, 79735, 59863, 103776, 76506, 68965, 18881, 104901]"
110398,"[7659, 23251, 38908, 108977, 13247, 9871, 13134, 21662, 106280, 34720]"
110399,"[63356, 9346, 57622, 96128, 107294, 83324, 72100, 25867, 34550, 97018]"
110400,"[78339, 77707, 40050, 7645, 34338, 77631, 107030, 97643, 83713, 58220]"
110401,"[6253, 71776, 84226, 97558, 24300, 87755, 93349, 35544, 47918, 79159]"
110402,"[55404, 32593, 60560, 71838, 55887, 69002, 27196, 59016, 33105, 89528]"
110403,"[102041, 68014, 109496, 78093, 42761, 19141, 40468, 104302, 35545, 7693]"
110404,"[30456, 50941, 67325, 73018, 29557, 1973, 61273, 91040, 75202, 19984]"
110405,"[88114, 45641, 16125, 81216, 12467, 29619, 86722, 106311, 56590, 3163]"
110406,"[99089, 60847, 53380, 64594, 107330, 18225, 59786, 108900, 79146, 6759]"
110407,"[87448, 83891, 105646, 66621, 40290, 49609, 84948, 103942, 85971, 34110]"
110408,"[26913, 58838, 20328, 50787, 49420, 33753, 73214, 21807, 76684, 33211]"
110409,"[68819, 67141, 22715, 37138, 10772, 21247, 96931, 88193, 100228, 107965]"
110410,"[58924, 103246, 83646, 25194, 17047, 36104, 74910, 99198, 342, 42732]"
110411,"[34230, 95084, 80356, 70747, 39617, 91193, 95691, 94580, 80818, 94622]"
110412,"[81377, 103071, 65567, 46045, 70411, 100938, 106818, 3439, 22722, 80658]"
110413,"[8446, 68754, 86642, 70150, 28802, 45865, 21606, 89927, 61199, 46958]"
110414,"[35276, 94296, 67253, 69159, 2545, 38431, 41924, 41099, 95628, 43632]"
110415,"[79639, 14101, 55997, 44580, 76445, 46488, 64036, 99386, 54893, 92401]"
110416,"[84277, 8828, 31685, 9259, 91084, 72759, 20328, 98120, 11495, 52830]"
110417,"[51804, 64452, 31800, 105419, 5947, 71882, 98342, 82888, 106611, 57604]"
110418,"[76062, 62347, 72304, 66532, 59643, 21219, 62982, 105557, 51154, 59587]"
110419,"[12431, 57132, 3851, 73186, 104348, 58296, 71345, 96904, 12809, 102662]"
110420,"[62163, 84410, 79277, 43119, 59270, 37277, 46680, 30278, 82259, 35301]"
110421,"[26183, 91611, 75911, 17879, 19359, 28054, 88561, 95812, 96430, 48147]"
110422,"[109467, 89468, 49892, 84608, 83015, 97767, 94068, 66923, 96141, 62189]"
110423,"[54849, 77285, 55976, 28701, 72012, 1713, 19790, 38312, 9645, 24535]"
110424,"[44058, 6002, 39369, 97358, 76423, 7777, 74511, 962, 7098, 85636]"
110425,"[53560, 39439, 65071, 15244, 101138, 60161, 54211, 17950, 102811, 47718]"
110426,"[88443, 90277, 6173, 3150, 61193, 52260, 84766, 57598, 3054, 17590]"
110427,"[27569, 18855, 86058, 34743, 22179, 27513, 72427, 34490, 36801, 16326]"
110428,"[65423, 35449, 8793, 44106, 64646, 80328, 21141, 77484, 102210, 104072]"
110429,"[90279, 34755, 68019, 101363, 24307, 67331, 29403, 59288, 49795, 15012]"
110430,"[47990, 4111, 3018, 55397, 84808, 15980, 108239, 43737, 40356, 88029]"
110431,"[32142, 27994, 106783, 1128, 46955, 72587, 80892, 90771, 14570, 5264]"
110432,"[62774, 5233, 58394, 21609, 55255, 86528, 24082, 81962, 70398, 40830]"
110433,"[74327, 76539, 52537, 83082, 8557, 107407, 58394, 103260, 8902, 4153]"
110434,"[64917, 51896, 98048, 13891, 18757, 49188, 39461, 51234, 83449, 51442]"
110435,"[77616, 42896, 104971, 90410, 71509, 26314, 96662, 22370, 105571, 27028]"
110436,"[40635, 74923, 56318, 108360, 21109, 54768, 84176, 16341, 30915, 73295]"
110437,"[48116, 2415, 80074, 14792, 76803, 76483, 59450, 78826, 34829, 56257]"
110438,"[17394, 35098, 1689, 50914, 13143, 60864, 98691, 21327, 28689, 52813]"
110439,"[39030, 99818, 74123, 8546, 9494, 52418, 50802, 8300, 25646, 19981]"
110440,"[53833, 1062, 55827, 18326, 35719, 88963, 98565, 106850, 22222, 79995]"
110441,"[24264, 13800, 25002, 103243, 27748, 108498, 35547, 80538, 26157, 54905]"
110442,"[97823, 44007, 27164, 51767, 48126, 90202, 76971, 87103, 59712, 72910]"
110443,"[35906, 72481, 103705, 72035, 89290, 51118, 85104, 44159, 95186, 73393]"
110444,"[43765, 59045, 13061, 80284, 92569, 43604, 103804, 74274, 508, 38690]"
110445,"[109302, 59920, 82832, 39252, 78004, 34722, 94570, 37062, 95389, 86409]"
110446,"[16559, 106928, 14978, 31782, 93760, 42853, 24708, 42052, 77680, 31179]"
110447,"[46222, 70195, 39129, 100366, 44734, 3615, 107234, 97186, 21510, 73217]"
110448,"[18320, 44363, 11294, 2671, 100239, 84427, 26555, 9044, 87209, 77064]"
110449,"[14236, 64853, 912, 7137, 21794, 107600, 13449, 246, 29332, 75637]"
110450,"[60784, 25688, 33853, 35223, 50522, 92975, 80927, 21354, 94106, 74416]"
110451,"[33972, 43056, 27374, 45547, 78837, 93788, 109227, 82417, 35184, 56385]"
110452,"[64735, 71923, 49167, 46585, 4419, 8066, 54175, 50286, 44316, 73315]"
110453,"[27116, 79281, 84235, 74616, 84221, 14804, 59651, 104889, 20394, 54211]"
110454,"[93371, 21111, 5071, 89339, 88687, 95159, 1198, 32280, 3483, 66146]"
110455,"[42216, 90700, 92257, 7448, 60971, 3702, 16885, 50751, 8253, 72483]"
110456,"[25804, 41751, 81226, 44072, 45945, 104574, 5503, 87116, 67376, 47656]"
110457,"[76356, 106040, 48265, 87911, 108384, 84491, 76988, 39338, 82192, 22555]"
110458,"[10882, 8850, 18169, 14004, 9388, 66004, 47046, 47816, 108499, 74742]"
110459,"[45445, 7447, 97940, 67876, 60919, 38897, 54028, 3951, 60611, 107409]"
110460,"[48535, 11100, 57579, 41007, 16057, 56583, 54815, 67169, 85113, 22406]"
110461,"[74010, 109391, 4633, 79577, 20514, 926, 6060, 9392, 48302, 43494]"
110462,"[4653, 53408, 62050, 66372, 22641, 18168, 28697, 45997, 43321, 32611]"
110463,"[66253, 93134, 68930, 16689, 32148, 79645, 82473, 104921, 38621, 52277]"
110464,"[78084, 70645, 75047, 53609, 77884, 822, 23081, 3053, 59331, 15385]"
110465,"[55165, 35097, 79505, 2757, 55217, 17065, 60609, 107317, 20531, 61244]"
110466,"[81935, 82048, 3697, 11195, 33148, 80670, 29917, 61669, 47334, 91735]"
110467,"[73554, 21066, 26146, 104637, 103856, 1392, 79301, 16463, 43125, 70861]"
110468,"[52054, 50053, 59796, 42225, 32379, 29475, 78158, 42127, 105398, 89135]"
110469,"[64007, 86871, 45345, 16560, 66864, 80337, 22533, 10588, 96503, 102123]"
110470,"[105594, 83523, 77560, 76132, 53277, 43150, 50694, 66439, 44138, 58643]"
110471,"[63024, 46618, 95063, 10785, 2343, 24800, 36257, 76444, 100779, 67451]"
110472,"[47417, 4774, 44946, 89667, 14055, 63449, 87968, 36879, 50194, 85223]"
110473,"[77397, 88208, 66195, 26178, 87270, 37009, 56718, 101861, 16244, 76637]"
110474,"[68177, 53841, 101846, 16624, 76030, 22877, 72870, 65536, 47458, 62153]"
110475,"[5686, 68919, 108265, 65812, 63591, 29920, 42888, 47394, 106762, 48886]"
110476,"[68157, 47385, 53668, 69573, 8207, 41186, 86929, 73107, 15503, 8947]"
110477,"[88477, 71604, 109284, 37154, 39004, 44455, 73936, 95754, 106750, 74793]"
110478,"[64792, 90327, 1408, 49172, 31136, 36315, 35471, 63227, 73448, 79819]"
110479,"[84591, 67576, 31008, 75059, 70258, 63813, 83999, 92894, 44267, 40277]"
110480,"[1817, 22114, 21060, 34389, 92726, 100164, 78037, 21415, 96119, 99070]"
110481,"[29997, 5723, 80861, 26907, 95397, 71966, 63461, 47135, 79060, 40101]"
110482,"[26384, 106379, 39145, 54911, 76541, 39237, 46823, 100304, 49523, 39101]"
110483,"[76395, 59119, 88443, 90152, 4217, 33736, 13115, 55419, 40755, 56823]"
110484,"[23221, 81499, 21117, 77067, 17767, 8488, 26073, 10927, 23449, 57646]"
110485,"[56091, 37385, 17348, 53065, 36304, 100283, 99182, 43847, 44166, 99475]"
110486,"[69500, 66096, 31910, 59599, 30805, 93139, 41139, 100692, 10584, 78262]"
110487,"[79962, 60382, 96346, 95594, 75840, 100713, 51385, 47192, 19639, 34595]"
110488,"[26587, 55143, 23034, 33888, 43883, 4101, 67239, 29021, 48587, 3937]"
110489,"[49039, 77856, 73932, 104530, 60031, 3459, 90423, 1048, 98955, 65475]"
110490,"[98929, 60865, 16853, 107466, 35711, 22983, 20539, 72414, 86340, 47196]"
110491,"[74528, 94777, 4297, 95709, 102131, 17771, 92504, 83680, 44062, 109354]"
110492,"[29291, 75983, 33746, 96346, 103484, 14832, 105613, 41564, 71295, 8151]"
110493,"[106818, 3439, 23034, 33714, 38428, 85031, 33888, 95368, 65567, 44065]"
110494,"[55058, 13704, 13840, 42558, 10478, 50617, 100039, 13978, 15205, 23648]"
110495,"[81572, 64341, 53471, 93232, 53046, 19182, 47176, 102518, 99526, 95467]"
110496,"[6996, 89146, 83157, 43900, 69666, 67856, 65592, 62354, 405, 47513]"
110497,"[21053, 15171, 75218, 24097, 77423, 24044, 38176, 93955, 73731, 84948]"
110498,"[174, 52298, 49422, 80496, 55297, 51453, 32395, 87488, 13461, 49130]"
110499,"[18963, 59345, 44589, 79344, 90604, 23045, 49340, 86959, 56471, 76436]"
110500,"[88253, 34785, 83818, 61171, 79103, 77775, 78320, 103242, 50404, 34192]"
110501,"[86621, 61930, 5305, 99108, 148, 28564, 74839, 64193, 43131, 8614]"
110502,"[49033, 42566, 48131, 37519, 71991, 100674, 26716, 69685, 22469, 66876]"
110503,"[30707, 35871, 76044, 21449, 1712, 58394, 1295, 74327, 68851, 45692]"
110504,"[21053, 70224, 81326, 47017, 106542, 57533, 72517, 53243, 59937, 82521]"
110505,"[9004, 62951, 66451, 93000, 90816, 72303, 63583, 16877, 858, 3859]"
110506,"[58969, 80164, 104895, 82211, 34665, 16015, 39767, 104915, 33015, 39611]"
110507,"[53352, 88445, 96678, 60187, 98859, 45303, 101409, 22260, 890, 108456]"
110508,"[11380, 64261, 39339, 86013, 81569, 46620, 86183, 61685, 36227, 58175]"
110509,"[43056, 33972, 78837, 93788, 45547, 10101, 23826, 35184, 27374, 1082]"
110510,"[61003, 12442, 54629, 35682, 44591, 31777, 20965, 2225, 37295, 74394]"
110511,"[49483, 73980, 86329, 67809, 20389, 18448, 26060, 12521, 49839, 51051]"
110512,"[106051, 62154, 12155, 1950, 95744, 16622, 95625, 75824, 9707, 90657]"
110513,"[30882, 19133, 101654, 94779, 11742, 106600, 15916, 5310, 51573, 99364]"
110514,"[67081, 103110, 21953, 36533, 75437, 42182, 93474, 96887, 45701, 38720]"
110515,"[57176, 27117, 32451, 69131, 70340, 109040, 16795, 57940, 72088, 22144]"
110516,"[79433, 17153, 101210, 93007, 19444, 14702, 1996, 53873, 65875, 30842]"
110517,"[42477, 22783, 56756, 32006, 91795, 101030, 16265, 28466, 12969, 8888]"
110518,"[23911, 38110, 54573, 95321, 17783, 70387, 5670, 6197, 55285, 87610]"
110519,"[67437, 90022, 7709, 105639, 29740, 85064, 92589, 106635, 76983, 21591]"
110520,"[4280, 18139, 11952, 64330, 18978, 80140, 20218, 64838, 37721, 89408]"
110521,"[34871, 35095, 94194, 10708, 33981, 72530, 23463, 12332, 83366, 102047]"
110522,"[105631, 19442, 11497, 61283, 90504, 101219, 31357, 35044, 68439, 77976]"
110523,"[4663, 8634, 58679, 64554, 104398, 64138, 84471, 35977, 78185, 27161]"
110524,"[66442, 76178, 35496, 96096, 70107, 77200, 3450, 69527, 87509, 4513]"
110525,"[42558, 58333, 85777, 28321, 15467, 42279, 98524, 4559, 56661, 13704]"
110526,"[97665, 106606, 50198, 22886, 57489, 40264, 34173, 4216, 20994, 107547]"
110527,"[97282, 89360, 10526, 80497, 13214, 80562, 104338, 66598, 71250, 30640]"
110528,"[80411, 32952, 89211, 17323, 103784, 19020, 50798, 86004, 27008, 36757]"
110529,"[100236, 91242, 781, 54884, 9316, 12330, 77610, 55967, 7033, 52451]"
110530,"[59459, 49102, 70841, 15694, 64061, 87049, 33402, 80416, 9747, 27097]"
110531,"[86145, 7752, 27410, 36582, 7842, 89088, 84128, 66470, 44132, 10673]"
110532,"[82011, 25112, 102243, 39040, 10377, 56766, 1779, 70594, 20314, 3792]"
110533,"[106278, 70331, 96067, 50212, 11660, 16365, 39080, 16489, 53738, 102498]"
110534,"[62067, 47292, 76672, 27794, 65299, 25955, 11389, 66151, 77138, 96562]"
110535,"[76626, 94669, 2715, 39084, 107842, 57347, 19650, 15526, 108329, 81704]"
110536,"[100471, 104569, 106000, 7343, 59780, 36757, 90157, 73870, 54815, 50518]"
110537,"[69579, 80097, 47153, 40292, 81226, 41751, 25804, 44072, 56350, 72326]"
110538,"[59297, 36998, 90181, 72, 22076, 78771, 38099, 46866, 35678, 79120]"
110539,"[37347, 108905, 59618, 107806, 70378, 71195, 26343, 42466, 93170, 108049]"
110540,"[67524, 39595, 24192, 92615, 85532, 90179, 41002, 91192, 2346, 88644]"
110541,"[104808, 82063, 72391, 99715, 23380, 35827, 45077, 82768, 82458, 23980]"
110542,"[41761, 43830, 52167, 247, 64723, 95196, 92147, 6771, 81314, 101031]"
110543,"[66675, 31013, 90033, 97021, 21743, 109611, 21457, 73533, 15520, 99432]"
110544,"[8790, 1413, 55683, 57392, 35048, 15121, 68423, 102877, 43993, 14005]"
110545,"[38661, 60672, 16708, 9305, 91397, 25011, 99400, 81282, 30944, 26379]"
110546,"[39133, 24191, 32458, 4005, 69816, 83662, 93180, 11017, 69792, 4094]"
110547,"[63253, 90020, 82206, 71603, 34558, 94110, 81090, 74613, 38103, 63906]"
110548,"[10616, 64209, 26490, 17196, 16507, 88482, 71326, 42417, 1244, 100356]"
110549,"[20076, 58506, 66174, 76640, 18591, 75422, 9172, 99543, 107137, 42909]"
110550,"[67905, 2315, 15863, 36193, 50685, 104696, 9702, 50931, 94451, 91964]"
110551,"[19996, 88702, 6744, 90273, 22850, 67023, 51863, 69678, 109663, 57593]"
110552,"[65988, 86906, 37746, 23399, 24276, 108758, 69295, 67131, 32713, 8730]"
110553,"[99349, 92995, 73746, 54268, 706, 19696, 28811, 95040, 54422, 80176]"
110554,"[34251, 24263, 13029, 102974, 95324, 38603, 96714, 26260, 74924, 44101]"
110555,"[98964, 8718, 1580, 51279, 16345, 64956, 20020, 5732, 34831, 42241]"
110556,"[108171, 28370, 32960, 38338, 699, 84906, 66544, 30591, 90197, 101022]"
110557,"[4303, 27158, 81219, 48491, 99464, 39530, 17964, 81738, 90718, 39980]"
110558,"[41188, 39483, 64976, 36551, 33341, 79898, 10328, 2315, 80880, 8529]"
110559,"[98929, 107466, 35711, 60865, 16853, 22983, 31377, 55770, 51976, 36204]"
110560,"[58841, 102160, 60843, 49653, 62862, 31618, 39602, 16166, 34163, 8710]"
110561,"[80715, 89334, 107460, 55252, 92446, 19450, 55878, 55127, 96663, 74953]"
110562,"[25011, 77454, 50529, 104078, 107940, 81570, 78711, 32086, 55954, 72212]"
110563,"[20196, 34461, 67805, 11080, 55951, 14311, 80090, 32766, 57223, 60229]"
110564,"[101119, 93697, 88742, 72369, 19474, 9170, 77663, 97153, 26148, 19738]"
110565,"[3475, 97548, 17454, 72955, 69778, 5222, 65688, 69015, 80343, 16936]"
110566,"[74927, 7610, 14700, 58274, 96627, 61021, 30000, 64783, 63795, 23585]"
110567,"[8403, 61673, 23782, 12761, 68449, 95381, 24586, 97743, 96092, 108812]"
110568,"[104348, 54642, 73414, 62593, 71345, 44028, 10445, 85210, 56113, 32120]"
110569,"[10256, 43044, 56603, 98198, 66311, 32225, 20661, 44711, 107060, 28620]"
110570,"[42302, 76659, 109121, 23884, 2779, 92303, 35236, 13109, 57022, 80955]"
110571,"[96986, 3057, 105139, 47710, 97278, 810, 94454, 86178, 36165, 42123]"
110572,"[94246, 89110, 103373, 32109, 99701, 40448, 7075, 102441, 97443, 21697]"
110573,"[2009, 53463, 66913, 4610, 12171, 25299, 47093, 8854, 40198, 52444]"
110574,"[31720, 71693, 71316, 79861, 38147, 31778, 24650, 44653, 83219, 53514]"
110575,"[98166, 74748, 38432, 27007, 13298, 10121, 24016, 12221, 75568, 49715]"
110576,"[44903, 10379, 42924, 8611, 65284, 49322, 39677, 36824, 81662, 39181]"
110577,"[16334, 80645, 56486, 57982, 9760, 77206, 3769, 15798, 101428, 70598]"
110578,"[49944, 75536, 73267, 89964, 42626, 7176, 30269, 62483, 16986, 84554]"
110579,"[43994, 108005, 21028, 79104, 101189, 89336, 94082, 79570, 50953, 98512]"
110580,"[2238, 68013, 32988, 25417, 87862, 105721, 30771, 93361, 35120, 82380]"
110581,"[8958, 94949, 40913, 7318, 38325, 31380, 2934, 84035, 38003, 35447]"
110582,"[27076, 100560, 83268, 9073, 42677, 70392, 32842, 1963, 62483, 73267]"
110583,"[60318, 68399, 29894, 68255, 37630, 74567, 52762, 104205, 37974, 38215]"
110584,"[34913, 51694, 19422, 14860, 66194, 11787, 41802, 5192, 37729, 76801]"
110585,"[31782, 24099, 24708, 91690, 65758, 19472, 99451, 75980, 40216, 41379]"
110586,"[62776, 101212, 16942, 5735, 34705, 34521, 5400, 17637, 69396, 20304]"
110587,"[38570, 20468, 17158, 73963, 102600, 18720, 85427, 15792, 31134, 109411]"
110588,"[58830, 76639, 95200, 19360, 27785, 28868, 20711, 88886, 51451, 1646]"
110589,"[57299, 76545, 14177, 48366, 50043, 44822, 76525, 70745, 102837, 70277]"
110590,"[88735, 83723, 7982, 85946, 3776, 53946, 52196, 104925, 96794, 16983]"
110591,"[79167, 92401, 95145, 108961, 32138, 80032, 76445, 83078, 5237, 38263]"
110592,"[37036, 32610, 17428, 24576, 38391, 68820, 40666, 67896, 29617, 76670]"
110593,"[92955, 4246, 50593, 73010, 15974, 67572, 6055, 75756, 50510, 60835]"
110594,"[101082, 48822, 48652, 23776, 24425, 50615, 36452, 44654, 88048, 86968]"
110595,"[108623, 12209, 37656, 106376, 57512, 93916, 73846, 44475, 26706, 27844]"
110596,"[52330, 79498, 7589, 37851, 39479, 92917, 33302, 80053, 68548, 76581]"
110597,"[5343, 20118, 68243, 24960, 69342, 66791, 81845, 34044, 43949, 23928]"
110598,"[12231, 83251, 6243, 94662, 27160, 61351, 54175, 50286, 70175, 89020]"
110599,"[78584, 69665, 52122, 78224, 104799, 6015, 104490, 39140, 16234, 50530]"
110600,"[104072, 69835, 7882, 52303, 64646, 35069, 37947, 109021, 378, 8298]"
110601,"[107313, 60086, 55752, 17692, 17708, 67604, 94224, 62035, 49455, 70758]"
110602,"[84618, 93320, 37979, 95194, 4949, 43381, 17289, 1761, 54542, 41399]"
110603,"[2063, 89596, 20822, 57812, 53928, 43778, 85808, 81972, 72209, 60238]"
110604,"[86856, 90648, 32078, 101954, 45499, 34352, 90419, 37799, 97618, 34727]"
110605,"[53908, 82118, 13712, 9850, 23800, 38039, 11567, 12126, 40097, 96385]"
110606,"[24916, 106897, 82589, 14211, 85592, 51410, 92418, 95123, 102000, 29234]"
110607,"[40791, 93061, 77046, 75496, 75129, 27634, 20496, 2683, 84498, 73393]"
110608,"[19708, 99845, 87808, 83747, 11480, 72602, 36040, 46569, 50336, 53612]"
110609,"[10967, 45868, 97832, 72250, 34512, 20036, 71804, 51388, 4549, 74016]"
110610,"[59540, 65976, 92105, 99964, 194, 36263, 58028, 54330, 91002, 90874]"
110611,"[98346, 19238, 33757, 63768, 9528, 67530, 58266, 62021, 92108, 109712]"
110612,"[54169, 72678, 38471, 82516, 22677, 68889, 18171, 87740, 70693, 86814]"
110613,"[47293, 24863, 81080, 107152, 26928, 74596, 67306, 97868, 44920, 14355]"
110614,"[96608, 24145, 68747, 58748, 20805, 53406, 40908, 43760, 9841, 59069]"
110615,"[108012, 72714, 59709, 83697, 108479, 102482, 91531, 58564, 79763, 106935]"
110616,"[4088, 14165, 89406, 33942, 30430, 48151, 97245, 86419, 79102, 8855]"
110617,"[653, 5147, 79364, 1385, 16003, 70291, 36327, 8426, 43611, 19355]"
110618,"[27076, 70392, 1963, 32842, 42675, 62852, 103874, 100560, 83268, 62631]"
110619,"[13487, 91430, 3556, 52940, 59835, 28641, 59973, 43695, 14342, 7910]"
110620,"[48104, 70939, 105701, 104032, 90702, 45026, 40716, 93693, 26661, 8461]"
110621,"[4118, 103295, 60748, 10400, 84078, 59321, 64339, 44451, 37768, 87713]"
110622,"[18198, 78185, 10611, 11769, 54446, 50428, 80691, 5049, 77237, 76463]"
110623,"[73236, 81537, 78363, 32959, 76048, 46658, 73972, 44535, 48647, 103873]"
110624,"[6884, 43853, 67373, 26234, 1998, 9160, 108253, 105299, 36994, 20301]"
110625,"[30133, 83857, 46636, 29707, 49997, 41566, 73491, 32688, 24245, 71067]"
110626,"[77250, 41888, 81717, 82178, 44497, 95759, 15487, 79006, 21108, 66271]"
110627,"[39916, 72369, 37599, 45231, 19738, 12741, 56822, 66228, 101200, 39164]"
110628,"[20522, 19085, 94458, 97378, 60947, 66065, 93493, 7671, 94640, 69760]"
110629,"[18959, 104590, 44096, 83424, 77439, 91661, 55812, 7492, 77973, 84339]"
110630,"[17492, 57726, 42000, 54948, 79245, 79439, 77412, 66921, 17181, 54901]"
110631,"[70186, 11571, 76954, 28303, 16842, 27902, 17192, 68307, 30216, 106016]"
110632,"[10498, 78103, 6065, 93708, 60403, 3614, 54604, 32075, 84694, 26875]"
110633,"[96558, 1275, 19275, 19246, 86962, 7440, 7090, 80517, 38278, 37352]"
110634,"[48745, 15712, 86322, 63838, 20074, 99130, 76730, 93817, 80883, 59505]"
110635,"[107947, 32555, 92932, 95105, 81045, 83569, 60511, 86829, 68026, 59376]"
110636,"[41876, 85331, 79186, 71157, 83964, 30292, 59673, 27141, 40710, 49705]"
110637,"[8726, 1224, 105360, 71451, 59468, 19882, 61668, 69264, 91845, 91715]"
110638,"[7448, 16038, 8253, 38789, 43309, 42216, 90700, 16885, 72174, 93486]"
110639,"[48943, 43803, 91659, 20102, 22404, 68348, 25320, 68328, 78212, 103587]"
110640,"[36001, 18638, 102634, 68584, 7554, 721, 77519, 6951, 103366, 51847]"
110641,"[76743, 64963, 108535, 660, 45327, 28708, 79544, 47806, 76033, 2609]"
110642,"[101594, 75238, 2192, 91620, 5033, 42752, 109033, 12157, 102520, 46053]"
110643,"[82276, 23887, 25617, 15575, 94525, 24646, 98, 77602, 38817, 84537]"
110644,"[105124, 10362, 1814, 54717, 45049, 57737, 66412, 22767, 78848, 45072]"
110645,"[66109, 33644, 19583, 82555, 25718, 105996, 71777, 30922, 49764, 89426]"
110646,"[52367, 26869, 30725, 26933, 69179, 43396, 80218, 24268, 15623, 18653]"
110647,"[8542, 35713, 36715, 31302, 6518, 63953, 54002, 23749, 80881, 14466]"
110648,"[3580, 104494, 106814, 25316, 78698, 20796, 52789, 46036, 20225, 27044]"
110649,"[68188, 27182, 71596, 96559, 55102, 70721, 69260, 54267, 94917, 70386]"
110650,"[43050, 108126, 35990, 48765, 41298, 3484, 56301, 44189, 4500, 27068]"
110651,"[89671, 109745, 93273, 84678, 50639, 82823, 98564, 92060, 77685, 48954]"
110652,"[37081, 90755, 45445, 41857, 9728, 70447, 54028, 97678, 9937, 89395]"
110653,"[30628, 29959, 1512, 52630, 21055, 78803, 54067, 98069, 74511, 7630]"
110654,"[25221, 52647, 75070, 3746, 105651, 38132, 105012, 26607, 20684, 77091]"
110655,"[94637, 46769, 26156, 17622, 5979, 41249, 44810, 60804, 5263, 81466]"
110656,"[28733, 22759, 42821, 100477, 96067, 106209, 53458, 104591, 89607, 110]"
110657,"[108003, 63780, 32578, 108881, 53758, 105007, 97507, 97230, 94915, 42506]"
110658,"[32927, 24210, 52019, 50373, 40711, 5662, 37976, 44385, 37498, 24744]"
110659,"[23725, 1931, 90822, 51728, 44856, 14732, 21628, 84844, 23205, 83534]"
110660,"[15987, 26337, 2243, 12707, 1336, 66513, 30515, 21447, 40114, 53934]"
110661,"[6770, 82457, 67337, 72208, 17299, 98751, 81522, 56330, 72495, 31367]"
110662,"[30421, 18935, 3212, 10488, 103258, 105782, 92132, 61560, 88484, 7155]"
110663,"[102468, 62176, 3924, 7669, 44960, 73, 63577, 48891, 48916, 41586]"
110664,"[31271, 16846, 92944, 59634, 64928, 102615, 57634, 94592, 105169, 99797]"
110665,"[81914, 51312, 101532, 86054, 26527, 13462, 37889, 75693, 25136, 86508]"
110666,"[34008, 38234, 1022, 17150, 78201, 66147, 101865, 4807, 45099, 41738]"
110667,"[15865, 59051, 41193, 5042, 31969, 89359, 71443, 17667, 50282, 69473]"
110668,"[99248, 88587, 46538, 31107, 99453, 98142, 99300, 5426, 72977, 52275]"
110669,"[105722, 54683, 1214, 42184, 53990, 91639, 89492, 78150, 20473, 28799]"
110670,"[17523, 89867, 106821, 10317, 92596, 81612, 16984, 44556, 49600, 52309]"
110671,"[8117, 99228, 6631, 44352, 84488, 81163, 41450, 18789, 8315, 11381]"
110672,"[53927, 12545, 59903, 72757, 87254, 67831, 48628, 7688, 64638, 105526]"
110673,"[53741, 40739, 24628, 33682, 98621, 65412, 9891, 72655, 59828, 90774]"
110674,"[42379, 59028, 29600, 2146, 70495, 22135, 108185, 98607, 76449, 92663]"
110675,"[105937, 41853, 29118, 101127, 81147, 22033, 107482, 43145, 47365, 56121]"
110676,"[9998, 105309, 7204, 13841, 14029, 54503, 71387, 105557, 97809, 19047]"
110677,"[60746, 45004, 79313, 105203, 51054, 107955, 80679, 40531, 74567, 60640]"
110678,"[72708, 67432, 104173, 88670, 41525, 77253, 20977, 59940, 80719, 16636]"
110679,"[69289, 47880, 19284, 43563, 75192, 8598, 71942, 77036, 58669, 49464]"
110680,"[89803, 58642, 72828, 19560, 50185, 16901, 1355, 97300, 105837, 80815]"
110681,"[87312, 56157, 17882, 81412, 103912, 89806, 30803, 76361, 55347, 46290]"
110682,"[61616, 71287, 71204, 25825, 20581, 79884, 72605, 71598, 54675, 6340]"
110683,"[548, 24414, 2953, 51545, 16945, 53620, 33894, 47922, 75096, 32263]"
110684,"[6431, 76545, 76525, 31934, 19464, 99205, 92394, 86326, 31100, 4870]"
110685,"[87824, 41046, 59504, 3060, 64878, 30484, 9051, 62004, 25502, 84566]"
110686,"[42500, 6751, 93679, 21903, 33833, 49477, 69084, 20498, 93379, 44790]"
110687,"[76070, 72028, 71239, 58991, 37243, 3384, 34282, 54275, 7974, 11715]"
110688,"[95270, 106465, 58355, 63191, 88387, 32015, 99380, 5795, 98505, 27998]"
110689,"[61652, 11995, 73167, 82724, 100205, 31668, 64759, 88956, 98545, 21751]"
110690,"[61572, 23876, 23170, 12825, 4895, 46866, 9800, 7436, 39971, 91647]"
110691,"[40091, 100197, 91488, 51627, 92326, 94601, 45278, 10306, 76541, 16516]"
110692,"[46390, 24966, 44682, 54963, 45250, 100687, 34623, 95010, 103063, 85563]"
110693,"[107173, 4800, 69710, 67651, 29597, 60910, 21767, 3252, 55466, 100532]"
110694,"[29918, 72213, 108152, 90224, 957, 73273, 10386, 52246, 104652, 59970]"
110695,"[62020, 109651, 98399, 104057, 20819, 64835, 44793, 11412, 60740, 38170]"
110696,"[50386, 41202, 74923, 31838, 60135, 45072, 96292, 84176, 11748, 30915]"
110697,"[72663, 49117, 68412, 65774, 87966, 46418, 1374, 37899, 59094, 43077]"
110698,"[31180, 45317, 12937, 94168, 90745, 6600, 82573, 109303, 106079, 79014]"
110699,"[16, 87687, 106391, 42742, 102133, 25373, 41546, 52897, 12297, 71540]"
110700,"[22994, 3760, 90159, 35397, 62575, 38798, 72343, 49722, 56259, 27389]"
110701,"[67111, 14631, 109010, 48715, 86678, 84571, 101903, 82223, 74802, 95389]"
110702,"[34982, 9349, 26315, 83292, 33523, 80755, 73482, 32302, 8661, 5236]"
110703,"[14520, 68048, 8544, 90076, 95990, 76932, 89369, 43777, 12295, 49577]"
110704,"[106765, 108805, 73627, 60415, 10394, 54951, 30257, 56588, 103527, 58380]"
110705,"[57233, 23589, 73367, 25262, 35962, 53139, 98810, 37882, 21552, 41169]"
110706,"[41929, 42490, 75084, 56444, 19736, 56440, 69653, 58587, 40498, 94690]"
110707,"[61665, 54247, 70117, 65169, 23442, 106337, 37179, 18783, 91853, 24328]"
110708,"[64225, 22195, 51394, 72836, 61009, 78169, 818, 109057, 49740, 24896]"
110709,"[21661, 45155, 86173, 103071, 86062, 65567, 54600, 95505, 34122, 40207]"
110710,"[90171, 3410, 98695, 89057, 92137, 21233, 54231, 95144, 31845, 65065]"
110711,"[49439, 47032, 82915, 15860, 20969, 65606, 2962, 91290, 34402, 40930]"
110712,"[94369, 9978, 71527, 60939, 62110, 62226, 107400, 49093, 85694, 75711]"
110713,"[108324, 75253, 79676, 34890, 64285, 65204, 48878, 77212, 97197, 21729]"
110714,"[71192, 42944, 54208, 81586, 109390, 35017, 65343, 13308, 85892, 86275]"
110715,"[91913, 102588, 6181, 42075, 104036, 78654, 92490, 86856, 20740, 15572]"
110716,"[91101, 24756, 75633, 103093, 38942, 22229, 26032, 3674, 34082, 11763]"
110717,"[42881, 85886, 91558, 54923, 10289, 25118, 17820, 74138, 29888, 46284]"
110718,"[49657, 37394, 55174, 41913, 59050, 10437, 18217, 17730, 65396, 92548]"
110719,"[30986, 28348, 53210, 79949, 31736, 339, 28106, 23296, 99981, 85043]"
110720,"[80668, 94718, 42695, 99582, 36189, 45191, 53138, 97091, 36470, 4218]"
110721,"[93924, 105581, 85465, 22427, 8274, 97103, 106164, 16133, 7638, 72230]"
110722,"[102886, 103448, 90820, 33866, 64446, 69181, 107827, 77756, 107429, 83732]"
110723,"[5882, 106612, 75598, 32453, 26285, 27145, 108391, 88576, 21542, 53541]"
110724,"[28316, 71139, 27806, 82457, 67337, 52702, 90282, 89429, 74741, 20280]"
110725,"[34967, 26134, 54070, 104153, 36544, 43914, 23669, 36232, 83115, 45849]"
110726,"[105592, 9837, 66781, 757, 72957, 31520, 107921, 89032, 22097, 45427]"
110727,"[3100, 53352, 63267, 108896, 16864, 66729, 53388, 101655, 89291, 6358]"
110728,"[28077, 97216, 36696, 76188, 40828, 61492, 107955, 60746, 45004, 28283]"
110729,"[48262, 30472, 85649, 42573, 18913, 41254, 351, 70199, 8666, 31242]"
110730,"[11516, 90637, 14266, 19198, 73382, 63932, 45494, 86890, 87969, 74918]"
110731,"[94400, 16175, 86431, 5579, 77328, 57136, 97558, 84226, 66654, 95797]"
110732,"[104000, 106266, 78451, 104834, 25600, 77497, 78890, 48229, 74047, 13919]"
110733,"[54446, 18198, 76463, 95301, 50918, 78185, 19375, 45513, 77034, 55011]"
110734,"[46887, 53306, 432, 29235, 89511, 7038, 14623, 7837, 93921, 77031]"
110735,"[107016, 13514, 90049, 4579, 71712, 69180, 13600, 62852, 8, 49605]"
110736,"[28662, 97617, 32064, 41991, 105006, 70277, 84853, 80557, 29679, 25030]"
110737,"[91336, 76167, 82884, 1128, 42811, 30928, 90771, 46955, 106783, 72587]"
110738,"[95107, 43556, 46615, 1034, 102853, 50786, 29633, 91439, 56433, 86132]"
110739,"[108456, 38259, 890, 58800, 92755, 101409, 91062, 35297, 63267, 53450]"
110740,"[4527, 29310, 16122, 59859, 37743, 36097, 62168, 4203, 77860, 41741]"
110741,"[10028, 78197, 60572, 65941, 8276, 50115, 27698, 89261, 49119, 20911]"
110742,"[24028, 68209, 106680, 13785, 77283, 69740, 60690, 23010, 18767, 71360]"
110743,"[108725, 49331, 8416, 3978, 39634, 26595, 49336, 11839, 4881, 54722]"
110744,"[65766, 77979, 96297, 70353, 89535, 93056, 13253, 80531, 96219, 5768]"
110745,"[73776, 58518, 98602, 64951, 19596, 105391, 100970, 57433, 59591, 2942]"
110746,"[40615, 98664, 67816, 75251, 90820, 89581, 64446, 102886, 20832, 18077]"
110747,"[53040, 94203, 5907, 14267, 96265, 79351, 106611, 85423, 41083, 20342]"
110748,"[97004, 10100, 69269, 26729, 66382, 80132, 60021, 3353, 56258, 46654]"
110749,"[74582, 20584, 9320, 9947, 42324, 105303, 57688, 17827, 34858, 38665]"
110750,"[70540, 109076, 76801, 96057, 66194, 45575, 34913, 21508, 89414, 94159]"
110751,"[84941, 79795, 100947, 76275, 69422, 106234, 76928, 78027, 46032, 29243]"
110752,"[34377, 12475, 82391, 65108, 60376, 57853, 17969, 85910, 77135, 19841]"
110753,"[89963, 70498, 38404, 59823, 113, 105216, 74597, 55727, 98841, 108049]"
110754,"[105650, 30987, 28650, 69668, 16874, 26820, 25185, 10781, 4832, 21484]"
110755,"[99540, 3693, 16165, 60601, 98266, 59706, 97685, 4856, 3070, 67699]"
110756,"[1620, 13787, 55334, 73995, 8154, 74174, 69824, 48469, 23306, 29307]"
110757,"[41814, 71150, 34861, 24912, 59381, 71042, 101926, 2967, 102491, 10612]"
110758,"[45003, 99954, 45974, 24024, 4780, 33893, 106243, 50812, 61135, 64483]"
110759,"[25935, 14707, 82194, 61454, 20220, 13034, 25028, 21540, 12657, 12121]"
110760,"[14669, 41692, 70085, 96690, 72433, 98824, 73480, 35027, 8829, 16865]"
110761,"[69959, 27623, 90384, 37510, 56846, 13694, 54515, 23929, 67417, 79932]"
110762,"[42237, 91914, 93676, 21632, 9476, 59612, 59647, 50469, 88111, 45608]"
110763,"[106386, 102188, 107808, 36188, 64807, 15435, 70165, 83780, 52073, 73315]"
110764,"[39741, 10316, 44004, 77990, 75803, 22533, 37660, 52558, 54081, 48782]"
110765,"[97267, 31815, 93615, 15542, 31661, 33961, 2387, 54992, 4561, 92850]"
110766,"[47974, 36274, 59520, 82928, 8544, 73722, 53170, 89369, 43777, 76932]"
110767,"[47055, 76036, 56970, 7743, 61701, 37784, 58052, 106896, 80125, 11140]"
110768,"[17094, 17222, 61480, 80986, 51907, 11860, 49396, 39932, 108182, 43385]"
110769,"[103989, 8266, 77146, 16160, 39818, 14446, 46235, 11124, 52767, 70991]"
110770,"[85230, 79998, 87388, 42503, 25010, 64672, 5707, 21230, 57120, 38997]"
110771,"[27314, 1861, 50533, 16657, 41108, 94231, 83276, 81195, 8034, 37982]"
110772,"[36127, 52831, 19827, 43187, 57345, 93087, 72955, 95394, 105062, 23794]"
110773,"[52530, 92191, 21712, 46090, 108128, 57943, 36652, 42492, 3890, 58651]"
110774,"[39571, 48961, 13496, 36186, 23021, 87889, 63651, 55214, 78510, 104257]"
110775,"[42023, 14858, 25362, 2508, 107438, 71778, 14093, 47776, 101092, 97042]"
110776,"[63835, 29084, 82604, 94252, 92871, 3531, 15017, 82916, 30066, 98930]"
110777,"[101643, 90576, 99582, 38339, 89597, 37498, 39522, 58215, 53138, 24744]"
110778,"[27557, 5887, 6061, 91468, 62513, 56855, 35581, 43550, 32676, 64000]"
110779,"[104904, 94440, 307, 68689, 73946, 60250, 5417, 101228, 13636, 53405]"
110780,"[101673, 104823, 50454, 62235, 97404, 58812, 71645, 89701, 216, 19602]"
110781,"[81803, 92426, 36144, 40258, 9632, 24765, 84615, 97135, 27940, 33556]"
110782,"[66518, 43228, 93019, 86201, 65460, 15936, 47381, 68277, 36292, 102027]"
110783,"[23397, 22770, 5724, 16348, 102957, 78577, 60757, 71653, 54615, 2798]"
110784,"[42558, 58333, 30285, 24124, 50617, 86274, 105428, 65794, 94865, 84583]"
110785,"[875, 57745, 22975, 66161, 8543, 104925, 104689, 13976, 83723, 62982]"
110786,"[107343, 73895, 30163, 64455, 7236, 67349, 19515, 73935, 91431, 11847]"
110787,"[57874, 28879, 40623, 92658, 66087, 78721, 37957, 107646, 77941, 60629]"
110788,"[52415, 16539, 68719, 62101, 91826, 106042, 44298, 77520, 20610, 101267]"
110789,"[84086, 7531, 73001, 46599, 99020, 42061, 87654, 5865, 46967, 11238]"
110790,"[69481, 16611, 32834, 48187, 14297, 6688, 7134, 88062, 52132, 19407]"
110791,"[86229, 102119, 92759, 22069, 47785, 101074, 66028, 40868, 72003, 20693]"
110792,"[52716, 73262, 58014, 41250, 44193, 8908, 79279, 52276, 8997, 92609]"
110793,"[59681, 12463, 94347, 85370, 38597, 41609, 37332, 98492, 19254, 99148]"
110794,"[28818, 71151, 25358, 74316, 34129, 31261, 17886, 63226, 34804, 34166]"
110795,"[18918, 65411, 69531, 45674, 24844, 58649, 9063, 98523, 65970, 50690]"
110796,"[2646, 105598, 59022, 80392, 64258, 35019, 52529, 33906, 80714, 104312]"
110797,"[61216, 18998, 7680, 62013, 18671, 70560, 35986, 46617, 24923, 79823]"
110798,"[89794, 102812, 56601, 30559, 4937, 99555, 90433, 5653, 33327, 23386]"
110799,"[12146, 34368, 66275, 7833, 90959, 11272, 95616, 69827, 90089, 53487]"
110800,"[34025, 26623, 28576, 78060, 65337, 39323, 1938, 7416, 23381, 75772]"
110801,"[63202, 58594, 91374, 83536, 38689, 41690, 83361, 48514, 29201, 100266]"
110802,"[67188, 36755, 82201, 91070, 69849, 26324, 52798, 71766, 81749, 96422]"
110803,"[25608, 23074, 78595, 26864, 61601, 106199, 99544, 41918, 184, 8687]"
110804,"[51366, 63293, 60060, 20675, 98016, 16747, 45745, 93309, 12422, 25000]"
110805,"[6995, 102345, 60128, 31253, 8398, 57876, 15979, 96428, 71957, 18797]"
110806,"[51776, 68630, 13297, 55192, 39261, 23403, 42459, 50503, 86293, 109131]"
110807,"[54131, 98259, 64671, 22340, 4261, 48571, 6531, 2405, 82431, 102779]"
110808,"[70594, 78908, 96509, 100915, 44159, 35906, 92490, 94664, 26812, 80507]"
110809,"[79805, 108444, 62673, 91409, 46499, 28422, 25553, 53866, 100812, 20737]"
110810,"[13757, 19517, 103670, 22106, 3871, 92867, 26650, 97838, 33584, 43693]"
110811,"[101599, 23934, 101109, 11936, 10342, 89787, 88998, 10270, 91440, 49094]"
110812,"[69423, 36350, 23117, 44988, 96214, 30967, 41979, 80752, 78255, 25604]"
110813,"[100631, 66805, 58856, 109617, 72120, 93143, 89151, 16186, 76301, 75909]"
110814,"[20896, 396, 108105, 102961, 92863, 1462, 80225, 21373, 93586, 13726]"
110815,"[36198, 47846, 19221, 10594, 43575, 41137, 66198, 49351, 47193, 85751]"
110816,"[21462, 27563, 13188, 92386, 101760, 25768, 52124, 22975, 94448, 104492]"
110817,"[67792, 29513, 51651, 45363, 83901, 23407, 88337, 1116, 55862, 10157]"
110818,"[20884, 72845, 40267, 60967, 17789, 151, 76883, 83358, 81604, 90757]"
110819,"[101257, 78278, 66967, 6176, 14991, 53340, 68602, 84656, 21174, 10063]"
110820,"[55540, 51691, 98083, 104842, 72493, 93567, 69847, 100040, 12859, 101721]"
110821,"[29803, 94646, 69780, 30253, 77621, 13951, 94343, 80844, 30301, 100943]"
110822,"[48004, 19349, 31977, 29550, 5040, 47720, 95346, 88348, 90708, 15603]"
110823,"[54021, 51880, 70977, 32338, 50109, 94802, 69669, 81410, 35367, 10700]"
110824,"[26781, 45024, 101515, 57582, 29455, 64276, 23483, 93465, 31242, 5572]"
110825,"[50819, 87237, 92213, 24562, 58476, 108157, 95119, 11524, 86332, 53710]"
110826,"[102141, 48449, 85447, 38842, 103353, 51921, 8782, 2824, 86594, 109431]"
110827,"[29549, 22521, 73156, 76503, 77585, 27174, 67522, 66720, 21850, 47360]"
110828,"[20682, 82457, 67337, 58428, 71908, 63037, 91365, 90204, 82128, 82494]"
110829,"[88773, 14830, 34740, 51258, 94900, 12114, 97302, 45534, 22667, 23826]"
110830,"[90982, 55389, 10881, 79265, 52109, 18515, 9700, 35931, 70311, 97329]"
110831,"[67539, 35872, 85429, 23102, 24736, 47604, 13397, 10553, 64636, 52180]"
110832,"[1878, 72832, 40755, 65009, 66826, 49442, 87769, 74834, 55419, 17447]"
110833,"[89273, 81525, 22656, 53247, 16484, 88642, 58730, 66472, 78999, 69626]"
110834,"[33808, 71421, 28760, 73572, 70445, 1662, 7530, 101868, 15367, 55807]"
110835,"[87733, 15234, 60503, 65732, 107239, 41516, 13613, 81596, 34435, 20747]"
110836,"[7513, 52973, 10402, 21794, 21112, 29538, 101775, 96926, 43099, 8744]"
110837,"[8140, 33735, 93065, 29534, 65904, 42113, 8812, 70154, 59001, 45167]"
110838,"[109765, 27063, 28970, 62389, 28032, 97537, 58133, 89143, 1177, 10344]"
110839,"[64408, 45241, 95813, 63764, 87374, 98619, 77639, 65435, 49692, 3297]"
110840,"[82641, 19715, 72702, 9083, 79144, 93813, 62090, 70125, 45899, 104245]"
110841,"[1394, 1841, 61775, 55246, 70247, 40683, 93217, 87552, 98765, 67714]"
110842,"[91941, 23000, 37994, 99351, 20033, 95798, 108643, 6902, 21321, 39429]"
110843,"[21831, 34912, 79451, 6720, 2923, 3837, 86682, 47417, 102634, 64713]"
110844,"[58298, 68652, 63520, 17565, 104393, 13928, 12927, 4873, 52000, 71452]"
110845,"[26830, 101553, 82799, 57763, 93883, 44399, 58130, 13784, 3078, 97366]"
110846,"[18487, 12260, 48859, 71584, 37146, 22249, 43554, 37266, 76520, 92669]"
110847,"[36448, 6616, 23172, 72712, 44087, 93260, 99847, 21713, 69597, 52137]"
110848,"[92224, 101129, 45333, 100759, 92868, 20090, 10927, 74636, 31936, 23221]"
110849,"[127, 82698, 86583, 56032, 5332, 47129, 100724, 7054, 99322, 28857]"
110850,"[59668, 70325, 60978, 20822, 97196, 44349, 37551, 60238, 81972, 5498]"
110851,"[87240, 21321, 39150, 38976, 25860, 86183, 17869, 46620, 80807, 54362]"
110852,"[11631, 49896, 34841, 104560, 71427, 36584, 24007, 61695, 14957, 91151]"
110853,"[39717, 95910, 52066, 14952, 25160, 100428, 107089, 7345, 26500, 3064]"
110854,"[95428, 3675, 2444, 58600, 36385, 5760, 80767, 107909, 103083, 27352]"
110855,"[66954, 46072, 81569, 47569, 38482, 99072, 73390, 10026, 53043, 99672]"
110856,"[51982, 93661, 11487, 2955, 106320, 22274, 67989, 42374, 5142, 74503]"
110857,"[109095, 92003, 51381, 97928, 79528, 40151, 41366, 52510, 40512, 44356]"
110858,"[53307, 49628, 12109, 96956, 59343, 14954, 41372, 60052, 34776, 99172]"
110859,"[7652, 64459, 9362, 12624, 9820, 36814, 105316, 76667, 23576, 91660]"
110860,"[23250, 104815, 23598, 66062, 52542, 47883, 67195, 86807, 42101, 93249]"
110861,"[36597, 55733, 37891, 253, 82136, 69705, 19455, 83506, 63888, 23577]"
110862,"[61427, 95534, 1807, 46163, 37311, 24344, 26905, 92857, 108782, 25886]"
110863,"[2462, 16118, 106517, 20189, 39645, 3690, 23083, 16992, 52732, 89026]"
110864,"[42682, 15661, 109499, 101348, 88512, 107836, 91022, 107587, 92591, 109347]"
110865,"[106751, 44771, 8310, 21453, 10863, 22393, 52851, 28102, 73829, 4926]"
110866,"[33635, 39095, 38683, 21796, 77486, 54254, 80590, 24306, 78981, 35759]"
110867,"[19573, 13116, 88047, 21532, 30332, 109164, 82029, 31488, 34540, 51850]"
110868,"[14100, 77800, 94348, 71762, 10290, 109201, 11949, 44039, 68398, 13615]"
110869,"[84264, 94682, 33805, 33204, 90694, 63441, 105323, 86043, 84803, 15559]"
110870,"[89802, 24241, 78991, 107212, 57866, 94635, 42278, 24070, 95738, 61278]"
110871,"[25880, 18264, 26018, 13427, 47438, 37120, 2331, 86734, 3648, 25548]"
110872,"[91784, 28260, 81979, 107592, 92271, 75734, 45924, 67484, 60546, 17675]"
110873,"[93441, 28668, 61528, 83067, 9822, 31896, 30475, 109086, 89179, 93998]"
110874,"[103325, 26667, 14908, 61812, 92597, 16746, 6329, 11418, 47619, 42227]"
110875,"[14065, 109150, 104580, 22209, 107570, 36837, 88808, 1542, 25271, 23334]"
110876,"[15038, 80504, 86428, 78431, 14791, 56179, 19448, 76926, 54954, 27154]"
110877,"[11123, 23205, 103707, 96778, 72157, 23028, 93149, 78905, 81931, 48025]"
110878,"[47433, 94619, 5364, 58036, 28549, 57049, 67973, 40436, 67341, 67878]"
110879,"[28716, 22192, 71612, 61306, 69672, 42707, 82027, 102975, 63805, 61881]"
110880,"[17892, 93135, 63035, 33898, 25124, 88636, 65361, 445, 74369, 27727]"
110881,"[59455, 29954, 39154, 34654, 26981, 76984, 75551, 11109, 94367, 13961]"
110882,"[60609, 30762, 107317, 82989, 93538, 98409, 108590, 9534, 17456, 79175]"
110883,"[66444, 39148, 77948, 4501, 1094, 95620, 38148, 64579, 16979, 61744]"
110884,"[93332, 68219, 109397, 102582, 32411, 67318, 76689, 53780, 105411, 40287]"
110885,"[1517, 51465, 36455, 99407, 99063, 42980, 78686, 44636, 35014, 79573]"
110886,"[3117, 41771, 67941, 65187, 66554, 29995, 65300, 91781, 65027, 4210]"
110887,"[27348, 96970, 1756, 108331, 101, 57777, 96046, 85046, 93728, 57078]"
110888,"[65154, 46382, 1581, 14090, 103220, 60994, 20538, 91743, 93500, 66268]"
110889,"[95923, 101840, 70418, 71425, 23838, 74076, 92129, 89578, 79813, 74402]"
110890,"[926, 36900, 74010, 85504, 43560, 9392, 45262, 79577, 52650, 48302]"
110891,"[103570, 22965, 96210, 62301, 37806, 74199, 34551, 48695, 38213, 19642]"
110892,"[88450, 18077, 94171, 23619, 98664, 16412, 96809, 20832, 41876, 66467]"
110893,"[13898, 10358, 95118, 104882, 65161, 15399, 73014, 89407, 11179, 2240]"
110894,"[85790, 57788, 78511, 23277, 74703, 44696, 36479, 17437, 7311, 50164]"
110895,"[74986, 107959, 85646, 69605, 21898, 15433, 85168, 25769, 96026, 31062]"
110896,"[72510, 73720, 10382, 102527, 86689, 101731, 67997, 101043, 30368, 4345]"
110897,"[81416, 61251, 63874, 87105, 22664, 29511, 93571, 13892, 12698, 27168]"
110898,"[87632, 39363, 26125, 8551, 65923, 25165, 42779, 77162, 104731, 67839]"
110899,"[77029, 90219, 10339, 73557, 27594, 83262, 54596, 22699, 48835, 64201]"
110900,"[48954, 8015, 77685, 4510, 92060, 52707, 89671, 107100, 105253, 83434]"
110901,"[77886, 51672, 71212, 93978, 24854, 84284, 55545, 35399, 3143, 20479]"
110902,"[94483, 104520, 106013, 47143, 79618, 35203, 31066, 66540, 2502, 34853]"
110903,"[68581, 79590, 106180, 48184, 13685, 67928, 18176, 77610, 55967, 66471]"
110904,"[53484, 3395, 90216, 75673, 77274, 57992, 31070, 30432, 12790, 25977]"
110905,"[21517, 102108, 27212, 23838, 48061, 71425, 85400, 25135, 34826, 57388]"
110906,"[7169, 23193, 35205, 51588, 26567, 93030, 47191, 71667, 44659, 12413]"
110907,"[34734, 71143, 91498, 11321, 15647, 33957, 62413, 34144, 15390, 100207]"
110908,"[26502, 42871, 100578, 55004, 54844, 9671, 8327, 34722, 35744, 28972]"
110909,"[21299, 13422, 9393, 33796, 23703, 25317, 64550, 35603, 48968, 32988]"
110910,"[19019, 86468, 85608, 10888, 96594, 103042, 27370, 90812, 63367, 36783]"
110911,"[101654, 10426, 100536, 57246, 27281, 18731, 9879, 105054, 94779, 10483]"
110912,"[68257, 2618, 87860, 84760, 17080, 75085, 23815, 108168, 23536, 38948]"
110913,"[11182, 101286, 23890, 59707, 59129, 28672, 103169, 108465, 87635, 10869]"
110914,"[95722, 63819, 10582, 14565, 17197, 55515, 78407, 21823, 39380, 10659]"
110915,"[88509, 52758, 41394, 108408, 11589, 78710, 55697, 2703, 73734, 109772]"
110916,"[99210, 1834, 42959, 44593, 16208, 18284, 24804, 102895, 91948, 38757]"
110917,"[84353, 29546, 55930, 101786, 14385, 96266, 54089, 33940, 37810, 58272]"
110918,"[93849, 103256, 44582, 81784, 94460, 35910, 50100, 1456, 88840, 36538]"
110919,"[34604, 2546, 57128, 56799, 21429, 42748, 66569, 68479, 4230, 17689]"
110920,"[65296, 61253, 67265, 102548, 66281, 37690, 89972, 60793, 55166, 61037]"
110921,"[7872, 21888, 62215, 93903, 58317, 21587, 14266, 2346, 29982, 78004]"
110922,"[93862, 36776, 25596, 41525, 60542, 52628, 27424, 31371, 80723, 68902]"
110923,"[10451, 36299, 75341, 27244, 84196, 74173, 4426, 90372, 108218, 109171]"
110924,"[26051, 277, 71553, 25614, 7707, 32831, 87883, 35816, 55568, 61692]"
110925,"[60163, 98187, 71641, 91497, 107940, 23127, 40199, 50529, 53944, 72212]"
110926,"[81535, 94350, 40404, 5138, 86446, 90914, 57054, 38718, 69191, 72592]"
110927,"[95950, 21222, 40435, 6499, 72857, 26992, 24616, 56363, 84560, 31359]"
110928,"[73957, 98661, 12075, 7000, 89061, 100890, 56813, 35948, 100894, 99683]"
110929,"[27616, 28195, 22170, 87081, 27613, 48331, 95600, 39172, 33909, 101183]"
110930,"[16574, 6891, 25323, 12685, 91903, 7658, 95563, 41505, 109260, 84090]"
110931,"[43203, 14667, 31012, 73172, 100483, 7600, 71931, 9266, 57645, 98122]"
110932,"[53520, 68295, 78175, 34127, 73177, 53077, 23341, 38475, 83628, 109743]"
110933,"[30148, 36491, 12381, 11532, 23185, 76339, 97480, 13458, 79733, 36309]"
110934,"[59496, 48939, 20520, 100469, 47977, 29950, 88074, 33489, 82305, 50766]"
110935,"[35532, 89602, 32694, 44012, 971, 51447, 91307, 44583, 11, 101412]"
110936,"[68008, 27936, 11010, 102234, 68062, 78230, 29451, 27843, 63112, 46373]"
110937,"[62468, 45945, 19425, 56611, 63132, 25804, 55513, 23987, 67376, 57966]"
110938,"[62258, 39883, 24459, 7556, 15124, 61114, 73491, 3703, 64558, 43186]"
110939,"[37449, 37530, 73772, 97396, 87708, 96258, 10762, 54108, 104789, 50245]"
110940,"[96281, 36762, 22511, 69576, 57153, 109746, 50279, 84299, 73329, 346]"
110941,"[103930, 19679, 95212, 442, 24816, 66314, 56940, 78367, 98045, 88771]"
110942,"[6532, 74979, 47786, 109318, 52177, 62465, 24692, 54179, 44340, 18074]"
110943,"[66489, 9944, 6982, 64809, 81695, 14992, 9903, 33618, 66830, 73020]"
110944,"[109600, 93106, 81731, 80865, 60699, 11323, 107764, 98870, 16263, 87245]"
110945,"[230, 102120, 84056, 70861, 12125, 21066, 25154, 79301, 73554, 1392]"
110946,"[94395, 82074, 83251, 83913, 67061, 91376, 6243, 105755, 54749, 88598]"
110947,"[88933, 105057, 76590, 28642, 16152, 77205, 17835, 49318, 72147, 94536]"
110948,"[79266, 55083, 99432, 92223, 16790, 15052, 11507, 79122, 59946, 104188]"
110949,"[25264, 69471, 58737, 106574, 40402, 9588, 66078, 108127, 13780, 19014]"
110950,"[94721, 33414, 63250, 109712, 102400, 100863, 98502, 85104, 51294, 61261]"
110951,"[27543, 40475, 55718, 56983, 55181, 92118, 35681, 22705, 49555, 30011]"
110952,"[9937, 38897, 80907, 95266, 41857, 78601, 60919, 35354, 57875, 90323]"
110953,"[69671, 96551, 21235, 69459, 77862, 69258, 45451, 1956, 60933, 43990]"
110954,"[102917, 18724, 66460, 97336, 50654, 85705, 37935, 24052, 47889, 47457]"
110955,"[17379, 109468, 84318, 107180, 74838, 22052, 109081, 94412, 72006, 86430]"
110956,"[102569, 30470, 108474, 60435, 102681, 91292, 75301, 41532, 97918, 44285]"
110957,"[103768, 32670, 109177, 59815, 23944, 2982, 31648, 78265, 45792, 102606]"
110958,"[83642, 44141, 103069, 10036, 77343, 100869, 76217, 64611, 7164, 67454]"
110959,"[44515, 26859, 75608, 35757, 51718, 52321, 25782, 31999, 30113, 60361]"
110960,"[13516, 22956, 17775, 103027, 103526, 10377, 15418, 23451, 13056, 53355]"
110961,"[76806, 88409, 47789, 97985, 16682, 43519, 8653, 73435, 6142, 10382]"
110962,"[108457, 63338, 40837, 77083, 33132, 49254, 69065, 47065, 89889, 109710]"
110963,"[76009, 25971, 102720, 4725, 80919, 20264, 95137, 100955, 86831, 35315]"
110964,"[49148, 84226, 24300, 56084, 97558, 102696, 17138, 84536, 64985, 4783]"
110965,"[63348, 20903, 40586, 2504, 54552, 97484, 104573, 31807, 38567, 15320]"
110966,"[59950, 9659, 36878, 81131, 73404, 39436, 60841, 63270, 30474, 317]"
110967,"[53245, 94414, 99985, 106566, 88884, 36833, 11051, 94465, 66006, 65993]"
110968,"[96648, 97108, 55810, 15287, 10243, 50892, 35860, 20244, 61083, 15211]"
110969,"[43960, 62753, 35529, 64270, 6486, 77373, 6970, 44572, 71215, 78648]"
110970,"[46867, 43323, 64932, 63307, 17405, 102039, 1810, 41843, 3446, 54505]"
110971,"[57865, 86108, 85226, 74827, 37836, 97474, 90551, 49017, 21333, 105747]"
110972,"[8857, 33799, 98853, 8973, 12436, 37486, 96092, 58284, 91910, 104763]"
110973,"[97994, 85873, 104546, 39365, 81311, 103291, 82015, 13196, 57488, 62375]"
110974,"[5765, 86082, 72245, 106568, 11820, 50066, 6304, 20711, 81423, 97415]"
110975,"[92196, 15711, 88223, 108211, 2925, 45052, 91717, 88588, 99937, 80148]"
110976,"[20560, 65576, 86145, 10843, 58605, 85431, 22186, 37177, 20172, 67999]"
110977,"[34331, 73808, 75848, 28224, 78115, 5997, 37948, 39568, 71952, 41367]"
110978,"[7636, 101479, 59658, 63212, 88708, 3400, 48703, 15278, 61562, 75937]"
110979,"[71789, 38177, 76249, 102434, 109457, 43199, 95233, 57537, 96344, 33983]"
110980,"[97656, 62139, 4183, 84837, 82167, 19649, 54268, 68284, 48387, 71111]"
110981,"[108403, 78592, 27269, 45951, 47139, 77737, 37647, 7942, 81501, 35185]"
110982,"[37374, 76966, 32521, 100498, 72656, 96893, 75758, 83321, 74030, 52973]"
110983,"[17899, 95814, 79541, 101570, 85042, 11348, 2044, 72162, 36853, 61678]"
110984,"[46487, 63200, 48165, 5834, 17571, 70839, 8954, 94124, 86253, 102806]"
110985,"[38528, 23423, 50295, 93380, 74996, 74475, 5261, 72974, 85005, 64612]"
110986,"[11430, 60820, 20402, 70693, 52970, 54169, 28865, 82516, 48364, 32813]"
110987,"[83147, 54901, 21755, 76606, 73795, 16395, 57726, 42000, 19056, 85410]"
110988,"[25482, 32292, 8398, 61470, 82520, 34608, 94308, 31253, 18797, 7501]"
110989,"[88356, 66935, 11994, 48781, 59190, 6865, 17411, 82608, 40016, 20504]"
110990,"[30533, 104725, 27676, 5107, 69866, 75594, 55294, 86363, 34855, 54352]"
110991,"[14419, 4230, 42748, 56799, 49871, 81802, 1142, 83031, 90582, 89923]"
110992,"[15961, 40210, 43206, 77400, 95850, 5224, 47309, 72748, 11210, 92411]"
110993,"[75493, 28923, 97098, 39426, 106655, 89091, 30243, 76438, 79700, 73067]"
110994,"[86876, 36834, 56074, 26452, 35336, 43459, 63093, 4921, 109182, 40048]"
110995,"[1534, 32377, 18927, 51721, 75299, 12580, 94794, 89749, 100540, 39481]"
110996,"[90193, 71264, 53215, 68722, 14639, 8532, 85172, 15083, 31587, 70753]"
110997,"[77982, 84547, 36586, 94921, 91292, 103443, 68587, 19791, 58268, 23702]"
110998,"[50533, 1861, 2679, 3137, 41108, 80437, 86641, 21709, 92848, 29424]"
110999,"[108090, 46756, 32305, 108572, 77162, 86848, 55507, 52333, 51380, 108163]"
111000,"[97210, 49472, 76080, 93079, 39444, 25481, 21452, 83592, 48635, 78432]"
111001,"[21668, 101033, 30011, 57508, 37681, 23198, 69420, 63910, 55181, 90326]"
111002,"[70625, 55681, 20732, 11288, 64673, 27936, 8885, 26405, 77352, 74073]"
111003,"[65663, 23560, 36764, 41858, 28839, 38410, 39335, 55468, 34921, 37773]"
111004,"[6921, 108539, 54613, 36392, 20905, 78902, 26674, 69950, 47289, 94481]"
111005,"[53420, 47407, 104897, 42170, 43606, 74949, 40271, 16667, 31812, 64054]"
111006,"[45652, 5415, 27089, 4460, 72996, 24961, 71300, 75421, 35746, 54147]"
111007,"[10985, 97176, 29960, 3003, 98889, 99403, 39032, 88927, 85956, 74516]"
111008,"[41834, 26786, 36564, 25127, 32401, 91525, 106098, 23823, 26669, 106988]"
111009,"[47344, 2083, 102068, 31714, 101059, 98566, 21296, 1770, 6335, 78429]"
111010,"[90245, 36143, 49461, 31401, 11916, 75072, 11656, 54445, 85657, 44902]"
111011,"[3572, 2298, 37769, 102731, 52117, 24611, 637, 1844, 95878, 57586]"
111012,"[22254, 52958, 7257, 97817, 78121, 91269, 81874, 7896, 58238, 68830]"
111013,"[30722, 76456, 66083, 44673, 39827, 107102, 31794, 99854, 56148, 89495]"
111014,"[1746, 102201, 81909, 81819, 7025, 3166, 38573, 29280, 30731, 7894]"
111015,"[72018, 21153, 61132, 66785, 35949, 30361, 105745, 107623, 48561, 2361]"
111016,"[37634, 26468, 70105, 2320, 73049, 13830, 67442, 64337, 27401, 61393]"
111017,"[66659, 75061, 11739, 64663, 33855, 85055, 45224, 40279, 81540, 98095]"
111018,"[76849, 92021, 102712, 51068, 16135, 25594, 44933, 53565, 6761, 8123]"
111019,"[17027, 46822, 61085, 15146, 63088, 76094, 32807, 87428, 87242, 60468]"
111020,"[90289, 29556, 94790, 7609, 106349, 3704, 106904, 10851, 50924, 95306]"
111021,"[88475, 48098, 59754, 54734, 31910, 7608, 57271, 99573, 35701, 103583]"
111022,"[88968, 66127, 107127, 42162, 44638, 62490, 14961, 56410, 54250, 91414]"
111023,"[29659, 976, 69045, 49433, 80069, 32943, 21936, 20496, 63124, 76796]"
111024,"[88550, 11535, 93641, 29651, 36739, 59493, 28068, 78456, 46280, 99955]"
111025,"[97015, 75717, 27491, 47866, 9394, 108931, 49720, 94993, 39623, 109423]"
111026,"[29095, 24217, 36240, 19054, 26673, 18657, 34620, 25284, 64040, 16659]"
111027,"[14360, 73784, 10460, 27436, 13526, 14357, 73079, 19966, 81493, 63329]"
111028,"[97739, 20495, 102044, 89257, 23075, 8695, 69314, 51820, 102666, 82920]"
111029,"[66734, 15906, 84077, 82477, 31921, 42636, 70681, 47037, 95354, 29563]"
111030,"[13988, 28616, 18536, 10263, 47255, 15083, 792, 89440, 102419, 91661]"
111031,"[39347, 35055, 54246, 84523, 43280, 76030, 6911, 36594, 43400, 43930]"
111032,"[32669, 5486, 86953, 97335, 57467, 41890, 72076, 54483, 92624, 31710]"
111033,"[23641, 11652, 44875, 71216, 40281, 22112, 75484, 45445, 22554, 70447]"
111034,"[102248, 93257, 107806, 108027, 108049, 86767, 62063, 108594, 37750, 55727]"
111035,"[8891, 37598, 9663, 50304, 13453, 482, 49271, 74072, 66533, 91979]"
111036,"[39387, 98222, 53974, 7471, 90703, 85736, 98697, 95127, 36563, 87414]"
111037,"[40822, 28182, 74792, 82215, 109704, 35721, 93311, 30473, 87806, 9671]"
111038,"[27258, 45178, 49450, 7941, 101793, 52963, 7943, 884, 5184, 94367]"
111039,"[52425, 21754, 49954, 88081, 98758, 89897, 32245, 85716, 11101, 78114]"
111040,"[14344, 26599, 45545, 97888, 82459, 96959, 62638, 13776, 6344, 34660]"
111041,"[24816, 105360, 19679, 4222, 54969, 69264, 75549, 72568, 442, 36167]"
111042,"[76563, 5217, 21095, 96345, 12613, 48816, 84795, 47942, 75750, 72113]"
111043,"[41810, 78407, 21541, 96583, 76768, 108084, 56524, 49327, 91604, 62410]"
111044,"[68690, 62333, 36602, 34712, 86844, 65817, 50505, 70812, 86910, 107035]"
111045,"[62226, 67787, 71856, 58175, 95841, 30398, 85694, 75711, 14426, 19820]"
111046,"[73518, 38003, 35447, 84035, 49279, 28168, 18950, 80174, 94949, 92943]"
111047,"[43486, 9110, 50027, 97304, 84753, 50971, 49454, 26509, 92595, 78225]"
111048,"[23510, 94474, 27576, 73654, 93669, 35978, 188, 2867, 41486, 98917]"
111049,"[52288, 95791, 68843, 80060, 31879, 27964, 14570, 5264, 98685, 77091]"
111050,"[109480, 41765, 78961, 21411, 105808, 66459, 29742, 23081, 91937, 4204]"
111051,"[96206, 51991, 12857, 35093, 39033, 28876, 41814, 25315, 98163, 3700]"
111052,"[9670, 75028, 87988, 10479, 63836, 82051, 45191, 50782, 58215, 42074]"
111053,"[48992, 74310, 44817, 73736, 14037, 10579, 63274, 51611, 85691, 73425]"
111054,"[43075, 63736, 57588, 59104, 63663, 87159, 59649, 52791, 39073, 37893]"
111055,"[11644, 2057, 73750, 46268, 91538, 26686, 98407, 29983, 78377, 48503]"
111056,"[101917, 87887, 76404, 56485, 64642, 54479, 66884, 4808, 86335, 94160]"
111057,"[95382, 32206, 23735, 23137, 109316, 33191, 77349, 31595, 32233, 23650]"
111058,"[67097, 86560, 101343, 102491, 23765, 102318, 26714, 34861, 90593, 24010]"
111059,"[105159, 36106, 20227, 29434, 71159, 51159, 104474, 35625, 46699, 61617]"
111060,"[74862, 80605, 98521, 103645, 83347, 47756, 106190, 27321, 46788, 2050]"
111061,"[54930, 78840, 28452, 106364, 83857, 60131, 97290, 9072, 72831, 87976]"
111062,"[82641, 89820, 62090, 45649, 4823, 92312, 19715, 33678, 101406, 45899]"
111063,"[101499, 2041, 70749, 63674, 77284, 108554, 105707, 33685, 25561, 13566]"
111064,"[107184, 77084, 84549, 21211, 63995, 14420, 5310, 57246, 11742, 38738]"
111065,"[35696, 4386, 43385, 40592, 9585, 43596, 34991, 44923, 68893, 60586]"
111066,"[47293, 74596, 107152, 24863, 26928, 81080, 67306, 14355, 28299, 97868]"
111067,"[41390, 109352, 42041, 98699, 12370, 8648, 25254, 45983, 102820, 10214]"
111068,"[44014, 35719, 26294, 108202, 58669, 75298, 80453, 18211, 75801, 56992]"
111069,"[94290, 6298, 30123, 20357, 4307, 20799, 83245, 80488, 80134, 70614]"
111070,"[77267, 27716, 55400, 60991, 100222, 51066, 30170, 65535, 84054, 17677]"
111071,"[3565, 5417, 29929, 80231, 59643, 101529, 59035, 62520, 78480, 31300]"
111072,"[85176, 15183, 56917, 44988, 92643, 94444, 99105, 15459, 8993, 71854]"
111073,"[89583, 4450, 46171, 100286, 105790, 97606, 19325, 14567, 42561, 5214]"
111074,"[95778, 46945, 62919, 12653, 57624, 56121, 41736, 99052, 12980, 13318]"
111075,"[27988, 1463, 25398, 21010, 30794, 18847, 77572, 67825, 69284, 33131]"
111076,"[94328, 98114, 1405, 9782, 54441, 8995, 94526, 22619, 37461, 78059]"
111077,"[56247, 26419, 44765, 14213, 27500, 3389, 44044, 60627, 15317, 91339]"
111078,"[94921, 97238, 18321, 32226, 3402, 5535, 26654, 5284, 34504, 57785]"
111079,"[22656, 89273, 88642, 81525, 66472, 98418, 76724, 78999, 45610, 32686]"
111080,"[102740, 47137, 87238, 97670, 101725, 92983, 9211, 104071, 93575, 96044]"
111081,"[87663, 27882, 11590, 40844, 57757, 43069, 21858, 82598, 5235, 109311]"
111082,"[55403, 37551, 103422, 63244, 70325, 2981, 20822, 65128, 2870, 29068]"
111083,"[97005, 71293, 35296, 65684, 77016, 60918, 8252, 63970, 74012, 79858]"
111084,"[76275, 79795, 83463, 37230, 269, 6050, 10338, 90719, 73223, 69422]"
111085,"[26276, 74949, 40271, 11108, 18371, 95577, 3295, 87321, 28975, 102731]"
111086,"[81353, 66855, 28922, 84058, 89294, 46294, 69069, 19477, 12266, 7283]"
111087,"[33031, 70487, 97864, 32735, 89983, 79300, 7347, 85880, 5871, 62678]"
111088,"[29070, 46666, 38628, 36157, 78395, 45014, 1243, 49869, 17389, 54469]"
111089,"[58584, 21996, 47272, 80968, 68865, 80532, 42035, 87732, 77333, 26478]"
111090,"[52031, 27096, 44269, 2069, 23740, 38622, 82444, 86184, 96494, 25214]"
111091,"[76549, 67132, 53728, 76844, 87686, 82189, 82694, 60936, 89730, 100922]"
111092,"[63184, 74162, 20108, 14638, 61970, 6399, 50746, 79852, 42151, 64771]"
111093,"[48096, 82779, 9174, 102518, 32923, 15994, 42531, 28744, 57402, 8716]"
111094,"[95811, 51324, 86493, 17770, 64180, 76834, 12014, 48409, 38292, 34420]"
111095,"[42097, 61301, 108555, 16268, 63415, 90024, 74631, 81024, 104703, 94961]"
111096,"[109562, 29797, 21112, 45790, 76319, 97999, 59780, 31904, 54815, 7343]"
111097,"[37981, 54215, 74831, 42990, 96902, 81861, 4272, 60839, 12652, 3674]"
111098,"[100741, 46898, 63346, 97800, 34342, 41831, 10966, 41420, 77781, 82931]"
111099,"[49528, 27455, 751, 64134, 95438, 79931, 103742, 92316, 69790, 88431]"
111100,"[104490, 14592, 25790, 16234, 108886, 53759, 94986, 84397, 90763, 32490]"
111101,"[42029, 64664, 75311, 34968, 80255, 51983, 42723, 70298, 101605, 90198]"
111102,"[102101, 85006, 9505, 23955, 65936, 109730, 38132, 36890, 75070, 75735]"
111103,"[92484, 109546, 82845, 71822, 95733, 63556, 59049, 56453, 89349, 87584]"
111104,"[28267, 74245, 38171, 49491, 18097, 80560, 66811, 89308, 8142, 56775]"
111105,"[76336, 54660, 4911, 19570, 49651, 23506, 51002, 64027, 47345, 83255]"
111106,"[88036, 32593, 99980, 81798, 49687, 44936, 32073, 43544, 27351, 2540]"
111107,"[54147, 43266, 52597, 35746, 70684, 19319, 105828, 33481, 27089, 86958]"
111108,"[2035, 97956, 71391, 74512, 26009, 97496, 53552, 104768, 84758, 1286]"
111109,"[57998, 65832, 2227, 98495, 32568, 5057, 100118, 38966, 90038, 29513]"
111110,"[22848, 19933, 97641, 78962, 84807, 29027, 46195, 96487, 36721, 29164]"
111111,"[107489, 88800, 51172, 69611, 87705, 44414, 39805, 37168, 27152, 23635]"
111112,"[93618, 30535, 83435, 86448, 624, 82598, 104900, 34688, 85703, 77698]"
111113,"[108255, 79888, 42943, 77561, 75781, 28745, 7306, 72600, 79214, 12432]"
111114,"[84611, 15416, 85581, 98524, 85015, 39130, 77719, 50595, 42934, 56661]"
111115,"[72013, 35934, 107335, 42284, 15858, 49683, 101514, 89921, 34370, 35771]"
111116,"[60991, 65535, 22098, 30170, 86839, 14705, 27716, 31156, 91184, 2322]"
111117,"[57486, 25133, 45675, 81259, 55034, 105975, 16282, 48224, 4519, 102524]"
111118,"[70384, 102589, 54274, 102017, 68067, 7455, 22913, 55473, 42419, 22752]"
111119,"[4657, 74758, 51045, 107699, 96784, 24966, 76854, 56881, 18063, 94698]"
111120,"[106194, 89830, 75779, 105923, 31635, 17221, 14627, 34376, 55502, 103868]"
111121,"[68494, 3394, 107471, 92349, 84156, 5229, 67949, 95484, 4759, 45377]"
111122,"[68243, 81845, 53411, 24960, 73471, 33784, 44179, 44698, 25260, 5343]"
111123,"[1877, 10939, 76882, 29434, 96085, 81346, 64348, 32259, 32791, 104404]"
111124,"[97675, 86583, 16384, 7054, 107548, 70028, 44246, 35714, 58581, 28403]"
111125,"[15237, 39412, 52259, 29784, 12123, 99506, 79714, 96387, 82209, 12797]"
111126,"[23172, 44087, 62187, 51337, 43508, 46715, 70572, 67817, 31702, 6616]"
111127,"[16567, 93589, 21102, 90860, 77126, 39507, 106957, 54280, 8922, 77463]"
111128,"[28250, 91613, 47743, 78756, 3937, 26587, 69884, 30408, 66780, 5534]"
111129,"[26321, 36010, 9512, 19836, 91464, 103658, 1884, 66220, 108600, 81125]"
111130,"[19751, 17529, 40669, 8019, 9297, 102209, 49232, 4261, 9247, 38429]"
111131,"[29983, 14503, 67816, 90241, 20469, 16755, 71455, 26686, 37655, 34859]"
111132,"[93877, 13685, 71625, 48184, 77610, 55967, 91242, 68581, 95281, 28991]"
111133,"[65078, 46314, 43871, 108950, 53721, 58392, 81837, 20396, 65416, 97152]"
111134,"[52252, 48429, 21538, 40715, 89217, 23340, 84463, 104222, 56480, 69672]"
111135,"[17206, 47214, 12355, 35423, 35662, 27162, 16744, 44370, 16555, 92650]"
111136,"[8232, 6087, 100992, 61380, 107304, 82628, 69565, 47309, 48473, 48467]"
111137,"[51482, 3467, 23965, 36753, 96796, 11023, 66955, 76781, 87361, 10594]"
111138,"[74013, 45139, 69341, 24895, 32112, 28148, 94823, 14298, 56528, 20937]"
111139,"[39416, 49929, 45270, 23443, 19658, 97897, 43640, 102519, 98323, 69067]"
111140,"[3687, 89822, 93920, 39105, 92938, 31992, 39761, 41141, 91352, 66342]"
111141,"[43981, 60598, 48907, 105345, 98161, 92970, 35588, 26205, 59200, 30497]"
111142,"[71260, 83447, 82537, 22241, 63099, 39067, 77280, 29222, 89645, 85386]"
111143,"[14714, 5190, 91847, 71052, 3021, 11764, 5489, 92808, 50559, 49932]"
111144,"[85203, 97539, 107874, 60700, 51908, 40520, 47871, 17347, 96149, 76430]"
111145,"[21140, 90038, 73547, 98594, 43786, 41437, 38120, 47854, 75524, 28207]"
111146,"[102268, 92862, 32586, 28042, 47123, 2640, 22252, 12808, 108598, 58047]"
111147,"[84178, 100139, 35421, 36269, 44838, 42458, 33377, 2143, 6201, 87030]"
111148,"[38757, 99210, 89540, 29164, 100303, 15038, 101292, 65286, 18284, 107426]"
111149,"[18376, 64243, 104734, 32429, 44297, 93162, 28207, 79345, 4018, 47042]"
111150,"[49928, 55913, 6493, 69234, 103636, 85746, 100613, 109188, 34973, 94188]"
111151,"[19294, 37233, 98145, 35389, 41580, 46339, 73818, 13534, 107770, 75788]"
111152,"[74717, 94546, 95157, 89442, 51929, 74440, 62539, 42285, 79609, 104593]"
111153,"[99379, 106796, 92758, 74523, 13133, 105237, 93749, 49688, 9769, 14728]"
111154,"[12328, 48490, 101797, 8603, 62209, 25050, 84275, 18702, 88012, 7222]"
111155,"[92519, 104517, 29059, 91091, 95454, 42545, 32320, 6296, 62811, 109426]"
111156,"[70740, 87976, 8126, 80242, 17281, 14430, 28452, 84144, 60131, 10554]"
111157,"[40212, 88176, 30708, 28596, 34877, 103762, 34235, 8121, 51812, 55885]"
111158,"[102384, 20255, 46868, 102049, 99640, 63671, 50332, 46651, 6713, 78866]"
111159,"[51397, 90223, 55193, 107552, 103692, 36248, 58761, 3431, 3202, 6632]"
111160,"[44258, 97432, 14504, 33775, 17580, 103093, 38942, 70051, 4667, 28731]"
111161,"[29808, 60007, 81381, 5911, 26718, 103864, 48334, 433, 17256, 39917]"
111162,"[80797, 57541, 39860, 53327, 101817, 107633, 3116, 69196, 67907, 76391]"
111163,"[84908, 105339, 42421, 29566, 27855, 90056, 49778, 56553, 42751, 73302]"
111164,"[15294, 37314, 82538, 15037, 41351, 60743, 24320, 27241, 20410, 47549]"
111165,"[35084, 95775, 91615, 37307, 72890, 0, 58207, 18674, 64948, 53493]"
111166,"[40331, 29824, 87192, 34156, 11304, 36075, 96267, 70250, 40181, 89973]"
111167,"[56528, 69341, 24895, 109725, 82557, 20251, 34697, 41172, 93807, 104319]"
111168,"[13748, 9394, 64443, 4621, 51908, 87322, 97015, 64575, 78232, 21065]"
111169,"[6652, 82289, 7017, 37854, 17550, 23605, 107616, 20701, 27934, 102579]"
111170,"[75944, 20692, 676, 37424, 87909, 81264, 108831, 66762, 51441, 96259]"
111171,"[10229, 99964, 58028, 73221, 37056, 194, 2843, 92105, 59540, 65976]"
111172,"[42501, 109431, 21678, 22518, 16751, 102994, 58734, 55482, 85447, 81534]"
111173,"[14791, 22950, 19523, 62075, 106571, 64279, 61971, 24592, 47816, 19448]"
111174,"[827, 15036, 30009, 82199, 89221, 75996, 248, 48463, 93550, 90014]"
111175,"[6065, 60403, 78103, 108855, 10498, 98755, 20953, 3614, 9163, 28344]"
111176,"[29755, 50925, 79453, 2700, 79032, 91222, 93290, 31151, 35880, 73968]"
111177,"[44117, 88919, 31298, 101115, 7375, 15579, 55313, 52236, 64038, 43474]"
111178,"[5771, 97465, 75167, 108548, 3297, 100498, 72656, 21707, 2183, 37374]"
111179,"[35836, 85873, 82015, 74070, 27730, 62375, 78271, 80160, 103291, 97480]"
111180,"[102172, 20481, 66258, 14429, 20936, 96475, 74078, 62058, 80123, 108739]"
111181,"[39130, 56661, 98524, 101213, 77719, 75430, 85581, 54775, 61375, 18511]"
111182,"[98380, 80657, 77588, 45093, 102559, 33594, 6119, 59539, 28879, 44316]"
111183,"[60999, 29980, 7153, 93908, 1495, 70293, 56942, 51076, 15403, 44512]"
111184,"[60210, 54509, 73608, 76529, 77303, 13819, 109420, 67864, 93321, 71674]"
111185,"[72110, 6844, 15106, 94035, 79824, 55238, 80862, 590, 94966, 37002]"
111186,"[106843, 53288, 22691, 24636, 29899, 74285, 63866, 97588, 78, 71663]"
111187,"[53856, 46598, 64304, 48998, 75621, 56056, 108213, 79942, 73911, 53134]"
111188,"[82737, 107402, 31122, 84619, 12896, 71039, 99100, 58684, 4121, 93894]"
111189,"[29138, 108717, 108345, 25106, 37197, 101577, 74820, 4084, 18123, 20673]"
111190,"[74647, 59765, 29267, 34154, 53548, 52388, 65181, 52287, 44773, 34761]"
111191,"[74364, 94785, 7097, 20075, 88414, 13328, 61981, 55135, 21623, 35733]"
111192,"[78425, 88229, 83496, 75186, 31672, 7755, 34560, 60211, 99051, 54273]"
111193,"[60801, 65715, 40355, 59523, 82912, 9578, 104832, 90547, 71726, 101066]"
111194,"[108053, 109612, 60157, 63354, 75545, 50097, 105255, 27327, 53347, 9999]"
111195,"[101005, 68771, 16800, 59874, 67587, 2464, 102780, 92575, 16146, 53097]"
111196,"[83951, 19344, 860, 51433, 62158, 53223, 24398, 64898, 73021, 23662]"
111197,"[9237, 50695, 81163, 30725, 43396, 68137, 105554, 12024, 102249, 12026]"
111198,"[33855, 45032, 62319, 51658, 32942, 77447, 80492, 52433, 90346, 64619]"
111199,"[33940, 17342, 106602, 44146, 27647, 84353, 19214, 73735, 68861, 20626]"
111200,"[109227, 15201, 72986, 86191, 62993, 35049, 27374, 65893, 54278, 88856]"
111201,"[18658, 86213, 98946, 43801, 57522, 16138, 31444, 12298, 71707, 25649]"
111202,"[92919, 47758, 38672, 13777, 82931, 66189, 61866, 62223, 64589, 41607]"
111203,"[97239, 7485, 79387, 55486, 65666, 14594, 74668, 37273, 5018, 6310]"
111204,"[2827, 83553, 99589, 96494, 17157, 53464, 44787, 73148, 58805, 19050]"
111205,"[30877, 20813, 88994, 43849, 46894, 63415, 93110, 78827, 56981, 25703]"
111206,"[45771, 16761, 30648, 92426, 36144, 14697, 64469, 108551, 54902, 18580]"
111207,"[77669, 73065, 45970, 75273, 2012, 15446, 63798, 61712, 104888, 14073]"
111208,"[105242, 11095, 4942, 86741, 62903, 50783, 33318, 104229, 82924, 2635]"
111209,"[30507, 60743, 8646, 33997, 89382, 87933, 46104, 34315, 69878, 70295]"
111210,"[101076, 89275, 55373, 3101, 90770, 93668, 7124, 39666, 19984, 104215]"
111211,"[64638, 81614, 74000, 30593, 71509, 48343, 67831, 48628, 78562, 17773]"
111212,"[60735, 49148, 49512, 61296, 64903, 71776, 65419, 71626, 5320, 20638]"
111213,"[92960, 63502, 21682, 74880, 102967, 88599, 39341, 107771, 87880, 64411]"
111214,"[55282, 85560, 107600, 7137, 29538, 34773, 27813, 14236, 77323, 21794]"
111215,"[10144, 50689, 30751, 35543, 94633, 29103, 23255, 29575, 13801, 85116]"
111216,"[105872, 32050, 99098, 25544, 83107, 73590, 47413, 57235, 69237, 40302]"
111217,"[24381, 95122, 8950, 93072, 35642, 18602, 33017, 15652, 5925, 31247]"
111218,"[7752, 1735, 58605, 64965, 36582, 758, 6413, 54307, 89088, 84128]"
111219,"[72712, 93260, 44087, 102166, 95537, 18233, 49854, 21713, 7159, 18341]"
111220,"[81641, 105313, 107416, 46184, 53923, 45962, 67520, 38952, 44095, 29181]"
111221,"[84247, 70405, 70385, 22799, 20048, 47044, 91564, 105944, 84761, 44190]"
111222,"[96365, 84142, 22625, 42452, 16065, 95838, 65833, 90425, 24867, 27634]"
111223,"[26888, 89217, 40715, 81333, 63805, 102975, 54900, 17290, 5458, 26501]"
111224,"[105339, 5430, 82388, 92340, 97567, 73015, 9209, 40641, 90056, 49778]"
111225,"[105039, 25156, 92604, 86057, 17459, 26225, 6079, 23365, 22344, 85173]"
111226,"[68056, 54979, 69182, 68692, 27428, 66415, 73745, 30724, 51381, 105482]"
111227,"[52550, 24604, 3092, 23102, 11860, 77638, 82924, 47604, 63158, 74069]"
111228,"[76360, 80112, 95611, 82648, 98486, 10488, 103260, 22106, 16661, 77907]"
111229,"[71406, 56480, 64476, 83815, 5699, 17479, 101063, 19515, 96839, 51935]"
111230,"[5118, 28733, 83167, 41333, 73708, 593, 16434, 58066, 7403, 80916]"
111231,"[106613, 58100, 44809, 2304, 60813, 96827, 43052, 67713, 55210, 52407]"
111232,"[57557, 40332, 57030, 10953, 51923, 2882, 1469, 79941, 71031, 66739]"
111233,"[77704, 48587, 78756, 15246, 105635, 28250, 30408, 26587, 5534, 46360]"
111234,"[65273, 55045, 45153, 21375, 87030, 94820, 85813, 45781, 83349, 76755]"
111235,"[107482, 22033, 93454, 47365, 95976, 98026, 81147, 56121, 29118, 601]"
111236,"[16955, 28145, 76496, 6185, 109596, 24873, 93252, 99766, 18135, 85678]"
111237,"[82239, 34166, 24903, 72484, 52828, 30300, 69639, 51698, 31261, 17886]"
111238,"[97580, 92096, 87870, 13692, 18423, 81994, 49687, 74287, 107331, 97405]"
111239,"[36670, 3117, 81582, 91781, 65027, 65187, 18323, 66554, 81275, 61350]"
111240,"[33407, 71301, 43864, 38504, 70095, 55986, 103019, 34397, 23695, 4974]"
111241,"[12857, 10142, 81344, 25315, 51991, 80217, 30046, 96206, 69754, 58435]"
111242,"[81336, 3022, 61974, 65980, 38627, 90087, 43372, 36391, 38071, 106230]"
111243,"[2739, 91008, 48683, 4289, 104034, 95509, 45425, 95533, 63145, 69527]"
111244,"[79139, 71454, 51876, 91416, 534, 87977, 3165, 62814, 42101, 13450]"
111245,"[29303, 103287, 69068, 43670, 103847, 41365, 8506, 39122, 87904, 86280]"
111246,"[10382, 64457, 57479, 40153, 95629, 88409, 30368, 54032, 47789, 97913]"
111247,"[77132, 52758, 60444, 50483, 95457, 47881, 88509, 22026, 75569, 43311]"
111248,"[96452, 84492, 17123, 43304, 103357, 106966, 18857, 75087, 107664, 91301]"
111249,"[81692, 24300, 2793, 62010, 97558, 87755, 93349, 6253, 84226, 70797]"
111250,"[94573, 92874, 47414, 12535, 80968, 34727, 67500, 87732, 47272, 66873]"
111251,"[63539, 44711, 32225, 76379, 35260, 73114, 29256, 36838, 14141, 105746]"
111252,"[35990, 70675, 78299, 71858, 7376, 7247, 105938, 34992, 12788, 13182]"
111253,"[103073, 64951, 58518, 26778, 90892, 26877, 53702, 56588, 43762, 86806]"
111254,"[14737, 101295, 65882, 108254, 101019, 79328, 57894, 21494, 77394, 16724]"
111255,"[76298, 12887, 36841, 26572, 33877, 33366, 91261, 30305, 40419, 5561]"
111256,"[48896, 31428, 81913, 96702, 64993, 101765, 79879, 18716, 96754, 90693]"
111257,"[50311, 40065, 22599, 92645, 83341, 53554, 51000, 105602, 41539, 41989]"
111258,"[21995, 28492, 23243, 39895, 43072, 14416, 34840, 39236, 74622, 53720]"
111259,"[49020, 73700, 19403, 80006, 61958, 67933, 68488, 14310, 108639, 69571]"
111260,"[109763, 53167, 52591, 1148, 77580, 85881, 58866, 52877, 48838, 71689]"
111261,"[95884, 74823, 78656, 47570, 93771, 104094, 2815, 51854, 49444, 71114]"
111262,"[12677, 67778, 50883, 93632, 32671, 36758, 71949, 38693, 59093, 37061]"
111263,"[107864, 92716, 77002, 95586, 1803, 101384, 53643, 69951, 72411, 47972]"
111264,"[54001, 5753, 12929, 30684, 63589, 54364, 91474, 71186, 42403, 107007]"
111265,"[80259, 21551, 67519, 98719, 87308, 45232, 54786, 16603, 49665, 10141]"
111266,"[63024, 46618, 76444, 38456, 41770, 24800, 95063, 68375, 10785, 41469]"
111267,"[10316, 53486, 72785, 39741, 60258, 54081, 17247, 43529, 107035, 73227]"
111268,"[14883, 20399, 338, 85142, 73907, 15846, 18890, 77051, 68466, 52853]"
111269,"[4993, 50756, 16484, 81247, 72518, 89273, 27420, 22656, 69435, 88642]"
111270,"[37045, 2935, 81311, 62375, 35836, 65831, 99266, 80160, 99986, 58575]"
111271,"[20004, 50536, 87132, 96152, 91603, 31074, 49036, 3455, 5546, 70697]"
111272,"[26243, 85349, 99217, 37708, 4390, 4970, 23796, 36694, 24822, 15893]"
111273,"[89368, 21814, 91995, 59127, 81871, 57061, 88500, 91884, 61469, 85892]"
111274,"[108738, 65339, 97011, 347, 102495, 58865, 40671, 36564, 1216, 34526]"
111275,"[59715, 7954, 13179, 7248, 106256, 49982, 10540, 104654, 88449, 57095]"
111276,"[25268, 106335, 8753, 79877, 50559, 27548, 42557, 76585, 1273, 30462]"
111277,"[10609, 62599, 9189, 559, 76770, 69974, 21073, 28771, 107578, 29499]"
111278,"[17957, 7456, 65474, 72131, 69171, 47115, 56268, 29305, 72660, 19693]"
111279,"[83247, 67354, 52886, 42355, 87061, 10945, 9147, 88479, 95188, 19871]"
111280,"[17394, 35098, 60864, 1689, 61160, 13143, 47656, 41749, 58173, 50914]"
111281,"[91723, 93748, 52867, 100111, 33453, 50097, 102397, 12096, 22305, 11175]"
111282,"[91377, 72302, 79706, 40000, 37602, 32754, 49068, 65359, 61277, 41399]"
111283,"[55031, 24879, 98613, 78090, 28397, 10756, 58670, 16341, 35691, 58683]"
111284,"[42317, 108891, 48540, 55693, 69708, 75682, 43103, 26287, 20417, 97888]"
111285,"[56586, 70404, 8468, 58089, 108984, 35185, 61292, 78180, 27567, 25939]"
111286,"[21576, 98627, 71199, 95162, 31262, 14559, 105118, 83909, 53311, 97060]"
111287,"[58719, 39883, 101236, 91248, 51435, 63564, 107039, 9867, 83448, 43186]"
111288,"[1700, 79798, 65532, 105311, 71927, 15012, 107997, 47139, 59315, 101363]"
111289,"[102592, 76117, 46085, 42962, 4029, 102102, 48499, 11921, 2605, 18933]"
111290,"[85564, 14916, 82577, 83464, 65984, 88543, 17900, 33204, 66523, 53138]"
111291,"[85608, 30918, 38558, 86300, 63367, 107762, 27370, 29905, 11447, 78841]"
111292,"[27937, 60585, 47148, 20146, 49887, 90355, 28703, 34206, 98797, 76219]"
111293,"[90277, 62688, 83204, 15047, 84766, 52260, 13115, 98540, 92474, 68700]"
111294,"[74253, 29304, 93077, 38170, 104543, 77916, 46160, 66098, 71750, 50894]"
111295,"[65277, 58971, 78337, 9485, 109771, 41036, 97722, 77253, 46286, 50326]"
111296,"[3496, 53492, 17061, 980, 92210, 80264, 75316, 25795, 107523, 63476]"
111297,"[99554, 94275, 71584, 83069, 91330, 75588, 89929, 81307, 95549, 56950]"
111298,"[7983, 48357, 101280, 58864, 98921, 37512, 105517, 76007, 78385, 32771]"
111299,"[94131, 96374, 17062, 62676, 18175, 15044, 8016, 58840, 78448, 23370]"
111300,"[98031, 92427, 45741, 86429, 78620, 16697, 104547, 28822, 24567, 57346]"
111301,"[15906, 70681, 82477, 84077, 56152, 31921, 27183, 101160, 82177, 76219]"
111302,"[73449, 42653, 108994, 6170, 44366, 96181, 73493, 65942, 40961, 106482]"
111303,"[109679, 46841, 45670, 46940, 86282, 92964, 63618, 66282, 34919, 50439]"
111304,"[51501, 57154, 76045, 56151, 43271, 57971, 75114, 7500, 95783, 12301]"
111305,"[94949, 64405, 92943, 38003, 35447, 84035, 31380, 10466, 81124, 53106]"
111306,"[75938, 34505, 10104, 93593, 101975, 41577, 33889, 99617, 34096, 108978]"
111307,"[84600, 44089, 87718, 51482, 96796, 3467, 87361, 100190, 102703, 46809]"
111308,"[109005, 25568, 97246, 49836, 19643, 34969, 49868, 81246, 93670, 31405]"
111309,"[46194, 82332, 46423, 100490, 78509, 52412, 25491, 99687, 76754, 59216]"
111310,"[70232, 64207, 76115, 64525, 49914, 35994, 92061, 64563, 78666, 86798]"
111311,"[57812, 101937, 108194, 49559, 57611, 84261, 97057, 68426, 81715, 70325]"
111312,"[91426, 53952, 7749, 46994, 17439, 77349, 31595, 34387, 31705, 45389]"
111313,"[45861, 49229, 83641, 85995, 85123, 104742, 97693, 22745, 14687, 47779]"
111314,"[83769, 38704, 22447, 29334, 95336, 91998, 54780, 53236, 91665, 86481]"
111315,"[84413, 107045, 107463, 97379, 33718, 49557, 90743, 64387, 108168, 1900]"
111316,"[78411, 50190, 91068, 71135, 102681, 75147, 32080, 48145, 107724, 69170]"
111317,"[76734, 58325, 50774, 34050, 103341, 3731, 11767, 61329, 64688, 107718]"
111318,"[79583, 64098, 1757, 58882, 108400, 8669, 77384, 59041, 105841, 35652]"
111319,"[33528, 53151, 75098, 16976, 84945, 48780, 40424, 102380, 6128, 27983]"
111320,"[34442, 17456, 34638, 104197, 9534, 76780, 44696, 68905, 44526, 94906]"
111321,"[55620, 95026, 95229, 37321, 18403, 1141, 75789, 59170, 36789, 88739]"
111322,"[94837, 57295, 7502, 56872, 10085, 74, 47282, 99975, 79121, 76891]"
111323,"[86231, 29755, 98177, 48002, 30117, 24966, 96900, 10297, 97283, 28262]"
111324,"[108427, 28577, 9352, 88243, 53018, 55860, 83595, 95417, 26219, 27059]"
111325,"[60408, 2220, 63166, 34148, 83558, 103810, 4398, 47352, 88861, 66927]"
111326,"[11200, 104035, 109358, 11289, 55230, 55598, 25091, 57107, 58280, 30296]"
111327,"[11871, 11908, 30256, 58483, 14802, 9686, 11707, 79197, 15472, 59049]"
111328,"[98656, 25677, 67689, 24641, 61626, 40810, 77676, 75292, 65133, 4461]"
111329,"[28778, 9071, 74832, 1835, 87909, 90457, 75103, 23587, 50978, 40831]"
111330,"[93595, 31573, 28696, 59071, 3249, 102194, 85663, 100031, 103635, 81475]"
111331,"[66768, 101486, 47487, 85457, 12056, 46687, 28791, 75142, 38361, 42110]"
111332,"[80582, 79085, 14385, 87359, 72796, 70422, 29546, 61882, 28940, 70485]"
111333,"[40776, 26959, 49482, 96823, 49034, 42395, 92568, 85766, 44596, 74663]"
111334,"[94631, 45032, 11738, 35995, 36317, 35568, 93351, 64619, 102907, 90346]"
111335,"[15922, 71565, 7213, 102513, 29189, 61304, 62914, 91454, 69230, 45036]"
111336,"[47222, 52187, 23340, 101453, 101023, 75741, 20821, 44395, 26889, 74525]"
111337,"[61914, 28369, 82811, 36943, 82127, 43231, 29897, 2903, 45282, 71272]"
111338,"[21057, 46816, 109434, 52653, 109349, 88775, 76590, 28642, 28496, 84436]"
111339,"[67522, 77585, 27174, 76503, 89558, 29549, 66720, 21850, 48063, 47360]"
111340,"[77417, 14457, 17991, 45034, 61037, 34777, 19453, 107609, 10177, 28494]"
111341,"[5617, 47998, 87370, 14503, 10511, 34460, 8554, 71056, 29736, 29169]"
111342,"[22060, 82952, 75783, 62753, 85039, 83593, 64270, 6970, 92486, 97032]"
111343,"[68754, 256, 46958, 45765, 21606, 8446, 95647, 86503, 30939, 66259]"
111344,"[70246, 21068, 61967, 50267, 21007, 71958, 65720, 49976, 76226, 19458]"
111345,"[104348, 73414, 71345, 12809, 39081, 32120, 85210, 102493, 34865, 12431]"
111346,"[24593, 2209, 83941, 89114, 18786, 77145, 72406, 61379, 21895, 80654]"
111347,"[85589, 106693, 83238, 50548, 15396, 77716, 13249, 58102, 98915, 84644]"
111348,"[65867, 45305, 90349, 20658, 87642, 57858, 85386, 105684, 1024, 107308]"
111349,"[94466, 12419, 2780, 98587, 9623, 88559, 20208, 99649, 60638, 88660]"
111350,"[3297, 12636, 5771, 42175, 40836, 87374, 73369, 26724, 47310, 65435]"
111351,"[34394, 85852, 52230, 81018, 82417, 84300, 106241, 105926, 94900, 44579]"
111352,"[24474, 73044, 42030, 49747, 95037, 88722, 2317, 4267, 74836, 62122]"
111353,"[5898, 53474, 103562, 92048, 3012, 43545, 108685, 97308, 51839, 7167]"
111354,"[7631, 62587, 82354, 72906, 34617, 70179, 33280, 37037, 70607, 101567]"
111355,"[66748, 62401, 33423, 87393, 90687, 56561, 47175, 77352, 63968, 90128]"
111356,"[42488, 13962, 3824, 47539, 63459, 10791, 71389, 49942, 465, 50062]"
111357,"[48666, 107705, 10965, 50708, 15062, 102668, 76542, 82399, 45748, 33436]"
111358,"[29449, 73802, 31542, 105422, 99724, 52613, 53637, 103628, 64077, 20816]"
111359,"[108368, 107440, 21520, 108813, 91899, 8132, 28278, 105311, 101363, 58344]"
111360,"[63936, 66340, 107496, 592, 52374, 12060, 89053, 81191, 83280, 57679]"
111361,"[85608, 30918, 86300, 27278, 11447, 107762, 37583, 2203, 90356, 27370]"
111362,"[30107, 80048, 3243, 81981, 53935, 48428, 13136, 91408, 84134, 9687]"
111363,"[42555, 77439, 33092, 59506, 62040, 102948, 53826, 52660, 86408, 109174]"
111364,"[87886, 90080, 104675, 107708, 8669, 26996, 38025, 108400, 66769, 64098]"
111365,"[105926, 85852, 44579, 92888, 23826, 1082, 94900, 33972, 37641, 109227]"
111366,"[5272, 23295, 86539, 80951, 71873, 18827, 24670, 4945, 107918, 354]"
111367,"[67644, 6862, 56473, 97751, 32499, 34942, 74804, 88650, 81838, 18586]"
111368,"[6490, 52426, 57526, 25363, 10465, 31089, 24552, 12493, 73369, 26724]"
111369,"[90112, 81926, 35959, 1494, 101866, 8674, 90833, 44076, 28779, 30093]"
111370,"[8735, 60175, 81634, 16181, 52041, 61268, 32580, 55072, 20597, 83653]"
111371,"[97855, 78691, 45453, 17472, 94429, 71475, 34346, 17496, 16773, 23297]"
111372,"[72037, 59437, 76535, 97780, 95677, 82012, 18478, 63884, 33535, 46337]"
111373,"[4988, 3583, 80781, 106293, 99291, 80147, 93723, 105232, 65869, 54466]"
111374,"[61762, 103330, 41077, 43665, 84255, 94522, 84589, 109494, 107436, 50167]"
111375,"[102084, 99998, 6695, 98254, 34877, 58348, 41820, 59186, 88077, 94479]"
111376,"[83434, 57499, 10834, 26021, 47009, 36691, 6772, 52707, 59650, 64555]"
111377,"[105144, 46303, 2998, 99611, 67426, 88139, 99686, 54044, 67608, 92755]"
111378,"[47571, 94101, 84655, 38656, 43284, 88725, 54559, 51475, 108018, 97494]"
111379,"[104070, 86682, 42541, 79451, 64713, 65306, 2923, 76356, 47417, 31857]"
111380,"[59052, 52711, 7393, 98586, 6990, 44448, 77987, 21055, 3021, 23688]"
111381,"[7547, 65206, 18772, 29043, 13579, 65877, 78688, 103904, 5506, 3282]"
111382,"[103469, 99943, 38794, 70337, 41961, 11495, 8861, 37559, 35841, 43182]"
111383,"[78155, 25118, 23739, 105607, 83156, 42881, 38694, 31713, 41915, 41941]"
111384,"[293, 77228, 74428, 33800, 55199, 100970, 80290, 42639, 99802, 18161]"
111385,"[103842, 29273, 92727, 3043, 93945, 56892, 47943, 95554, 101276, 39098]"
111386,"[88429, 94953, 22619, 45177, 83852, 61813, 8447, 75369, 75441, 75258]"
111387,"[67933, 11517, 87916, 21015, 75464, 108639, 69571, 73700, 80006, 19403]"
111388,"[88240, 94099, 109299, 80287, 77442, 93187, 30818, 28882, 9629, 66567]"
111389,"[83463, 72040, 269, 81487, 71570, 76275, 9068, 10338, 36628, 22505]"
111390,"[15983, 22734, 87702, 68313, 27418, 17659, 92347, 91971, 95743, 74683]"
111391,"[107637, 85303, 77498, 79100, 66621, 95043, 108088, 39389, 80746, 101395]"
111392,"[6859, 6371, 31911, 49776, 73964, 97873, 45155, 9207, 16797, 20648]"
111393,"[11652, 23641, 40614, 49415, 67107, 57896, 9728, 28343, 70935, 57432]"
111394,"[57996, 18181, 41647, 105851, 7359, 65422, 45324, 19161, 104599, 88146]"
111395,"[79834, 108196, 32178, 9226, 40999, 71352, 7923, 104478, 90264, 72292]"
111396,"[665, 19749, 60584, 75828, 52696, 56311, 23164, 20899, 64212, 66121]"
111397,"[56241, 35465, 69272, 85882, 2192, 84132, 66441, 98763, 89590, 76864]"
111398,"[79607, 99367, 28570, 43279, 12801, 106493, 22591, 17038, 106519, 63749]"
111399,"[52300, 77389, 22061, 70194, 894, 42586, 15412, 99502, 59575, 30984]"
111400,"[15239, 42152, 17970, 106438, 80758, 8477, 26261, 27746, 61432, 21260]"
111401,"[104409, 7574, 83789, 12787, 35196, 80428, 55315, 12511, 40124, 37974]"
111402,"[65319, 10344, 16531, 6947, 34161, 54436, 23245, 21394, 57021, 96902]"
111403,"[67845, 97092, 13659, 85104, 23366, 84506, 93600, 38933, 24948, 28254]"
111404,"[105923, 21230, 85729, 69853, 83804, 85230, 71404, 42503, 64672, 40009]"
111405,"[6632, 24646, 71064, 91237, 89447, 78910, 41544, 2424, 36248, 84537]"
111406,"[95562, 18321, 77139, 41323, 86966, 106872, 73541, 100870, 71862, 9883]"
111407,"[101911, 45879, 71501, 16299, 16918, 59629, 59475, 34525, 85316, 85383]"
111408,"[34515, 88055, 49867, 89394, 31389, 65211, 19339, 4673, 95564, 27267]"
111409,"[6865, 17411, 13701, 82608, 59190, 88356, 81748, 106415, 16833, 34080]"
111410,"[90491, 44914, 48534, 52624, 107775, 74637, 36674, 27322, 41414, 73960]"
111411,"[35957, 72610, 34851, 4841, 48445, 18672, 6664, 90384, 44772, 4116]"
111412,"[59535, 21194, 78465, 87518, 75940, 77028, 30046, 12834, 89109, 36960]"
111413,"[33883, 78056, 57956, 19906, 25927, 52564, 70680, 38693, 44423, 99027]"
111414,"[12190, 78814, 63290, 103787, 9454, 75559, 28612, 68666, 65240, 17194]"
111415,"[74614, 75832, 106607, 53484, 30432, 67093, 78189, 3395, 12790, 43181]"
111416,"[26157, 13800, 64088, 29932, 79068, 21322, 64398, 25118, 13274, 79470]"
111417,"[29516, 71164, 428, 3697, 5686, 108265, 11195, 9682, 57452, 104483]"
111418,"[63793, 25752, 69215, 93257, 65861, 100227, 108049, 79566, 66830, 85737]"
111419,"[8500, 83811, 39646, 100630, 7299, 9126, 101562, 2808, 59398, 70318]"
111420,"[84106, 109627, 59269, 56749, 14845, 17787, 92820, 77369, 88531, 53596]"
111421,"[28913, 59901, 61409, 4553, 68662, 68985, 85727, 48620, 61834, 30363]"
111422,"[31809, 24957, 60515, 54115, 9258, 96750, 48377, 65886, 68232, 11790]"
111423,"[63445, 99424, 66518, 78682, 76722, 86201, 65460, 34420, 39786, 41404]"
111424,"[109739, 79203, 22000, 4375, 27645, 41083, 5676, 12467, 107903, 72466]"
111425,"[42576, 85767, 92190, 14683, 26543, 52881, 32399, 24653, 45244, 54516]"
111426,"[11071, 10843, 65576, 10673, 54307, 103662, 4347, 21136, 20560, 85431]"
111427,"[22610, 33466, 8111, 57443, 14006, 56945, 55798, 48504, 37614, 36500]"
111428,"[6566, 91949, 52445, 469, 14973, 108473, 64881, 97174, 24170, 88391]"
111429,"[80861, 7755, 63461, 40101, 99051, 71966, 6588, 22858, 36810, 38963]"
111430,"[96135, 25792, 50735, 25446, 25694, 26826, 80490, 82437, 49135, 42593]"
111431,"[82059, 11752, 90586, 3782, 35899, 46452, 26007, 21149, 18872, 109628]"
111432,"[65752, 39823, 3381, 18682, 37317, 87404, 21568, 10204, 29441, 36701]"
111433,"[34042, 25096, 28629, 56095, 4105, 106892, 28081, 106948, 60712, 65189]"
111434,"[86560, 74883, 67786, 34861, 90634, 24010, 67097, 1776, 101343, 76657]"
111435,"[48094, 64745, 49431, 68766, 86375, 70773, 43680, 106331, 26906, 56965]"
111436,"[88860, 16896, 69726, 68663, 40663, 71213, 97467, 101523, 76019, 93420]"
111437,"[29020, 6139, 101064, 52105, 84534, 21760, 81970, 36647, 77780, 58492]"
111438,"[4713, 53851, 43161, 107658, 59665, 1939, 91783, 43084, 1974, 95749]"
111439,"[67627, 53212, 72073, 47177, 9693, 28567, 67212, 70307, 58733, 19456]"
111440,"[71991, 49033, 42566, 3963, 100674, 38080, 5339, 92719, 48131, 4638]"
111441,"[97282, 14396, 13214, 34806, 80497, 71224, 89360, 71250, 67903, 80562]"
111442,"[55195, 6124, 79191, 72684, 5506, 100351, 74836, 72384, 97642, 78924]"
111443,"[6356, 47075, 30832, 21277, 102405, 17790, 28056, 9214, 20690, 43795]"
111444,"[14618, 13105, 87816, 11384, 10576, 3393, 103937, 47119, 44295, 41636]"
111445,"[63461, 107141, 31672, 7755, 22858, 29347, 99051, 80861, 38963, 40101]"
111446,"[45653, 106826, 3618, 53203, 15205, 69890, 75430, 36098, 22837, 93011]"
111447,"[5626, 52904, 107248, 31218, 43837, 82087, 5135, 11059, 8567, 58401]"
111448,"[68332, 21056, 54039, 101666, 50967, 80778, 41209, 34299, 26951, 92528]"
111449,"[41963, 42039, 3274, 51330, 95751, 15714, 107995, 71546, 101331, 73832]"
111450,"[1523, 77258, 90563, 44253, 42790, 66333, 53785, 37236, 93553, 9536]"
111451,"[69464, 86404, 105168, 67866, 25926, 90549, 15215, 90567, 54264, 102129]"
111452,"[55535, 54302, 78920, 29906, 28234, 13942, 28592, 101267, 73144, 82284]"
111453,"[75685, 33619, 8383, 69573, 91333, 53600, 104004, 104203, 53936, 29490]"
111454,"[79433, 17153, 93007, 14702, 30842, 33028, 53873, 1996, 19444, 62508]"
111455,"[91687, 4665, 14355, 103816, 9840, 39681, 11864, 71119, 97902, 26568]"
111456,"[52807, 52611, 32142, 106166, 6822, 70330, 39163, 8548, 59966, 43355]"
111457,"[36253, 100353, 60626, 54043, 107307, 40851, 50911, 50876, 80737, 71066]"
111458,"[52177, 105556, 62465, 3627, 24692, 6532, 48707, 44340, 83229, 109318]"
111459,"[36751, 15997, 49535, 37071, 86138, 104436, 51833, 55038, 78915, 16544]"
111460,"[71847, 57797, 93395, 55576, 75610, 41982, 21721, 13400, 50936, 52864]"
111461,"[34451, 14267, 26023, 98310, 70375, 43400, 45464, 63878, 91480, 76670]"
111462,"[91501, 70110, 52821, 60093, 24588, 12456, 65629, 59161, 48553, 102122]"
111463,"[70173, 39253, 100365, 96564, 76066, 41801, 103397, 54637, 58041, 16120]"
111464,"[98480, 71014, 2816, 82901, 1506, 98588, 11755, 1625, 63743, 13526]"
111465,"[8296, 109101, 41758, 12818, 59737, 1309, 102338, 51557, 54020, 15308]"
111466,"[45459, 63503, 54182, 61402, 100438, 6081, 81084, 50380, 82486, 97758]"
111467,"[64644, 71850, 6093, 40198, 44278, 74988, 18194, 43090, 45838, 86736]"
111468,"[22513, 99874, 97500, 40876, 49725, 85100, 84653, 47497, 33576, 83242]"
111469,"[49091, 99025, 61331, 63456, 106002, 26455, 13434, 22155, 77024, 20433]"
111470,"[36499, 87930, 64910, 99420, 19117, 55941, 95233, 21222, 4544, 15279]"
111471,"[25390, 2472, 11562, 17960, 44757, 93114, 62506, 50253, 16536, 49460]"
111472,"[13673, 75051, 79223, 40063, 72200, 39757, 101110, 931, 96655, 63509]"
111473,"[60708, 95198, 88483, 100523, 36929, 79679, 25071, 78193, 58423, 63394]"
111474,"[48182, 95800, 44451, 95070, 5276, 87116, 39949, 27625, 73245, 94512]"
111475,"[17205, 39849, 64068, 33806, 99753, 51838, 71389, 62350, 10993, 2686]"
111476,"[56601, 89270, 90316, 25709, 87764, 56096, 58625, 78625, 76892, 92796]"
111477,"[61695, 36584, 49896, 43651, 104560, 62832, 71427, 47228, 51289, 68761]"
111478,"[61233, 76529, 106381, 59846, 13627, 71674, 41555, 103703, 13819, 72812]"
111479,"[30275, 50733, 97314, 1303, 46287, 22240, 10697, 83055, 78665, 20602]"
111480,"[61254, 104145, 80867, 84759, 26254, 9914, 10572, 63703, 46173, 80302]"
111481,"[61716, 67422, 62934, 36525, 12592, 88744, 68660, 49414, 75109, 35586]"
111482,"[60091, 82698, 22294, 70600, 90425, 82496, 73972, 24867, 69800, 22625]"
111483,"[11120, 18817, 31592, 31633, 98377, 81183, 82913, 99533, 12453, 61940]"
111484,"[101952, 61380, 45322, 80804, 36607, 56753, 62115, 59128, 69565, 45658]"
111485,"[64899, 4266, 30621, 32551, 19931, 40249, 64977, 31246, 31209, 22337]"
111486,"[106115, 100100, 35898, 74006, 56838, 98121, 37956, 3136, 28429, 105732]"
111487,"[22630, 39194, 12879, 72140, 92998, 59824, 106940, 14879, 7123, 83172]"
111488,"[35771, 89919, 100665, 101825, 107335, 42009, 15858, 5743, 34679, 34370]"
111489,"[87371, 44640, 29144, 86412, 57325, 28359, 8974, 106590, 86668, 34028]"
111490,"[17094, 65402, 10553, 72335, 32695, 39932, 43385, 65943, 90415, 80986]"
111491,"[34207, 2897, 55742, 68675, 56171, 9010, 21563, 6632, 77818, 41544]"
111492,"[89434, 15441, 85700, 33103, 17696, 39256, 49294, 73592, 44870, 84784]"
111493,"[36546, 67890, 31996, 108920, 109253, 1525, 37518, 84619, 66561, 18929]"
111494,"[82922, 74671, 107263, 56169, 33252, 66272, 6312, 52360, 5294, 6270]"
111495,"[86275, 30324, 52077, 16343, 7650, 72581, 75842, 81586, 54208, 19244]"
111496,"[38747, 11680, 53820, 15772, 21522, 65500, 90345, 55150, 55220, 80823]"
111497,"[87879, 53231, 54373, 68306, 98939, 70868, 10928, 97482, 4824, 65755]"
111498,"[83733, 33327, 83146, 98391, 50005, 44351, 42267, 21190, 27910, 104092]"
111499,"[73856, 76930, 39401, 59584, 79815, 9969, 43261, 61143, 31698, 71576]"
111500,"[101899, 4964, 35623, 108771, 96066, 102016, 84386, 105521, 19560, 97202]"
111501,"[79083, 26158, 11721, 84850, 32833, 108928, 70806, 86901, 70479, 103751]"
111502,"[91269, 35000, 56402, 55083, 97738, 98189, 70412, 91838, 67706, 15052]"
111503,"[72412, 7557, 74990, 81078, 106965, 88213, 33881, 23375, 2061, 45920]"
111504,"[24942, 96888, 1953, 99197, 24512, 92054, 17323, 94023, 107230, 29896]"
111505,"[83130, 93652, 25010, 103117, 7730, 34041, 46189, 44885, 51550, 17016]"
111506,"[103804, 85821, 77330, 74274, 43765, 108873, 43604, 59045, 82915, 71087]"
111507,"[97715, 100829, 103519, 32012, 92523, 10902, 98162, 10691, 93994, 74018]"
111508,"[52781, 32511, 61776, 4763, 12904, 27152, 16517, 98775, 5958, 96458]"
111509,"[18704, 94955, 10349, 9078, 30740, 67411, 82079, 16966, 54201, 107960]"
111510,"[38878, 81186, 66377, 56353, 9985, 45013, 105689, 86151, 79243, 65431]"
111511,"[42024, 40988, 73520, 64960, 78653, 92594, 67009, 53634, 65227, 16807]"
111512,"[72718, 46729, 46187, 69295, 4843, 108758, 10053, 26485, 52328, 69154]"
111513,"[6853, 89067, 50538, 104188, 52902, 108086, 91131, 79122, 43940, 6834]"
111514,"[32944, 70853, 45236, 70042, 82530, 59075, 77379, 90267, 24483, 109445]"
111515,"[36891, 106839, 20676, 18076, 80575, 88550, 45608, 98085, 85013, 13706]"
111516,"[95002, 66539, 81349, 93025, 45288, 62900, 34396, 82971, 57431, 99331]"
111517,"[90718, 46109, 99620, 61707, 30791, 27458, 17926, 26922, 88031, 75421]"
111518,"[14507, 74726, 39158, 31454, 107331, 53066, 26041, 82366, 67808, 29156]"
111519,"[70915, 80294, 52397, 11580, 38178, 98418, 49626, 60941, 95688, 74919]"
111520,"[21949, 66716, 21060, 34389, 73689, 56140, 57084, 73083, 99165, 92663]"
111521,"[36503, 59455, 33500, 26981, 75551, 56852, 72730, 17761, 58865, 72081]"
111522,"[9452, 79725, 82271, 2477, 30144, 59582, 3651, 21971, 18614, 32919]"
111523,"[17246, 38960, 66081, 20754, 38808, 105165, 8775, 90045, 35921, 106730]"
111524,"[103675, 73943, 17593, 20584, 76352, 42324, 9947, 3232, 51181, 2585]"
111525,"[27278, 38558, 107762, 27370, 37583, 82053, 103042, 85608, 19498, 63367]"
111526,"[41019, 51596, 19473, 15529, 2514, 99445, 6091, 102042, 55442, 91955]"
111527,"[49316, 3681, 99014, 3433, 2509, 91186, 89840, 37553, 7654, 85126]"
111528,"[82884, 106783, 100329, 42811, 90771, 76167, 46955, 72587, 27994, 86112]"
111529,"[103670, 41400, 60816, 86248, 97838, 107105, 46638, 46001, 16746, 78101]"
111530,"[63228, 89582, 54932, 44157, 56245, 89440, 50704, 58586, 102948, 59506]"
111531,"[50247, 97058, 82846, 61158, 1483, 104007, 83994, 54102, 27768, 60903]"
111532,"[25303, 101391, 24195, 13618, 16082, 84275, 97735, 26281, 23586, 87602]"
111533,"[75949, 29947, 10766, 96157, 104437, 29484, 106533, 94454, 89809, 38659]"
111534,"[77481, 97464, 27721, 103914, 53880, 12831, 87091, 63173, 37862, 88041]"
111535,"[65615, 93174, 61052, 62040, 55869, 89345, 25420, 13129, 14898, 63498]"
111536,"[27382, 30552, 54817, 27345, 1694, 21931, 92474, 33071, 37627, 13547]"
111537,"[51118, 80817, 57026, 103393, 25881, 66989, 41560, 12799, 13059, 87250]"
111538,"[12117, 31807, 82964, 55184, 45314, 45590, 14130, 100926, 77208, 94293]"
111539,"[18553, 47748, 103081, 53812, 66581, 24890, 75002, 20043, 68276, 85924]"
111540,"[64050, 101480, 103136, 25513, 108366, 63655, 58664, 55150, 86467, 101813]"
111541,"[71592, 30957, 101578, 91223, 62188, 46980, 46088, 92410, 105055, 22591]"
111542,"[49930, 23536, 81055, 42440, 39410, 92330, 102514, 86528, 42169, 58394]"
111543,"[86472, 103475, 17780, 88568, 83567, 86784, 4136, 19772, 84445, 63300]"
111544,"[57953, 105601, 20858, 57879, 42598, 78638, 84287, 2610, 68159, 108926]"
111545,"[23776, 101082, 88048, 86968, 104206, 48652, 48822, 24425, 55247, 93103]"
111546,"[11420, 95251, 4292, 5511, 21091, 4944, 44013, 73747, 79124, 50248]"
111547,"[89063, 10408, 95891, 43334, 78466, 72537, 72010, 75988, 78811, 3731]"
111548,"[88365, 67456, 11321, 34144, 25664, 34734, 72033, 14909, 102807, 836]"
111549,"[58121, 25224, 48478, 88897, 27422, 54907, 102742, 4354, 39316, 3715]"
111550,"[16203, 41907, 16557, 108421, 77175, 44283, 59652, 12186, 32760, 12067]"
111551,"[45682, 84204, 47063, 57623, 32757, 24229, 59572, 79484, 105376, 43882]"
111552,"[75632, 21577, 76867, 28933, 9893, 43278, 53644, 61841, 43573, 14993]"
111553,"[85332, 19968, 54481, 14886, 50004, 91789, 82604, 33065, 97889, 95583]"
111554,"[95318, 71001, 44364, 38417, 84566, 77961, 25079, 31709, 108666, 88848]"
111555,"[80846, 75494, 35642, 48066, 88167, 18602, 88944, 98684, 51113, 18764]"
111556,"[26824, 3548, 99870, 79781, 34411, 85149, 104625, 95364, 7922, 19966]"
111557,"[58183, 66765, 99451, 93353, 68405, 74680, 91764, 101482, 71388, 54390]"
111558,"[84080, 62387, 68580, 42438, 86367, 44635, 56119, 49323, 55724, 74600]"
111559,"[77907, 59584, 36468, 107861, 7317, 89105, 70023, 76364, 31698, 83782]"
111560,"[28882, 92222, 37020, 66567, 46010, 80287, 32285, 19343, 10289, 356]"
111561,"[105507, 17699, 19613, 83765, 87472, 93719, 61854, 57347, 103200, 60557]"
111562,"[62276, 37586, 85702, 83217, 107411, 39083, 72570, 4213, 15275, 54154]"
111563,"[18559, 3170, 88411, 72726, 4043, 107867, 48713, 103057, 26919, 105725]"
111564,"[34328, 95169, 24843, 25956, 65522, 43769, 70754, 47508, 54244, 69918]"
111565,"[93327, 92360, 20016, 92378, 97874, 50061, 49505, 93203, 87934, 73474]"
111566,"[54183, 34419, 56115, 93014, 104185, 19712, 72044, 32748, 16878, 67958]"
111567,"[103987, 92393, 84581, 45366, 88411, 107579, 95531, 36608, 18290, 72726]"
111568,"[12934, 73438, 55319, 85273, 14340, 21944, 29476, 13346, 35561, 74644]"
111569,"[78510, 52379, 15111, 82331, 106148, 33833, 29627, 53903, 11402, 5769]"
111570,"[12646, 12150, 65005, 50288, 42813, 97121, 86834, 97106, 44499, 61759]"
111571,"[25844, 35519, 95512, 86919, 45799, 96430, 93690, 73610, 102932, 52839]"
111572,"[1079, 24312, 89856, 31818, 80251, 8603, 11042, 58402, 65002, 94603]"
111573,"[91337, 36274, 81544, 49291, 28775, 38923, 78547, 73722, 85337, 32122]"
111574,"[69482, 17338, 68137, 16292, 17670, 4167, 9267, 89293, 29966, 64298]"
111575,"[44356, 78768, 45884, 58620, 28824, 23138, 42835, 42715, 26641, 39680]"
111576,"[90543, 45998, 88832, 12657, 35756, 13034, 44063, 103529, 21540, 31781]"
111577,"[84906, 33670, 91431, 44395, 32960, 30163, 64455, 67349, 82885, 59486]"
111578,"[84224, 101399, 37929, 21167, 102910, 57691, 78870, 108673, 87120, 26527]"
111579,"[1867, 39645, 77942, 94008, 660, 58845, 35210, 87271, 108535, 37770]"
111580,"[24333, 56610, 65903, 74890, 23979, 104990, 80041, 57938, 82073, 17562]"
111581,"[86836, 61215, 58530, 8788, 74266, 41183, 2367, 75501, 10593, 82374]"
111582,"[97389, 20672, 13839, 91368, 27619, 55680, 98248, 9761, 105518, 28902]"
111583,"[74647, 65653, 94891, 53548, 109732, 44773, 34761, 75124, 90859, 70257]"
111584,"[6802, 97296, 15292, 10078, 62957, 85436, 33926, 30350, 56944, 101244]"
111585,"[90927, 2873, 77058, 82805, 23615, 72879, 35201, 87413, 40177, 75059]"
111586,"[67234, 73748, 25703, 16856, 100511, 39282, 102232, 50501, 68810, 65577]"
111587,"[70156, 5350, 66348, 98710, 76525, 24094, 107620, 94979, 90058, 91321]"
111588,"[83494, 55576, 62783, 4211, 28778, 59331, 46144, 63008, 92174, 26358]"
111589,"[18814, 52560, 101480, 106584, 44105, 58664, 55233, 22911, 98221, 103136]"
111590,"[89981, 11927, 38317, 14437, 77829, 33621, 43668, 11409, 12349, 6088]"
111591,"[54489, 36868, 96965, 72819, 55509, 16728, 15187, 70952, 54145, 579]"
111592,"[87806, 43327, 35721, 9671, 109704, 74792, 40340, 40822, 7544, 30473]"
111593,"[63758, 8198, 3431, 53924, 1340, 73502, 18758, 20667, 30536, 71973]"
111594,"[22897, 59025, 36033, 58289, 81580, 7829, 62513, 5987, 83370, 105301]"
111595,"[28983, 17857, 10633, 83224, 81080, 59388, 84607, 1638, 26928, 85276]"
111596,"[85093, 52733, 26318, 103869, 69991, 62867, 64340, 100785, 1865, 66797]"
111597,"[67422, 61716, 62934, 2952, 12592, 36525, 24766, 43076, 50216, 79934]"
111598,"[88495, 94129, 88713, 28386, 8366, 62034, 4613, 4760, 16137, 97648]"
111599,"[46312, 4053, 78601, 90931, 39633, 62262, 35354, 30627, 107455, 50534]"
111600,"[37833, 87460, 87735, 74551, 77644, 73192, 60031, 58392, 46446, 43553]"
111601,"[67008, 34001, 27239, 43862, 21870, 92077, 30329, 29067, 63343, 58631]"
111602,"[13712, 9850, 53908, 82118, 62362, 20533, 53125, 41124, 54794, 20341]"
111603,"[39121, 49216, 108362, 39990, 50676, 85999, 42202, 48173, 39491, 33461]"
111604,"[28614, 61771, 26110, 56073, 37039, 28818, 90325, 52448, 14041, 35518]"
111605,"[102977, 10915, 10975, 88939, 13541, 82364, 16802, 16873, 18231, 12005]"
111606,"[63197, 61847, 19573, 13116, 23549, 91214, 67852, 14562, 36107, 19175]"
111607,"[92477, 327, 69518, 72551, 53386, 69201, 23158, 79206, 9481, 91081]"
111608,"[55575, 70243, 5649, 87066, 20913, 26542, 33880, 38570, 20468, 17158]"
111609,"[45577, 75334, 31392, 70130, 95186, 48518, 15418, 12345, 100384, 15977]"
111610,"[7108, 38403, 28641, 6723, 14997, 92980, 99557, 57239, 20381, 108097]"
111611,"[103812, 30906, 93628, 99840, 76873, 40825, 84571, 80149, 51737, 50094]"
111612,"[46572, 22217, 87810, 23795, 12893, 37257, 98094, 42562, 48638, 13765]"
111613,"[14593, 13773, 48645, 43310, 69434, 31035, 32376, 36139, 54449, 94022]"
111614,"[1178, 11401, 45295, 107560, 71530, 36296, 72183, 17275, 55325, 18073]"
111615,"[91292, 17177, 103443, 76981, 3402, 30660, 91086, 106066, 55627, 84547]"
111616,"[101107, 87439, 13456, 90473, 9179, 28567, 83782, 27631, 58733, 2375]"
111617,"[29022, 70116, 83207, 30101, 100724, 50409, 25122, 95532, 61147, 94219]"
111618,"[42743, 14976, 59425, 109143, 28480, 18746, 31590, 95166, 81283, 67838]"
111619,"[103651, 68136, 74989, 7503, 62293, 99301, 71913, 38367, 77948, 58608]"
111620,"[8580, 48650, 103666, 96637, 22951, 47717, 87757, 99282, 40860, 91035]"
111621,"[99979, 71587, 27021, 42775, 38836, 19743, 15949, 8425, 86725, 12518]"
111622,"[41446, 38321, 96669, 96472, 41816, 18675, 57561, 51646, 99318, 24802]"
111623,"[95073, 81576, 14665, 41560, 88556, 81799, 64438, 66020, 92424, 44173]"
111624,"[72717, 5350, 70156, 105845, 49692, 79831, 94206, 24576, 52237, 72952]"
111625,"[9293, 33883, 42975, 19906, 39526, 39362, 23057, 70002, 27600, 9288]"
111626,"[96883, 104949, 52236, 53255, 54803, 51414, 98303, 30761, 34421, 101277]"
111627,"[71187, 50935, 32698, 50769, 32898, 37696, 28889, 3217, 14578, 56297]"
111628,"[71307, 61419, 3929, 27434, 13342, 76512, 107115, 17531, 41333, 85597]"
111629,"[42417, 3999, 44138, 93539, 69244, 27473, 19952, 34639, 32261, 58310]"
111630,"[95439, 67602, 58243, 98496, 43783, 62814, 60409, 106982, 756, 49516]"
111631,"[3154, 38423, 34990, 84654, 11221, 1642, 58140, 64709, 6102, 75039]"
111632,"[8420, 55673, 104335, 11755, 12847, 73079, 64291, 3917, 13526, 13428]"
111633,"[23236, 33799, 104763, 3794, 91910, 32543, 10281, 12695, 88896, 109191]"
111634,"[39064, 27661, 4946, 104499, 95721, 79296, 10575, 79665, 10211, 7271]"
111635,"[65825, 10554, 103382, 70740, 104582, 84144, 87976, 80242, 77763, 9072]"
111636,"[81001, 74181, 32396, 77596, 57048, 27541, 78285, 56936, 24123, 13212]"
111637,"[68350, 57826, 28660, 77634, 4007, 73506, 83837, 7239, 54422, 21286]"
111638,"[87442, 104052, 27861, 82753, 85189, 64173, 102415, 84578, 96377, 67940]"
111639,"[31533, 57095, 59171, 15677, 71581, 36085, 10540, 42005, 29014, 74045]"
111640,"[17211, 48155, 53577, 67186, 46783, 62849, 93633, 78812, 26175, 43403]"
111641,"[26300, 71147, 61851, 65856, 51858, 109597, 66522, 105024, 8955, 28078]"
111642,"[94229, 70309, 151, 79878, 34670, 69241, 53737, 65126, 99794, 62195]"
111643,"[62230, 39663, 31383, 42661, 26807, 84379, 50527, 109472, 30191, 38436]"
111644,"[61483, 4325, 48948, 13189, 61203, 65908, 33586, 53948, 7237, 64854]"
111645,"[34665, 16015, 55585, 48256, 29572, 39074, 83119, 31572, 87164, 36459]"
111646,"[74802, 48715, 95389, 55582, 72919, 84045, 64561, 88498, 94570, 43015]"
111647,"[37341, 17892, 87541, 24776, 67741, 71509, 105043, 8570, 10323, 101501]"
111648,"[24310, 3012, 65905, 26040, 20216, 87884, 52957, 48248, 67692, 18980]"
111649,"[95812, 76504, 9484, 44647, 34272, 1027, 42675, 102940, 1909, 6993]"
111650,"[12633, 99738, 109441, 88906, 62012, 13887, 24998, 25580, 38195, 85781]"
111651,"[106958, 78477, 14843, 11429, 476, 59498, 6611, 77656, 104680, 81706]"
111652,"[64780, 5094, 83353, 64156, 29220, 98029, 11146, 49497, 93054, 29044]"
111653,"[77411, 81091, 78669, 108001, 86329, 82247, 95965, 72953, 50600, 68213]"
111654,"[79365, 63453, 101970, 47716, 82512, 73391, 28375, 47926, 1904, 35094]"
111655,"[37607, 49488, 26783, 91030, 23863, 27280, 6618, 23661, 49270, 12297]"
111656,"[44907, 109553, 100675, 40372, 61686, 63223, 34228, 46725, 45001, 64906]"
111657,"[66394, 75433, 18038, 48985, 53809, 25910, 96532, 30469, 23412, 12441]"
111658,"[106063, 66585, 108397, 11026, 13994, 41396, 8999, 97638, 13740, 75773]"
111659,"[36699, 91637, 67419, 47859, 1644, 27846, 103467, 38574, 36361, 79833]"
111660,"[7850, 24898, 13708, 60670, 9213, 51780, 74967, 73394, 57751, 94368]"
111661,"[48798, 23455, 91306, 62841, 51173, 76842, 86051, 90048, 66520, 88542]"
111662,"[31958, 39037, 77753, 30700, 62767, 14537, 75086, 19175, 1606, 50922]"
111663,"[38289, 64591, 105756, 16652, 75984, 61459, 73021, 77283, 68209, 38100]"
111664,"[10745, 50031, 42546, 33047, 82078, 9805, 106247, 91168, 46038, 59012]"
111665,"[50138, 83040, 100906, 15685, 78733, 6269, 75473, 83676, 25543, 168]"
111666,"[78906, 66778, 61423, 103867, 20234, 14398, 78449, 22422, 49126, 78725]"
111667,"[9201, 42873, 35899, 21149, 24866, 39661, 46452, 84149, 65932, 8018]"
111668,"[11685, 49669, 39471, 82143, 57577, 81541, 10549, 56736, 49986, 89263]"
111669,"[33356, 88902, 83061, 68303, 1356, 6322, 99254, 92538, 39324, 106787]"
111670,"[73015, 19905, 69939, 95907, 2683, 31605, 24851, 92340, 54, 88934]"
111671,"[87483, 93209, 45324, 45373, 8310, 56504, 50397, 59631, 104574, 15959]"
111672,"[74103, 62334, 64017, 72194, 54103, 81532, 64620, 6733, 3252, 6372]"
111673,"[100970, 98602, 19596, 73776, 105391, 99802, 80290, 18161, 36703, 37190]"
111674,"[69146, 76225, 88694, 109311, 74654, 40027, 68617, 25436, 82758, 27197]"
111675,"[71958, 76226, 43254, 87871, 85281, 106402, 77972, 61967, 49976, 65720]"
111676,"[45206, 51496, 84589, 62649, 56638, 89999, 26022, 68230, 6317, 93042]"
111677,"[19657, 69427, 98110, 13655, 24356, 70195, 80603, 90749, 109406, 14224]"
111678,"[101430, 15660, 11070, 17662, 40753, 83821, 38340, 83621, 6038, 50367]"
111679,"[29355, 56755, 44929, 25108, 14769, 37277, 8327, 22304, 60417, 19949]"
111680,"[105741, 90216, 108087, 30996, 23616, 81824, 47845, 54026, 30432, 4654]"
111681,"[63753, 53336, 4841, 34851, 69820, 14242, 44742, 44772, 35957, 75894]"
111682,"[50920, 8198, 63758, 72493, 34294, 3144, 103334, 42429, 53924, 56737]"
111683,"[21842, 76582, 24497, 107945, 48309, 53057, 64277, 40123, 55822, 84016]"
111684,"[21790, 106965, 72412, 74990, 7557, 83717, 34861, 39444, 73730, 88213]"
111685,"[81094, 2797, 109044, 40380, 107166, 45827, 43604, 41617, 43765, 13061]"
111686,"[76327, 76159, 53244, 7541, 78113, 100789, 58232, 69820, 86930, 30522]"
111687,"[81064, 88029, 19468, 47245, 43737, 13211, 22019, 59192, 47990, 39085]"
111688,"[56502, 82613, 6032, 77318, 53030, 36703, 99802, 18161, 67641, 49625]"
111689,"[47251, 38883, 100945, 63454, 59949, 10679, 65097, 93073, 84647, 2726]"
111690,"[53150, 74892, 72342, 72184, 39774, 68254, 95485, 18199, 6949, 101822]"
111691,"[97747, 83050, 8322, 38237, 36974, 11989, 34676, 34605, 35450, 73232]"
111692,"[62049, 58338, 84165, 24094, 105178, 31432, 52237, 75007, 71809, 24000]"
111693,"[67586, 48776, 79315, 3275, 59826, 18754, 42716, 47098, 68505, 72568]"
111694,"[99477, 33426, 11090, 29883, 109080, 98629, 30160, 53175, 7287, 78258]"
111695,"[3606, 38988, 82684, 85730, 49129, 10984, 15683, 78622, 21108, 72790]"
111696,"[50382, 62695, 88887, 8601, 14795, 145, 45080, 39002, 71800, 53332]"
111697,"[70763, 36031, 32509, 21282, 31684, 6248, 40093, 18096, 58347, 86805]"
111698,"[42309, 12944, 95857, 81052, 96164, 46303, 6986, 53882, 16864, 93301]"
111699,"[85716, 49954, 102800, 80634, 41781, 11560, 69477, 71740, 91550, 78411]"
111700,"[62183, 4976, 89404, 40808, 78760, 74357, 37202, 54591, 4502, 71130]"
111701,"[10606, 60844, 100266, 103128, 37885, 21804, 64208, 101576, 93043, 94565]"
111702,"[104616, 49425, 1697, 32657, 73003, 42972, 81920, 61948, 101692, 96975]"
111703,"[9854, 23773, 102629, 11367, 8058, 94298, 64223, 107024, 13599, 31708]"
111704,"[5044, 88207, 86172, 91678, 109006, 99234, 59723, 63404, 102375, 91199]"
111705,"[99082, 95269, 30576, 79369, 43444, 8183, 24055, 74407, 41642, 33550]"
111706,"[1176, 98131, 109563, 99848, 82739, 59917, 106689, 97078, 12645, 2247]"
111707,"[66040, 70035, 43905, 103395, 63169, 47185, 7828, 60885, 88481, 76840]"
111708,"[98570, 78880, 56185, 34973, 48568, 14175, 52911, 79037, 5478, 58129]"
111709,"[100167, 18024, 81455, 55471, 59948, 55275, 43727, 12337, 53694, 56652]"
111710,"[67068, 98726, 85560, 17288, 34722, 21537, 26954, 50591, 40138, 103678]"
111711,"[735, 86357, 83855, 108879, 14369, 107128, 56980, 30266, 89922, 13760]"
111712,"[106660, 108790, 98846, 12018, 94142, 30796, 82351, 56205, 100873, 39597]"
111713,"[10560, 31105, 100210, 88746, 96676, 34358, 34605, 107156, 7835, 35450]"
111714,"[67485, 51625, 18163, 33200, 51459, 100573, 53578, 75487, 52722, 109641]"
111715,"[87382, 87472, 3547, 2205, 70285, 88777, 93439, 79115, 43894, 13175]"
111716,"[48529, 24282, 10772, 22835, 97341, 88193, 92535, 67141, 72341, 96544]"
111717,"[19184, 70796, 27336, 4185, 92253, 92150, 8613, 58589, 32363, 30726]"
111718,"[109184, 63582, 1803, 58641, 63143, 47972, 73428, 101384, 58582, 77002]"
111719,"[89133, 42517, 77313, 52198, 85502, 61432, 80758, 105483, 60568, 104591]"
111720,"[53743, 5822, 81519, 4111, 31543, 40116, 25118, 17558, 2872, 88075]"
111721,"[48316, 75574, 65957, 63061, 12572, 40694, 50028, 73851, 89857, 68079]"
111722,"[6838, 45286, 72957, 19196, 23946, 55284, 71787, 106765, 63511, 56572]"
111723,"[12, 44311, 91165, 106670, 81113, 61493, 100354, 21472, 17247, 81368]"
111724,"[3919, 106683, 56417, 90403, 77964, 29432, 36396, 108471, 102807, 77067]"
111725,"[101598, 80280, 456, 1198, 15347, 78537, 2056, 72713, 66101, 55013]"
111726,"[2064, 38922, 60125, 25137, 68407, 19876, 59841, 33870, 70902, 81805]"
111727,"[43256, 3887, 104100, 89948, 25341, 67843, 98419, 67671, 95304, 36303]"
111728,"[57675, 90611, 70684, 9869, 97960, 52597, 8412, 51152, 57583, 2002]"
111729,"[38685, 20293, 27575, 65551, 53516, 42893, 35258, 55109, 79835, 48673]"
111730,"[29557, 50941, 91040, 67325, 61273, 30456, 1973, 68711, 50878, 63572]"
111731,"[81414, 49833, 7223, 54091, 22709, 80175, 38406, 95719, 12061, 41016]"
111732,"[82968, 28475, 10381, 71919, 34465, 806, 44697, 36039, 48329, 69095]"
111733,"[80187, 57219, 83897, 63902, 89244, 94494, 1319, 101876, 75215, 89584]"
111734,"[96513, 13434, 74630, 61331, 34177, 63456, 77024, 20433, 34416, 99025]"
111735,"[81253, 10082, 104735, 46183, 99325, 71087, 2378, 74274, 97035, 67298]"
111736,"[86371, 10577, 95120, 31093, 43014, 68786, 10747, 99642, 103350, 108023]"
111737,"[65259, 43340, 28429, 30147, 7794, 100100, 35898, 60842, 107069, 3136]"
111738,"[99846, 50973, 93730, 67497, 40756, 19668, 66290, 59517, 19252, 37636]"
111739,"[19981, 47499, 3178, 10440, 76420, 15754, 62568, 18270, 12401, 74123]"
111740,"[25373, 106391, 52897, 27280, 102133, 16, 29900, 87687, 34510, 41546]"
111741,"[86151, 38112, 33217, 1463, 33131, 50375, 18847, 15923, 69284, 77572]"
111742,"[69210, 27840, 59037, 16713, 91229, 47059, 67624, 83253, 31327, 108917]"
111743,"[91553, 64215, 50508, 107673, 67964, 47375, 6780, 13213, 36291, 4836]"
111744,"[29914, 2386, 49859, 83045, 33546, 52056, 41216, 38041, 35000, 87467]"
111745,"[101341, 27976, 50159, 61143, 43261, 7713, 65995, 106462, 75731, 73856]"
111746,"[71199, 51821, 98627, 94048, 10016, 21576, 58713, 10340, 57438, 14559]"
111747,"[103568, 64321, 103193, 35715, 49184, 41837, 42907, 94768, 36729, 60557]"
111748,"[64000, 85894, 54566, 49626, 97850, 36732, 15137, 89935, 42098, 28432]"
111749,"[63838, 93817, 52879, 59505, 71423, 33910, 106447, 55719, 47260, 492]"
111750,"[77362, 61507, 49798, 71604, 59683, 41674, 73936, 106258, 90646, 67104]"
111751,"[80078, 59628, 33114, 43650, 30954, 2232, 28115, 103863, 77000, 21365]"
111752,"[51068, 76849, 25594, 6414, 6761, 92021, 11936, 53565, 8123, 21740]"
111753,"[55391, 14229, 75296, 38194, 70726, 1754, 88671, 5436, 35765, 895]"
111754,"[107456, 1319, 98845, 1676, 91000, 74779, 46605, 22382, 8565, 30544]"
111755,"[5927, 81628, 3346, 72579, 41356, 31049, 100552, 89592, 58234, 106986]"
111756,"[94652, 61605, 90743, 58306, 64387, 13756, 49557, 107045, 48281, 68689]"
111757,"[29517, 3909, 6563, 2049, 36676, 87078, 22531, 21223, 102513, 16454]"
111758,"[7835, 35450, 97747, 83050, 34605, 96676, 10560, 11989, 80007, 35470]"
111759,"[20112, 80411, 64420, 38015, 24005, 7513, 74053, 67776, 60342, 74503]"
111760,"[36814, 12624, 9820, 690, 12567, 28738, 2990, 7652, 87648, 37384]"
111761,"[27119, 83755, 73489, 30327, 7033, 29923, 20616, 78074, 102686, 46345]"
111762,"[82689, 63737, 32395, 98302, 174, 28293, 99074, 44038, 99861, 79733]"
111763,"[51608, 52803, 6213, 105015, 78340, 83727, 36398, 85743, 27977, 100427]"
111764,"[54304, 1373, 37560, 82165, 57410, 36226, 12700, 43674, 29198, 59797]"
111765,"[90186, 23047, 51137, 19499, 84399, 79949, 53016, 53210, 30986, 32076]"
111766,"[82130, 83195, 9883, 77139, 22377, 97133, 70671, 86966, 83992, 3231]"
111767,"[53049, 91955, 74473, 67971, 96537, 99737, 66169, 91351, 2133, 23443]"
111768,"[5194, 78095, 26489, 101697, 54850, 83071, 43147, 69741, 24043, 37781]"
111769,"[6660, 56144, 90814, 28858, 35592, 86080, 40450, 54200, 9860, 68897]"
111770,"[88541, 864, 38994, 29933, 2531, 95679, 67873, 74781, 94394, 70573]"
111771,"[48781, 6817, 82608, 88356, 17411, 13701, 66935, 6548, 59190, 40016]"
111772,"[35362, 23713, 74050, 43818, 43300, 20634, 28298, 96934, 65567, 9207]"
111773,"[53404, 90777, 44401, 96025, 38945, 108195, 56229, 5043, 66969, 23926]"
111774,"[94776, 69049, 89594, 27798, 47466, 92091, 91120, 53391, 64072, 62242]"
111775,"[68476, 34643, 109114, 88967, 14640, 108064, 92113, 13738, 27046, 9740]"
111776,"[9140, 18393, 91341, 14231, 101163, 82013, 88230, 104878, 98555, 60640]"
111777,"[58868, 92098, 27633, 14415, 86325, 109006, 70963, 68849, 38507, 102164]"
111778,"[41399, 6895, 1028, 61009, 1114, 95194, 4949, 43381, 10201, 75451]"
111779,"[25538, 64785, 72985, 98754, 64858, 46513, 63452, 44759, 58710, 100074]"
111780,"[16060, 100706, 13200, 45257, 22233, 45568, 55401, 4978, 84510, 82807]"
111781,"[61283, 31357, 101219, 13220, 17006, 59445, 11497, 12090, 51416, 436]"
111782,"[33366, 62847, 52780, 83841, 77675, 101248, 101021, 68282, 42986, 13042]"
111783,"[31306, 93075, 3362, 69297, 22007, 92315, 66984, 84648, 18564, 91125]"
111784,"[36304, 27406, 53034, 23860, 41093, 49251, 71738, 53988, 84082, 108187]"
111785,"[48224, 80015, 68852, 81968, 71650, 108657, 43436, 76235, 12646, 18970]"
111786,"[10052, 98452, 38224, 10834, 64555, 88381, 54926, 92783, 108359, 74845]"
111787,"[13898, 73014, 104882, 10358, 95118, 15399, 101372, 60271, 2240, 65161]"
111788,"[58869, 65104, 31568, 27732, 5045, 44877, 33755, 102557, 18730, 96662]"
111789,"[92283, 56385, 95715, 104996, 99112, 28104, 33972, 73743, 92818, 74202]"
111790,"[48256, 17271, 62864, 39611, 27876, 55726, 66008, 24782, 10497, 65502]"
111791,"[90985, 75370, 70133, 70103, 21227, 103437, 104475, 61040, 11748, 15610]"
111792,"[80858, 39880, 88424, 97850, 70119, 30340, 64249, 91468, 32676, 7843]"
111793,"[57269, 86950, 37094, 33857, 64099, 101906, 81548, 106064, 71701, 91724]"
111794,"[36095, 6995, 56932, 71957, 1482, 55011, 26070, 78801, 51528, 46935]"
111795,"[48568, 3862, 25711, 34973, 89803, 58642, 94825, 14463, 14175, 60395]"
111796,"[32321, 88485, 21909, 81074, 108404, 50362, 26388, 12903, 28507, 15083]"
111797,"[106810, 48557, 3659, 34825, 20509, 31381, 109094, 44315, 61359, 77789]"
111798,"[100536, 106288, 63995, 101654, 8450, 10426, 81807, 16469, 104874, 107184]"
111799,"[86409, 38070, 28705, 63514, 60629, 37108, 28130, 20999, 39252, 5827]"
111800,"[26071, 71589, 78120, 106863, 86813, 80642, 49786, 8381, 92289, 20828]"
111801,"[76330, 106817, 90383, 32464, 28699, 1282, 10056, 25735, 50903, 11162]"
111802,"[44973, 74020, 36024, 78717, 1910, 66962, 22102, 72275, 95645, 43527]"
111803,"[29465, 19247, 654, 59452, 22540, 7276, 80283, 70871, 91528, 104864]"
111804,"[76384, 6351, 66194, 11391, 76801, 51445, 13022, 41977, 34913, 19422]"
111805,"[54743, 5635, 72667, 10600, 16911, 19202, 60880, 18006, 21045, 286]"
111806,"[100665, 42009, 89919, 7679, 55746, 84660, 97052, 35771, 10108, 6737]"
111807,"[101372, 7401, 6626, 71458, 25343, 10820, 59814, 15399, 60271, 68498]"
111808,"[62266, 40070, 95122, 44195, 93655, 31171, 69372, 21161, 73425, 106879]"
111809,"[85197, 88272, 17473, 62053, 11657, 38332, 20957, 22997, 107819, 25789]"
111810,"[98501, 108217, 42539, 5116, 106830, 27744, 98782, 69384, 81624, 27305]"
111811,"[97226, 58590, 73976, 47167, 101441, 71462, 102401, 54625, 10442, 41584]"
111812,"[14704, 3477, 73424, 40416, 29431, 95981, 24984, 40819, 8192, 57905]"
111813,"[34081, 11627, 77797, 56405, 48091, 91860, 53965, 45717, 95429, 103345]"
111814,"[77648, 85650, 60062, 89307, 51544, 94229, 70309, 108857, 51085, 5717]"
111815,"[81437, 106726, 88349, 37678, 12440, 55075, 72805, 15826, 25956, 565]"
111816,"[58778, 51295, 91605, 30603, 53552, 9756, 4044, 92220, 32795, 107753]"
111817,"[18775, 13010, 97752, 95424, 63548, 80959, 87650, 107073, 109084, 34753]"
111818,"[72195, 91298, 33164, 22920, 30413, 37962, 101884, 104672, 64089, 54230]"
111819,"[8662, 42080, 45075, 91374, 33197, 58594, 45182, 78046, 94565, 54343]"
111820,"[14702, 39829, 51411, 14076, 37713, 34550, 36538, 45294, 72100, 101210]"
111821,"[84830, 58957, 47473, 14949, 57943, 48408, 90529, 108656, 60496, 35293]"
111822,"[40920, 77005, 20548, 50321, 3238, 106824, 70685, 38191, 66798, 38815]"
111823,"[36804, 18637, 14000, 41346, 89494, 37689, 64685, 23430, 98851, 73925]"
111824,"[63173, 102756, 77481, 88196, 50667, 37862, 95821, 97464, 104837, 27721]"
111825,"[22606, 1694, 4481, 47003, 93316, 13547, 66409, 100234, 108472, 63462]"
111826,"[71628, 66033, 27293, 12039, 86482, 108866, 61459, 77283, 57630, 88758]"
111827,"[64364, 96686, 30635, 8433, 90428, 18573, 38941, 38776, 47574, 82]"
111828,"[77930, 84862, 96201, 45319, 97486, 37616, 58505, 72592, 26752, 96254]"
111829,"[104077, 95260, 31210, 24600, 30183, 82267, 66423, 10407, 32778, 80573]"
111830,"[35353, 27013, 108926, 78638, 87186, 27138, 97388, 1889, 56396, 2719]"
111831,"[48078, 7632, 19494, 24040, 19547, 4343, 97989, 88621, 44335, 24371]"
111832,"[24111, 73659, 89485, 44659, 47561, 66918, 9070, 89384, 45316, 54492]"
111833,"[99921, 11076, 89564, 93479, 66230, 60819, 70268, 61408, 60281, 43699]"
111834,"[22086, 88440, 2164, 46621, 38092, 43743, 66445, 37212, 1186, 9472]"
111835,"[68866, 31255, 37292, 35751, 27880, 11690, 1742, 86221, 49594, 11159]"
111836,"[65034, 64507, 82908, 86505, 31342, 87975, 97165, 29525, 64091, 67130]"
111837,"[79240, 55776, 72392, 3760, 104777, 18374, 104355, 35397, 76171, 21602]"
111838,"[2738, 36142, 57920, 62714, 98610, 37144, 99344, 77141, 31137, 43680]"
111839,"[59970, 4851, 89591, 104652, 52623, 56446, 96916, 20809, 28287, 25361]"
111840,"[3820, 78436, 106795, 44702, 5610, 15106, 87816, 55104, 94745, 1608]"
111841,"[24317, 49620, 58048, 89849, 6838, 22542, 19196, 22499, 47338, 67336]"
111842,"[94742, 76250, 68447, 60104, 1359, 74609, 108600, 66220, 66331, 51622]"
111843,"[60340, 73008, 90443, 61570, 29510, 108627, 93492, 66687, 83388, 22987]"
111844,"[93294, 11568, 71905, 94724, 40624, 89968, 43863, 76579, 41322, 15163]"
111845,"[98746, 101994, 36822, 63394, 96766, 30140, 30857, 48372, 79679, 100523]"
111846,"[15082, 25610, 67983, 41340, 70835, 59016, 72500, 92630, 33668, 28381]"
111847,"[12883, 83651, 14094, 72675, 32986, 76292, 83907, 42495, 109176, 100579]"
111848,"[86609, 88674, 7516, 35637, 99035, 21031, 57202, 96043, 69686, 73585]"
111849,"[69460, 58644, 30298, 14489, 67450, 80329, 109298, 80739, 13737, 91734]"
111850,"[14310, 65874, 12135, 91253, 14300, 90222, 9655, 104612, 41453, 102125]"
111851,"[86542, 52456, 89287, 7408, 48452, 100892, 72810, 56788, 58735, 67513]"
111852,"[8254, 37408, 41251, 61998, 65163, 105059, 46156, 46261, 4257, 105359]"
111853,"[61923, 93737, 108099, 47563, 33697, 62095, 5152, 9799, 85028, 40494]"
111854,"[77501, 36871, 78812, 62850, 14993, 68701, 97925, 68815, 12984, 43639]"
111855,"[58402, 8603, 1079, 24312, 11042, 89856, 55808, 31818, 36724, 36856]"
111856,"[82250, 33317, 38245, 68133, 35622, 96926, 43099, 33376, 106499, 20869]"
111857,"[45209, 7042, 60548, 20997, 66780, 59656, 47462, 28250, 93295, 69884]"
111858,"[21132, 58766, 65786, 107066, 65674, 104277, 92461, 30782, 83378, 57364]"
111859,"[39042, 79144, 42270, 28389, 33049, 103144, 86248, 1538, 18003, 92312]"
111860,"[56996, 68733, 44727, 76333, 34931, 30005, 79214, 26283, 57089, 21300]"
111861,"[88074, 4202, 40503, 21530, 107328, 95919, 4200, 66977, 88930, 94366]"
111862,"[35971, 80933, 107033, 75900, 53706, 90936, 28832, 10232, 4469, 65731]"
111863,"[67652, 64518, 99517, 40992, 48252, 14844, 107198, 89168, 95843, 33211]"
111864,"[58767, 99342, 58828, 57117, 86441, 46436, 22960, 18128, 85894, 100331]"
111865,"[28072, 46494, 36732, 95379, 12121, 67244, 53024, 39485, 73201, 4959]"
111866,"[76746, 23142, 4830, 88211, 28156, 11056, 105407, 18729, 24596, 65568]"
111867,"[56821, 72104, 8554, 25035, 10511, 79935, 97183, 93205, 8064, 52760]"
111868,"[38029, 37007, 27550, 108097, 49403, 11883, 65114, 68220, 92980, 98203]"
111869,"[18896, 39052, 105306, 74366, 18633, 86101, 14718, 22980, 88599, 39341]"
111870,"[105961, 89855, 43041, 31379, 102057, 104995, 98274, 55302, 19895, 54788]"
111871,"[102365, 17863, 19643, 25558, 55280, 43774, 3367, 69266, 35802, 64491]"
111872,"[12060, 107496, 4856, 63936, 67699, 66340, 52374, 46682, 689, 16165]"
111873,"[60879, 49299, 19214, 61882, 27647, 37370, 23872, 23664, 106602, 17342]"
111874,"[63044, 506, 8876, 24985, 69588, 51644, 79406, 39928, 68084, 36216]"
111875,"[36669, 33993, 37217, 1032, 87186, 46690, 81656, 57420, 40519, 57142]"
111876,"[85768, 64040, 76276, 57305, 52544, 104012, 1345, 86153, 355, 88580]"
111877,"[101281, 55867, 71020, 61863, 55419, 79470, 42431, 4217, 85881, 98385]"
111878,"[10459, 68935, 25126, 108734, 49656, 51024, 15001, 48636, 34720, 84256]"
111879,"[85835, 13233, 12367, 20939, 7766, 21763, 12574, 2293, 2927, 54285]"
111880,"[66564, 1523, 43481, 90563, 17899, 31129, 32400, 22630, 23547, 42790]"
111881,"[70762, 29816, 77482, 101606, 4223, 18328, 8537, 79466, 94561, 96760]"
111882,"[42422, 90724, 12178, 101948, 71637, 39017, 46244, 34960, 97877, 24085]"
111883,"[9882, 37797, 26195, 48076, 27987, 13998, 38249, 68922, 103701, 4635]"
111884,"[86090, 33909, 8861, 38673, 3738, 108240, 74165, 107493, 52735, 8438]"
111885,"[89303, 73801, 26037, 5804, 99970, 102384, 22342, 84860, 101943, 11293]"
111886,"[56190, 7627, 57607, 46760, 7381, 58852, 8901, 55147, 1681, 14125]"
111887,"[69882, 92865, 105372, 12800, 15261, 5328, 36814, 18574, 2990, 12567]"
111888,"[29519, 10010, 12364, 91310, 79061, 7346, 108299, 91753, 32673, 9709]"
111889,"[45636, 48654, 69384, 109157, 79862, 81624, 22281, 104809, 24178, 42007]"
111890,"[32664, 14780, 74218, 27690, 5721, 3815, 84337, 8888, 21883, 53826]"
111891,"[82646, 81161, 93394, 75907, 19507, 70125, 7155, 82344, 58394, 33049]"
111892,"[88941, 43731, 65831, 81122, 12381, 20876, 23041, 30616, 13458, 81230]"
111893,"[82197, 69217, 56063, 51851, 71603, 90463, 54225, 45254, 28534, 50418]"
111894,"[25989, 83304, 15612, 100530, 52429, 81595, 97015, 108199, 25794, 74404]"
111895,"[32519, 20573, 26785, 62034, 4613, 4760, 73635, 108133, 47440, 28386]"
111896,"[88999, 98932, 65004, 91134, 60982, 73850, 97821, 85228, 6722, 1849]"
111897,"[59548, 100625, 24298, 76401, 96812, 70160, 84518, 53324, 21577, 85161]"
111898,"[97501, 16045, 25167, 50832, 78788, 65292, 16464, 105426, 18055, 35678]"
111899,"[62810, 89508, 8134, 64235, 1825, 25914, 20680, 46313, 36984, 77721]"
111900,"[15609, 89522, 39468, 100502, 25776, 25756, 56790, 6950, 88892, 47713]"
111901,"[76169, 44406, 73625, 82792, 70550, 15253, 32542, 11379, 101200, 9029]"
111902,"[101220, 57038, 12361, 8363, 8042, 90482, 76290, 95924, 72916, 2733]"
111903,"[28072, 46494, 36732, 95379, 12121, 67244, 53024, 39485, 73201, 4959]"
111904,"[91944, 101804, 59393, 94797, 40852, 17908, 77713, 83259, 66857, 91114]"
111905,"[94954, 50728, 13130, 55804, 85254, 2971, 70945, 102096, 39047, 29766]"
111906,"[95882, 92304, 34064, 39092, 34689, 28611, 3931, 67834, 71832, 79344]"
111907,"[18870, 89825, 85381, 84258, 49940, 44268, 21916, 39487, 2360, 63302]"
111908,"[108198, 88809, 53920, 80180, 79637, 51069, 45480, 10053, 76062, 15259]"
111909,"[6247, 10039, 24916, 50444, 50554, 10901, 29234, 76879, 14591, 82589]"
111910,"[89964, 30269, 33807, 24535, 83401, 49944, 48353, 925, 39230, 70275]"
111911,"[71213, 56636, 24700, 3932, 68663, 41477, 63281, 40190, 79308, 27065]"
111912,"[63924, 102069, 25420, 14729, 105863, 73092, 7902, 97958, 72004, 86294]"
111913,"[83127, 103442, 12124, 103395, 71568, 93262, 90987, 41639, 104374, 40976]"
111914,"[101206, 83027, 55068, 89180, 46984, 79028, 72786, 13824, 61316, 47190]"
111915,"[42191, 79834, 76135, 11230, 87606, 18276, 71096, 26270, 96039, 72292]"
111916,"[58685, 5765, 72132, 85831, 81423, 176, 107311, 32854, 2527, 105160]"
111917,"[66750, 107946, 66251, 99930, 89020, 94662, 27160, 65117, 83913, 36136]"
111918,"[94542, 25644, 26917, 62149, 66200, 107279, 50711, 69674, 25014, 102928]"
111919,"[76607, 62687, 50103, 80568, 71836, 56465, 36742, 82716, 79878, 4664]"
111920,"[106659, 43207, 44533, 78590, 58819, 20515, 60625, 32476, 16116, 106372]"
111921,"[20828, 80642, 49786, 65377, 37898, 77406, 8862, 84757, 10274, 49904]"
111922,"[80339, 46884, 81299, 39371, 25263, 94461, 49043, 93518, 23253, 8453]"
111923,"[11002, 15108, 100919, 27142, 79, 64295, 65165, 34229, 48861, 47216]"
111924,"[53324, 6912, 85161, 76401, 105180, 59548, 24298, 103299, 15188, 100625]"
111925,"[9889, 34922, 50621, 37007, 97593, 59044, 106698, 11883, 2722, 59835]"
111926,"[67738, 96161, 31544, 48225, 3296, 98379, 91345, 28119, 78744, 5461]"
111927,"[21588, 76710, 44683, 35559, 9912, 31276, 107325, 43817, 103239, 8468]"
111928,"[78348, 41667, 95314, 51182, 87920, 9717, 101977, 75251, 20469, 43450]"
111929,"[46732, 67369, 70538, 4712, 52814, 102607, 90668, 84793, 80927, 21354]"
111930,"[61743, 41618, 25628, 102386, 105567, 52060, 95030, 62434, 7919, 94489]"
111931,"[106757, 84510, 5067, 40779, 81851, 108007, 86491, 25060, 81064, 32579]"
111932,"[102641, 7230, 25262, 104016, 96305, 26774, 64753, 52344, 91628, 7113]"
111933,"[47060, 97474, 54814, 47861, 59929, 66131, 99529, 36175, 5629, 85226]"
111934,"[22523, 89414, 27970, 71444, 107879, 68600, 75476, 75011, 41977, 94159]"
111935,"[13542, 79468, 54655, 4629, 16877, 30978, 60119, 67062, 61182, 11046]"
111936,"[99136, 94700, 101324, 71002, 103751, 97118, 87195, 71548, 22949, 84965]"
111937,"[95301, 50918, 76463, 97069, 50428, 5791, 11769, 11459, 76618, 19375]"
111938,"[60519, 15106, 87816, 41636, 77196, 94035, 14947, 79824, 6844, 44702]"
111939,"[30736, 99349, 18502, 54268, 108862, 88423, 23425, 1606, 85118, 87815]"
111940,"[42192, 92250, 40537, 14825, 88054, 101014, 10693, 28793, 38556, 87779]"
111941,"[77470, 4986, 20049, 67833, 25902, 23921, 108560, 101636, 82227, 67030]"
111942,"[92251, 26675, 37347, 23399, 54639, 101490, 8730, 26485, 100153, 10044]"
111943,"[10697, 40955, 83930, 64417, 17865, 16521, 4549, 82546, 108151, 67942]"
111944,"[24679, 27844, 102498, 53518, 59679, 2675, 70439, 19851, 57512, 44275]"
111945,"[21297, 72738, 98370, 69809, 52217, 35417, 44109, 96366, 79910, 7325]"
111946,"[7563, 77659, 52868, 91941, 8959, 7931, 78231, 35058, 54362, 1961]"
111947,"[51662, 71537, 99880, 68371, 39240, 107391, 102696, 64110, 4950, 78501]"
111948,"[58933, 23860, 27224, 49889, 23429, 38926, 41093, 71738, 30912, 2602]"
111949,"[87924, 70566, 33579, 68364, 106550, 89806, 98554, 102956, 85140, 54114]"
111950,"[23615, 1323, 93364, 82805, 70908, 52967, 11872, 56994, 68108, 46615]"
111951,"[89259, 48651, 81411, 63169, 99950, 17465, 68244, 100677, 60718, 107139]"
111952,"[56182, 62458, 50541, 13231, 46321, 91400, 72051, 51883, 36965, 47057]"
111953,"[36899, 12150, 65005, 50288, 73398, 99732, 108153, 98328, 37254, 6280]"
111954,"[106567, 52378, 14715, 105722, 42184, 54683, 63714, 101911, 77120, 1214]"
111955,"[38073, 16271, 81424, 15007, 83555, 26418, 86722, 49359, 30698, 48108]"
111956,"[83938, 96940, 105264, 46141, 19570, 94436, 61661, 76661, 28772, 25475]"
111957,"[94834, 27050, 19617, 81216, 58331, 75112, 70203, 86537, 60068, 106311]"
111958,"[69049, 20219, 61062, 47466, 99331, 526, 61028, 72414, 8638, 73131]"
111959,"[54579, 84047, 104777, 48204, 75221, 59011, 9608, 1342, 18983, 48418]"
111960,"[73128, 39441, 14536, 44261, 28502, 82250, 34948, 61335, 44906, 16269]"
111961,"[99356, 3922, 66452, 102655, 82771, 39181, 85426, 36438, 55243, 76633]"
111962,"[58518, 62547, 57433, 62642, 42010, 53822, 90892, 8960, 59243, 104051]"
111963,"[5868, 104188, 57716, 47701, 3386, 8423, 41909, 70519, 7595, 50296]"
111964,"[106714, 4128, 26444, 55532, 72773, 28295, 63751, 3131, 57953, 95215]"
111965,"[92180, 59711, 12482, 16252, 105166, 76180, 40879, 2535, 30917, 22008]"
111966,"[47045, 102996, 27955, 69943, 68189, 46582, 80979, 48079, 68573, 97808]"
111967,"[33528, 27983, 46836, 48780, 53151, 40424, 16976, 23404, 108153, 75850]"
111968,"[25573, 39610, 38687, 47822, 55173, 108893, 35373, 13234, 77386, 54912]"
111969,"[80151, 78497, 83898, 81712, 64818, 67018, 58193, 55367, 12721, 36194]"
111970,"[84993, 65984, 76593, 59154, 27953, 85734, 68263, 10647, 82577, 77086]"
111971,"[99414, 95044, 109327, 95097, 11546, 60962, 90212, 39950, 102751, 87862]"
111972,"[34114, 107469, 91469, 51009, 28955, 88658, 103384, 45802, 12044, 38813]"
111973,"[49031, 43445, 101734, 261, 31886, 31316, 16249, 37375, 25402, 4554]"
111974,"[28262, 24966, 39303, 85563, 35880, 86231, 39662, 97283, 54963, 98177]"
111975,"[40170, 67315, 78558, 95474, 58581, 49967, 41499, 5379, 23540, 30022]"
111976,"[39573, 60127, 29592, 43525, 42414, 62693, 12822, 74420, 103487, 80234]"
111977,"[70494, 109521, 38361, 102215, 82612, 47487, 43599, 9069, 66768, 87522]"
111978,"[105336, 81003, 66960, 53315, 96404, 32939, 25727, 38261, 87931, 69479]"
111979,"[1129, 67534, 21436, 73861, 96724, 77270, 104347, 13189, 88767, 80707]"
111980,"[67001, 89198, 97518, 30371, 438, 102334, 44278, 785, 75893, 52444]"
111981,"[91754, 63043, 91148, 109301, 60649, 73983, 26834, 37832, 53149, 43370]"
111982,"[79746, 55901, 71866, 67427, 79416, 2877, 53127, 75134, 21144, 82434]"
111983,"[33286, 25036, 106661, 12376, 78241, 108693, 99318, 5494, 30935, 9945]"
111984,"[21960, 43688, 38891, 86529, 24983, 42376, 24585, 878, 53970, 46129]"
111985,"[63355, 66419, 55134, 109696, 16162, 60266, 27914, 65392, 43431, 31548]"
111986,"[68880, 28244, 18183, 86516, 34187, 32337, 47355, 109587, 27531, 58480]"
111987,"[88967, 100663, 27078, 21599, 189, 63915, 2064, 19860, 68231, 25137]"
111988,"[93682, 2490, 109093, 64288, 61789, 92807, 58006, 42737, 102231, 2286]"
111989,"[39453, 8760, 67607, 95767, 47436, 8621, 21768, 101380, 82470, 12807]"
111990,"[1806, 57257, 49089, 17057, 29108, 86126, 30669, 20203, 46131, 103901]"
111991,"[12209, 106278, 29602, 57062, 69106, 21332, 8051, 80119, 5241, 30339]"
111992,"[69409, 24228, 31109, 55747, 10101, 54935, 844, 31091, 55753, 42610]"
111993,"[7446, 73321, 52949, 65035, 57680, 51266, 98770, 35960, 74580, 74641]"
111994,"[17899, 36853, 85042, 95814, 11348, 101570, 77099, 2044, 33706, 79541]"
111995,"[103938, 72824, 35996, 71003, 44069, 10242, 52099, 102936, 60479, 16510]"
111996,"[54898, 43704, 66719, 67044, 67398, 21821, 55010, 32008, 52413, 70876]"
111997,"[76193, 22297, 30547, 13903, 88324, 27807, 109476, 46059, 67295, 86669]"
111998,"[64856, 96536, 10767, 28346, 12569, 20112, 106922, 64449, 43853, 42629]"
111999,"[35520, 109580, 11702, 109326, 80570, 59567, 43105, 26235, 58091, 92752]"
112000,"[74704, 68255, 37630, 106409, 81467, 85608, 97819, 74567, 4776, 38215]"
112001,"[107280, 12952, 5318, 102050, 336, 32830, 85081, 55430, 69149, 64859]"
112002,"[46432, 14380, 39102, 75917, 69351, 96711, 37024, 74702, 71298, 26682]"
112003,"[69146, 76225, 62423, 21402, 16014, 58257, 42381, 109311, 75252, 40027]"
112004,"[97338, 108902, 52866, 75209, 20155, 31059, 12177, 19310, 60134, 20649]"
112005,"[25696, 95469, 98036, 83806, 11293, 2469, 89970, 49902, 87037, 72094]"
112006,"[49903, 56976, 15630, 46256, 106415, 60863, 40069, 72011, 95643, 74450]"
112007,"[35573, 17008, 65770, 1418, 89699, 84101, 6549, 94145, 51427, 1937]"
112008,"[64814, 51894, 14470, 67772, 89839, 19941, 97681, 55290, 45125, 9806]"
112009,"[37522, 100997, 64824, 80921, 57631, 33403, 80433, 48731, 37953, 71972]"
112010,"[58324, 33883, 64148, 35425, 100682, 82323, 42475, 57956, 76638, 13382]"
112011,"[78999, 89273, 22656, 81525, 106301, 88642, 49626, 64574, 68662, 42079]"
112012,"[92650, 73775, 57635, 7232, 65223, 28250, 22530, 39005, 3937, 70809]"
112013,"[58935, 98105, 53806, 80424, 91342, 29746, 88175, 69000, 54574, 40379]"
112014,"[35742, 94507, 102444, 13419, 10884, 54837, 34985, 88170, 14728, 62349]"
112015,"[55901, 75134, 79746, 71556, 71866, 67427, 53127, 79416, 33652, 82108]"
112016,"[28733, 16434, 71957, 41333, 54576, 94282, 7403, 92332, 26070, 63435]"
112017,"[19826, 25988, 49518, 91096, 3292, 84820, 106047, 48215, 100216, 14406]"
112018,"[51896, 105989, 38396, 60782, 42289, 14960, 53502, 97779, 86382, 43354]"
112019,"[40149, 53400, 70112, 85209, 12628, 83661, 8526, 75606, 1776, 89410]"
112020,"[21077, 63373, 35832, 10311, 43418, 107882, 98628, 85392, 15703, 69164]"
112021,"[37383, 48207, 86324, 105353, 83408, 15823, 96779, 44042, 48466, 24200]"
112022,"[83333, 24086, 20815, 106595, 46830, 57909, 26222, 90356, 59448, 73050]"
112023,"[24358, 62094, 24334, 14048, 6629, 19730, 62561, 78423, 5441, 88897]"
112024,"[70773, 48094, 49431, 24501, 56965, 23358, 68596, 64745, 106331, 26906]"
112025,"[63814, 60182, 90960, 44656, 57942, 54003, 15899, 33502, 94999, 94714]"
112026,"[43462, 67480, 58962, 69818, 28757, 13708, 92933, 85962, 97371, 21393]"
112027,"[15817, 33713, 16376, 42368, 87767, 80497, 13214, 71224, 34806, 27272]"
112028,"[51173, 32902, 48798, 23455, 94924, 33424, 52222, 36716, 17177, 46218]"
112029,"[57588, 59104, 52791, 100982, 57245, 12506, 21693, 63663, 39073, 37893]"
112030,"[30057, 19311, 62896, 92455, 56008, 71292, 22287, 27565, 14222, 93264]"
112031,"[27407, 101415, 27490, 99326, 75565, 36189, 98620, 41791, 77555, 94569]"
112032,"[33142, 18120, 8288, 15151, 80545, 26732, 8856, 75641, 102993, 32251]"
112033,"[39190, 58605, 6413, 89088, 84128, 93451, 103507, 54130, 11071, 2393]"
112034,"[89935, 106573, 108749, 27466, 53900, 83370, 61834, 105495, 104733, 105072]"
112035,"[95327, 57921, 33782, 65048, 67557, 107741, 42157, 24984, 83668, 10564]"
112036,"[109340, 101040, 48734, 76130, 99861, 98302, 11013, 63030, 506, 23385]"
112037,"[99891, 73670, 38201, 106525, 70462, 12295, 69328, 78369, 21516, 36714]"
112038,"[103125, 72381, 690, 100920, 89953, 55755, 3089, 1827, 720, 34954]"
112039,"[67713, 34155, 84330, 13172, 105332, 97821, 61032, 105898, 62323, 38227]"
112040,"[96404, 2008, 4273, 12829, 100876, 94158, 66092, 6122, 46601, 94140]"
112041,"[49712, 30626, 22589, 18791, 49015, 55412, 97109, 62271, 50545, 53699]"
112042,"[48618, 99001, 4478, 99527, 21692, 104610, 99793, 50426, 92922, 11114]"
112043,"[14733, 108652, 7760, 55564, 7208, 40031, 66764, 104839, 30322, 73713]"
112044,"[87303, 97619, 99502, 19089, 52763, 16656, 94295, 1831, 67550, 5371]"
112045,"[74912, 44509, 99199, 104926, 95799, 68285, 95418, 25909, 54332, 50334]"
112046,"[46606, 2960, 21530, 79756, 32343, 47557, 43088, 1839, 109609, 74881]"
112047,"[46729, 96098, 12380, 9106, 25469, 37746, 81637, 94829, 13317, 72718]"
112048,"[64796, 859, 23044, 45902, 25682, 41910, 12258, 5353, 105774, 70517]"
112049,"[33644, 71777, 66109, 19583, 105996, 95787, 82555, 107581, 83521, 16719]"
112050,"[65617, 81240, 63573, 104004, 59318, 17939, 55059, 87577, 36177, 53936]"
112051,"[19482, 51170, 92873, 108202, 44014, 72698, 56992, 92636, 35138, 26294]"
112052,"[50917, 57164, 100172, 20948, 88521, 54675, 33385, 70225, 56960, 31229]"
112053,"[2333, 34929, 108321, 69516, 5250, 72337, 61941, 89641, 75041, 7059]"
112054,"[81984, 73157, 20272, 8157, 9090, 46791, 60516, 39938, 56135, 28766]"
112055,"[82119, 101587, 70387, 100432, 87431, 18877, 39566, 62336, 95321, 17783]"
112056,"[91984, 4786, 1610, 93038, 94263, 98829, 60412, 43073, 81466, 78542]"
112057,"[61421, 58430, 10403, 12795, 58699, 108981, 52920, 60674, 2596, 27580]"
112058,"[12815, 35569, 83633, 61462, 57031, 29487, 109254, 4721, 29596, 61400]"
112059,"[34296, 7967, 50339, 84808, 15980, 53700, 83331, 88078, 3018, 58375]"
112060,"[95137, 102720, 4725, 88962, 48596, 35315, 105093, 25971, 99913, 37440]"
112061,"[49418, 94192, 32606, 102164, 17437, 78511, 45522, 83654, 87852, 86043]"
112062,"[95929, 59245, 83629, 83113, 18869, 60873, 98430, 61788, 17859, 39543]"
112063,"[10347, 63848, 63477, 24415, 35116, 4512, 43171, 6322, 81898, 89807]"
112064,"[25774, 23738, 48789, 100555, 58817, 109014, 68594, 103851, 1726, 29769]"
112065,"[9734, 43120, 18468, 20797, 38260, 11972, 53593, 52580, 76850, 8029]"
112066,"[43935, 80531, 85402, 96534, 7906, 82817, 77799, 32512, 87951, 56954]"
112067,"[62072, 75693, 104756, 84537, 83223, 43795, 97025, 26375, 73783, 40130]"
112068,"[54585, 288, 65537, 38944, 63893, 60867, 65472, 35242, 108170, 58442]"
112069,"[79942, 86166, 16682, 3237, 49912, 53171, 91544, 77587, 41744, 28222]"
112070,"[41536, 12348, 36754, 80852, 95666, 81176, 78625, 108020, 68183, 31000]"
112071,"[53492, 44470, 88118, 105217, 82269, 93417, 53422, 980, 5552, 104756]"
112072,"[5088, 14607, 78079, 101284, 58136, 91138, 70057, 10870, 74112, 23750]"
112073,"[74400, 29606, 2207, 79634, 92435, 97, 67075, 86159, 66988, 26537]"
112074,"[37812, 79921, 47669, 12023, 82132, 31930, 76691, 76783, 37547, 163]"
112075,"[51692, 108486, 108276, 103286, 26154, 33039, 81059, 65098, 82785, 40243]"
112076,"[96924, 53593, 38260, 11972, 52561, 76850, 50270, 11931, 56303, 60809]"
112077,"[71039, 37762, 12896, 96319, 18458, 26304, 64516, 3443, 49124, 82737]"
112078,"[22136, 61827, 1971, 42923, 108616, 73678, 77296, 109460, 8063, 107250]"
112079,"[73780, 61987, 91369, 50661, 52369, 72623, 25979, 17737, 15886, 76718]"
112080,"[59446, 78621, 24612, 97187, 4833, 68107, 43547, 67804, 70436, 3372]"
112081,"[83653, 49476, 58234, 74659, 104291, 109441, 66432, 85781, 81634, 48940]"
112082,"[81323, 76356, 6951, 39338, 106040, 44905, 102634, 4774, 5631, 64713]"
112083,"[27375, 32543, 61298, 101293, 31656, 74960, 104763, 58783, 52638, 97381]"
112084,"[84624, 42799, 59463, 23644, 3114, 76136, 92405, 87967, 27221, 68552]"
112085,"[1585, 94798, 301, 28233, 105220, 97175, 63637, 20001, 106421, 86932]"
112086,"[68627, 2714, 106207, 66947, 50611, 55042, 45662, 98780, 21324, 65029]"
112087,"[33772, 86592, 79649, 71609, 88890, 27753, 38141, 10780, 4649, 70064]"
112088,"[27489, 96190, 32886, 5543, 12910, 38939, 97756, 48701, 39594, 76707]"
112089,"[11385, 57332, 72837, 2560, 81290, 70097, 32168, 104387, 44040, 91630]"
112090,"[45984, 104460, 83664, 100387, 64721, 27363, 51171, 70542, 71453, 85500]"
112091,"[8485, 48879, 76821, 89700, 98835, 80882, 1235, 42572, 34849, 90963]"
112092,"[95314, 59340, 93205, 88790, 34758, 16755, 20469, 56020, 68357, 62545]"
112093,"[69623, 1022, 14307, 91396, 68868, 40654, 26383, 24454, 34894, 16152]"
112094,"[7381, 83138, 31360, 61191, 29568, 57607, 7627, 56190, 58102, 42937]"
112095,"[71823, 80310, 51642, 26303, 56002, 42212, 49945, 94971, 83635, 72396]"
112096,"[63147, 67112, 62262, 64125, 14731, 89991, 18595, 35307, 4930, 59235]"
112097,"[71504, 82056, 70512, 74230, 24886, 62872, 59984, 18453, 104180, 35388]"
112098,"[51388, 29161, 75909, 27186, 93307, 49237, 104999, 38301, 41235, 97460]"
112099,"[70919, 60148, 95186, 8777, 92108, 24225, 11659, 45324, 58266, 39945]"
112100,"[67590, 58902, 64268, 97545, 45762, 19145, 93670, 61896, 90413, 94902]"
112101,"[53903, 93278, 40978, 94794, 4619, 65258, 59663, 8199, 35587, 90333]"
112102,"[4021, 83219, 1430, 55477, 31603, 101858, 62288, 105661, 31778, 40529]"
112103,"[35572, 81117, 105691, 105465, 44449, 56130, 86650, 75970, 68304, 60445]"
112104,"[92755, 58800, 45303, 59030, 65433, 890, 75203, 38219, 108456, 42309]"
112105,"[8476, 106152, 41336, 91114, 37051, 56695, 5417, 80254, 47817, 56691]"
112106,"[22752, 23108, 82299, 60200, 68643, 15226, 23752, 68067, 84586, 70579]"
112107,"[48273, 48843, 107697, 1042, 76062, 91393, 62982, 96083, 26339, 51656]"
112108,"[98778, 55126, 18831, 92071, 91516, 32392, 33270, 43077, 37899, 8882]"
112109,"[96938, 21452, 53726, 97210, 32302, 48634, 49268, 93554, 74588, 9349]"
112110,"[27038, 44827, 42478, 12774, 71388, 46801, 78354, 48566, 68709, 64024]"
112111,"[33607, 53160, 88066, 89389, 93686, 70856, 71999, 66208, 48785, 25256]"
112112,"[78465, 101926, 2967, 71150, 96206, 47495, 51991, 25315, 12857, 30046]"
112113,"[71901, 96072, 47850, 2130, 69180, 86616, 24625, 81420, 15050, 3774]"
112114,"[45167, 102949, 16454, 36399, 49987, 77471, 4219, 4756, 88787, 85834]"
112115,"[54603, 53068, 44005, 102603, 94093, 8957, 35841, 91084, 84277, 11495]"
112116,"[66387, 48377, 60515, 54115, 13321, 60764, 1349, 749, 9258, 93277]"
112117,"[48946, 95702, 36742, 3592, 41880, 109022, 21935, 81001, 74181, 56465]"
112118,"[103916, 104175, 83717, 59085, 61066, 75753, 28606, 74125, 29400, 41038]"
112119,"[70826, 79306, 31015, 52192, 87503, 63414, 107462, 54964, 7778, 43401]"
112120,"[51534, 72760, 54225, 78901, 94671, 90463, 107798, 104583, 11045, 12538]"
112121,"[26915, 43292, 2260, 74360, 85216, 50009, 52610, 62990, 42936, 24185]"
112122,"[30256, 103091, 11871, 15472, 9008, 42085, 109755, 14802, 67138, 51918]"
112123,"[29731, 90296, 101833, 38267, 16167, 67569, 35366, 45226, 103171, 106555]"
112124,"[60229, 28759, 63794, 33361, 1157, 49119, 13808, 6968, 101552, 31915]"
112125,"[77238, 28232, 38477, 106865, 50630, 11623, 2172, 29952, 1050, 7657]"
112126,"[49826, 87028, 14286, 43358, 24327, 46047, 62224, 57944, 34600, 2091]"
112127,"[79170, 44761, 91549, 95741, 1421, 34264, 70395, 30485, 105036, 17200]"
112128,"[20846, 54877, 38118, 5697, 82485, 32420, 103266, 6872, 61653, 81118]"
112129,"[101702, 72346, 2045, 39576, 44126, 53993, 102876, 75200, 49281, 64786]"
112130,"[203, 47359, 83425, 16226, 107549, 78711, 81959, 89166, 41462, 35006]"
112131,"[88981, 62650, 6256, 67686, 56645, 32661, 38018, 57087, 78804, 68643]"
112132,"[20077, 106579, 58049, 72815, 29793, 2904, 36391, 85188, 105242, 86918]"
112133,"[45690, 82542, 26150, 60269, 98089, 44060, 67927, 53738, 59151, 7933]"
112134,"[9799, 98608, 24971, 52461, 63250, 36784, 100758, 44159, 92178, 58599]"
112135,"[16569, 92200, 47750, 84721, 25207, 93789, 22181, 18310, 98472, 90988]"
112136,"[67359, 18877, 76492, 87610, 99822, 16537, 87739, 31515, 104434, 38000]"
112137,"[78956, 104665, 54351, 60673, 59272, 24496, 1430, 90147, 60351, 31811]"
112138,"[68005, 66455, 23960, 26764, 7978, 33556, 2376, 79463, 51494, 40258]"
112139,"[109302, 74977, 59920, 49437, 40029, 29030, 64647, 52559, 67775, 49133]"
112140,"[87221, 62200, 7550, 1890, 59049, 40041, 9686, 53089, 64102, 88225]"
112141,"[65629, 48553, 38445, 40611, 18806, 16561, 41673, 103683, 66344, 24588]"
112142,"[42957, 75202, 61273, 73018, 82442, 10505, 86842, 23480, 27415, 108024]"
112143,"[3060, 59504, 91599, 93818, 87824, 41046, 55886, 17547, 51523, 43074]"
112144,"[14199, 7081, 56863, 49042, 81018, 41791, 9949, 3639, 17619, 42987]"
112145,"[18730, 88032, 62433, 58869, 29901, 65104, 97885, 66192, 54500, 59768]"
112146,"[95333, 40465, 49317, 102494, 24453, 34977, 38778, 76153, 102378, 58063]"
112147,"[50176, 31676, 69655, 23979, 36123, 40469, 23696, 24427, 80505, 64894]"
112148,"[107506, 50992, 66366, 1725, 14156, 17912, 85160, 75420, 15859, 72583]"
112149,"[35575, 40441, 63457, 6854, 107003, 45169, 53084, 41080, 78537, 50421]"
112150,"[74339, 19129, 102478, 74753, 64936, 47778, 3623, 70401, 63011, 90807]"
112151,"[59713, 12657, 50262, 29425, 46354, 35388, 45998, 89299, 54788, 79193]"
112152,"[4740, 45900, 62730, 87695, 68039, 1242, 37923, 1131, 89208, 29671]"
112153,"[7356, 4225, 69036, 8346, 56366, 28422, 81085, 79805, 28177, 45679]"
112154,"[34653, 82649, 51521, 24859, 91569, 3749, 99851, 25094, 85551, 13705]"
112155,"[93430, 67500, 2810, 32078, 96182, 97618, 104388, 51268, 59118, 25204]"
112156,"[55121, 102543, 38548, 42181, 88117, 9091, 102073, 103917, 74557, 98073]"
112157,"[64945, 67867, 65657, 29049, 59012, 26248, 40096, 4597, 72039, 10918]"
112158,"[62121, 6333, 109615, 92761, 85116, 45072, 97655, 27453, 30751, 35473]"
112159,"[74553, 83351, 105366, 64719, 37911, 49050, 83880, 94242, 16723, 47422]"
112160,"[74317, 14888, 15144, 78913, 89429, 81522, 54249, 27461, 24691, 25658]"
112161,"[88111, 87001, 9476, 42237, 18076, 21632, 28068, 106839, 20676, 13706]"
112162,"[108437, 41810, 28726, 96583, 6731, 21541, 45732, 56524, 87943, 23973]"
112163,"[35500, 9967, 82224, 2710, 94666, 20345, 22355, 80817, 49763, 78908]"
112164,"[78944, 2539, 95821, 60243, 2958, 102756, 71208, 88196, 50667, 42103]"
112165,"[31814, 16, 12, 13038, 91165, 99083, 59746, 68336, 25373, 10583]"
112166,"[59352, 85937, 104400, 97310, 38419, 93464, 4166, 23224, 68846, 63018]"
112167,"[22569, 35348, 61990, 19322, 35863, 19775, 12958, 14860, 96911, 60437]"
112168,"[81509, 30389, 13270, 27996, 60873, 69744, 31070, 54812, 83113, 18869]"
112169,"[11910, 96300, 67513, 50372, 19528, 89212, 5354, 67350, 109584, 73863]"
112170,"[60675, 94607, 98828, 6411, 25743, 10122, 5092, 98546, 105627, 47433]"
112171,"[36890, 103048, 84598, 96371, 75070, 3746, 90602, 26000, 78786, 52922]"
112172,"[87336, 22419, 70628, 87578, 68918, 83745, 71675, 26566, 70047, 32601]"
112173,"[35182, 75786, 15513, 4862, 105871, 37628, 6303, 32030, 97803, 96684]"
112174,"[79702, 98489, 37914, 50828, 87197, 45553, 90195, 26056, 2574, 104346]"
112175,"[34437, 43669, 66592, 46172, 40406, 35698, 33731, 104869, 58613, 81921]"
112176,"[70896, 38139, 99749, 98992, 26314, 21406, 95393, 97887, 60874, 11950]"
112177,"[89375, 1979, 6332, 74512, 106666, 58, 73648, 4444, 45458, 59026]"
112178,"[65933, 91946, 103642, 64852, 37673, 27569, 18855, 9565, 84202, 27513]"
112179,"[90866, 105987, 56638, 22854, 79852, 45475, 15441, 90501, 12097, 39256]"
112180,"[24657, 90612, 69318, 53048, 83585, 87726, 89557, 27931, 109543, 58726]"
112181,"[104155, 109083, 36395, 715, 37943, 14538, 101400, 12499, 69498, 104472]"
112182,"[47438, 1683, 84603, 71892, 86734, 92900, 50704, 18264, 60329, 15083]"
112183,"[93596, 49053, 94974, 42454, 69513, 8208, 52960, 81733, 67174, 11596]"
112184,"[22102, 32981, 95645, 43527, 101131, 97502, 25255, 50839, 28610, 68814]"
112185,"[86549, 38229, 15963, 103945, 99009, 42049, 16053, 90557, 60718, 34782]"
112186,"[69029, 104962, 31003, 14273, 56092, 93532, 100799, 60014, 46933, 90542]"
112187,"[42931, 24202, 80909, 41527, 19004, 64420, 38015, 38569, 55340, 9973]"
112188,"[83091, 50745, 88894, 41882, 55012, 43562, 25957, 40103, 63698, 80795]"
112189,"[34703, 14919, 60861, 63689, 97417, 69028, 63100, 32614, 41735, 93764]"
112190,"[1790, 29040, 48968, 29564, 9393, 21413, 42439, 67223, 82380, 95097]"
112191,"[2938, 81398, 64551, 83863, 51139, 54610, 19932, 13219, 79301, 108201]"
112192,"[71148, 89337, 57845, 58553, 8185, 86168, 25631, 31276, 12269, 54989]"
112193,"[91435, 58990, 33783, 96366, 54417, 28643, 98370, 94218, 84851, 22790]"
112194,"[65571, 41846, 57711, 60909, 16189, 58568, 13080, 43083, 96726, 1711]"
112195,"[64557, 25508, 18343, 98317, 83885, 32210, 33116, 30865, 88102, 30395]"
112196,"[44389, 51480, 106918, 32607, 71084, 100698, 14483, 6260, 69315, 36464]"
112197,"[106197, 34098, 29152, 104307, 65402, 10553, 84084, 35665, 28742, 85429]"
112198,"[92094, 26013, 85743, 27977, 10123, 39695, 45878, 30422, 8175, 5101]"
112199,"[46565, 65574, 86505, 31342, 100140, 78024, 73455, 69344, 90733, 65034]"
112200,"[10602, 26659, 55944, 46675, 8937, 102278, 79139, 30666, 90547, 29700]"
112201,"[51846, 85178, 56255, 60419, 44644, 48798, 18542, 30660, 19791, 94059]"
112202,"[85634, 32487, 87422, 18817, 31633, 70359, 89674, 37472, 87196, 28447]"
112203,"[70759, 63810, 45135, 104866, 20770, 4868, 42414, 5258, 74938, 85008]"
112204,"[46951, 99837, 43249, 55107, 30979, 91866, 32651, 22793, 18400, 18655]"
112205,"[11654, 8889, 89614, 103830, 13007, 91410, 99878, 45299, 69270, 805]"
112206,"[57589, 55345, 31523, 20195, 10223, 42577, 23418, 7655, 14542, 42903]"
112207,"[4468, 88031, 50044, 105560, 33871, 85284, 94652, 63376, 27158, 13756]"
112208,"[54034, 12066, 94500, 15361, 11983, 55220, 74454, 80095, 66803, 104359]"
112209,"[53030, 105320, 74564, 6277, 82286, 3509, 48982, 69023, 60937, 47100]"
112210,"[80655, 18947, 23817, 21226, 30493, 42150, 17492, 90217, 84323, 63297]"
112211,"[23340, 101022, 95980, 5699, 64476, 84463, 47222, 27029, 26132, 51935]"
112212,"[41019, 19473, 51596, 44100, 2514, 6091, 23443, 96124, 11818, 69067]"
112213,"[62625, 23797, 69018, 64128, 39475, 4881, 56738, 67732, 8416, 3978]"
112214,"[40295, 23651, 51375, 98536, 78597, 37409, 60341, 89345, 51070, 66397]"
112215,"[16991, 3061, 34865, 51449, 62455, 84195, 34488, 107363, 92879, 19973]"
112216,"[108226, 44524, 17868, 87740, 30075, 26856, 14288, 57463, 760, 86473]"
112217,"[80360, 39702, 87030, 107177, 64313, 63759, 32294, 39974, 37083, 45791]"
112218,"[93025, 59660, 39996, 40082, 24685, 16458, 17528, 45288, 66539, 62140]"
112219,"[28529, 84074, 25678, 51307, 61353, 30336, 60655, 62537, 10661, 63201]"
112220,"[57254, 47840, 10063, 69944, 73077, 57897, 21525, 90241, 39897, 24959]"
112221,"[4075, 71647, 59104, 100982, 57245, 52791, 21693, 71219, 59649, 26744]"
112222,"[33421, 49344, 64882, 37155, 24281, 53808, 56099, 80693, 73676, 89226]"
112223,"[56128, 33207, 33192, 19626, 30337, 47491, 89492, 104854, 52500, 34158]"
112224,"[5580, 12036, 5534, 1443, 21914, 29932, 48587, 22964, 95678, 66875]"
112225,"[60500, 58840, 96367, 102621, 107558, 55726, 78843, 105983, 15189, 82211]"
112226,"[35977, 64138, 7670, 2324, 222, 69320, 64554, 8878, 103289, 19589]"
112227,"[78995, 32275, 43627, 17709, 54331, 13361, 107484, 28565, 85062, 91414]"
112228,"[31821, 41833, 97391, 105998, 92746, 40752, 56602, 108441, 37977, 98642]"
112229,"[94064, 99412, 94837, 49392, 65182, 108164, 55113, 51460, 57015, 37957]"
112230,"[43097, 99022, 86776, 26570, 77321, 25381, 70354, 94919, 22596, 82808]"
112231,"[91720, 65513, 46580, 102915, 61940, 28029, 77437, 4318, 50036, 57217]"
112232,"[58539, 67706, 4368, 40706, 81280, 5764, 50846, 90854, 70519, 37340]"
112233,"[38756, 23130, 87588, 50210, 103012, 86973, 49618, 104896, 31510, 29721]"
112234,"[20244, 71696, 99504, 97108, 55810, 37011, 68991, 90399, 97632, 61083]"
112235,"[102994, 87841, 66641, 56018, 78400, 95844, 94717, 74335, 106347, 26291]"
112236,"[102120, 84056, 64377, 25154, 230, 104637, 108763, 1392, 93856, 11933]"
112237,"[68354, 91304, 56348, 80484, 72233, 108529, 106507, 28258, 89695, 62047]"
112238,"[66674, 2251, 103589, 94753, 78789, 30641, 48159, 49285, 75515, 101201]"
112239,"[77602, 53821, 10405, 94294, 96034, 16600, 21832, 66976, 100455, 68599]"
112240,"[68865, 47272, 80968, 47414, 12535, 41229, 58584, 21996, 24049, 49910]"
112241,"[95135, 109120, 3420, 60165, 54490, 11649, 26909, 9092, 108872, 59892]"
112242,"[79306, 31015, 850, 43423, 13239, 93151, 30478, 54964, 7778, 30759]"
112243,"[10492, 38406, 108046, 3455, 56520, 99673, 37438, 54091, 67445, 41297]"
112244,"[69440, 57365, 56124, 43751, 1335, 33244, 98434, 104441, 68928, 36717]"
112245,"[97510, 83879, 37432, 56197, 74032, 5954, 4028, 86675, 61738, 50234]"
112246,"[35487, 80557, 29679, 25030, 11500, 28193, 10465, 91154, 102316, 36876]"
112247,"[41235, 94661, 76896, 100324, 37053, 1891, 101620, 65572, 25571, 10853]"
112248,"[107451, 71440, 84477, 90730, 31928, 78448, 77701, 76749, 11773, 86843]"
112249,"[73154, 100057, 73302, 54804, 51412, 58631, 42421, 66669, 15938, 34001]"
112250,"[44342, 76004, 23004, 5161, 58346, 74235, 70697, 61564, 86559, 49036]"
112251,"[45410, 29106, 86756, 62496, 55847, 8245, 9104, 64731, 102297, 22340]"
112252,"[18670, 56398, 70352, 3129, 67842, 89740, 36980, 100278, 36308, 34307]"
112253,"[63885, 4242, 93218, 102556, 2166, 35673, 55570, 78548, 271, 74725]"
112254,"[5182, 2979, 59529, 71330, 34599, 26836, 59796, 104531, 78151, 59388]"
112255,"[85801, 108258, 98645, 9298, 4119, 81406, 108593, 87957, 91815, 93497]"
112256,"[71652, 20913, 73963, 98949, 99127, 67318, 10880, 88446, 96691, 29755]"
112257,"[99780, 68712, 43458, 11227, 106513, 18502, 98090, 84888, 2754, 40113]"
112258,"[25761, 7795, 44661, 19764, 101454, 28854, 43142, 67471, 92760, 73444]"
112259,"[21656, 3771, 81612, 52973, 10402, 103329, 66638, 104203, 69573, 20500]"
112260,"[91866, 32651, 59811, 106319, 98842, 16450, 8472, 64395, 101312, 90107]"
112261,"[5589, 52195, 29218, 71256, 49114, 43766, 56682, 12507, 61866, 36626]"
112262,"[99142, 91428, 48401, 73297, 20499, 65013, 77104, 26562, 7750, 67181]"
112263,"[53283, 59636, 83883, 12617, 78920, 6992, 11697, 87237, 26731, 106169]"
112264,"[22569, 70604, 102709, 93239, 13022, 35863, 76801, 101136, 66209, 104281]"
112265,"[72927, 80264, 48021, 29284, 21277, 79671, 44286, 77007, 78764, 106801]"
112266,"[7264, 75750, 3553, 78580, 52324, 5217, 21668, 48686, 48816, 37681]"
112267,"[54612, 37960, 87406, 51993, 92615, 95455, 68118, 24112, 26546, 12334]"
112268,"[85446, 49875, 69393, 70846, 51743, 13152, 54363, 17315, 8127, 109761]"
112269,"[56182, 91400, 72051, 62458, 50541, 106752, 57530, 40045, 44501, 27437]"
112270,"[6270, 107263, 27507, 109665, 56169, 24815, 30942, 53620, 56724, 76120]"
112271,"[27823, 57456, 61410, 74815, 103570, 34551, 37206, 41908, 93966, 56818]"
112272,"[14606, 33160, 53670, 79468, 54655, 4629, 17795, 89141, 60119, 16877]"
112273,"[105828, 72123, 106478, 46879, 76515, 44864, 34885, 74754, 81049, 86958]"
112274,"[21161, 2054, 28791, 107162, 38361, 39649, 31666, 42110, 102215, 49905]"
112275,"[37171, 69308, 29763, 76451, 99899, 33439, 1362, 36988, 28286, 33777]"
112276,"[106046, 64898, 46295, 83951, 58698, 101396, 72487, 91841, 45694, 43487]"
112277,"[50489, 79027, 14089, 68335, 3990, 96306, 78921, 58485, 30003, 30646]"
112278,"[99634, 71010, 59185, 91445, 40511, 29962, 34813, 79244, 88464, 29006]"
112279,"[29478, 68500, 53906, 82743, 107320, 71265, 4268, 62000, 11091, 39028]"
112280,"[7197, 99342, 75963, 27557, 50120, 72518, 37180, 29217, 85894, 24490]"
112281,"[33174, 104585, 55044, 38690, 100825, 68077, 77429, 90394, 39320, 15413]"
112282,"[69098, 8062, 92285, 89317, 46381, 22863, 58760, 45440, 29046, 83946]"
112283,"[44493, 25738, 38838, 47034, 24960, 18386, 68243, 1725, 81845, 44698]"
112284,"[54993, 30394, 64186, 60505, 16609, 96956, 70970, 5786, 28954, 22822]"
112285,"[64898, 47109, 106046, 45694, 101396, 53698, 23726, 72487, 65324, 82293]"
112286,"[78999, 66472, 22656, 21017, 98418, 7564, 81525, 32672, 15814, 83064]"
112287,"[89185, 38858, 32661, 85076, 55473, 29978, 27983, 48780, 104513, 27724]"
112288,"[11391, 34913, 391, 21508, 81944, 43392, 43681, 66194, 89384, 19422]"
112289,"[108959, 14305, 4414, 65634, 87199, 64801, 24304, 58794, 11556, 50890]"
112290,"[75940, 89109, 12834, 77028, 59535, 21194, 35417, 20091, 78465, 39700]"
112291,"[62300, 69550, 2301, 57262, 49039, 73932, 1048, 87781, 107605, 60031]"
112292,"[13535, 34123, 64902, 45466, 16984, 26671, 59427, 58563, 39557, 77740]"
112293,"[109063, 48926, 102159, 25570, 109136, 105682, 10998, 20869, 56700, 35622]"
112294,"[67067, 19982, 41644, 47070, 53095, 61758, 40926, 54811, 3260, 364]"
112295,"[39371, 51981, 88456, 23253, 8453, 32152, 94461, 19943, 55815, 93518]"
112296,"[78139, 9345, 82410, 4603, 64120, 21853, 40721, 69994, 20045, 40651]"
112297,"[61299, 82214, 105494, 47791, 8335, 11824, 62561, 46551, 86927, 10030]"
112298,"[100420, 33382, 82140, 66386, 2265, 80943, 72545, 5328, 2491, 76513]"
112299,"[107627, 33463, 64373, 79105, 4503, 12723, 63782, 55051, 38698, 44741]"
112300,"[28948, 12283, 47658, 92053, 89460, 36681, 101361, 84310, 14103, 53363]"
112301,"[105216, 113, 70498, 38404, 89963, 26490, 104562, 34986, 8944, 19819]"
112302,"[89945, 6353, 16503, 101319, 55995, 14696, 55960, 102583, 18512, 47934]"
112303,"[62934, 67422, 61716, 15883, 21284, 98256, 12592, 88744, 57929, 36525]"
112304,"[73611, 86593, 8342, 47898, 5433, 12053, 659, 52988, 80769, 53915]"
112305,"[11160, 1561, 58660, 43188, 105105, 85406, 94027, 85986, 100877, 63075]"
112306,"[87319, 48904, 34665, 16015, 29572, 55585, 96858, 39767, 2537, 87164]"
112307,"[86334, 43997, 28655, 43440, 51271, 75057, 779, 97385, 59816, 108479]"
112308,"[89301, 57902, 44836, 41767, 4996, 75093, 79672, 26174, 61302, 82481]"
112309,"[15833, 82481, 44316, 64735, 43042, 89301, 22482, 44836, 41043, 26174]"
112310,"[74523, 50611, 92758, 101478, 45662, 106207, 66947, 58814, 29089, 54837]"
112311,"[13690, 43991, 100933, 83847, 63409, 56913, 61892, 64287, 82952, 69896]"
112312,"[3462, 1055, 34517, 19624, 90778, 94600, 93448, 63629, 7138, 1147]"
112313,"[95090, 64964, 32592, 50730, 32750, 512, 10568, 59855, 59454, 73791]"
112314,"[48112, 53084, 107447, 3809, 36454, 103271, 65425, 98477, 81913, 43472]"
112315,"[99126, 5513, 65491, 95961, 52170, 44389, 98042, 35770, 83486, 14483]"
112316,"[10841, 105342, 74885, 15928, 87492, 84960, 40113, 33246, 20577, 25737]"
112317,"[88517, 63037, 76790, 6571, 1095, 96425, 88216, 39224, 73785, 31852]"
112318,"[81836, 48451, 43380, 28378, 9054, 64129, 55160, 47015, 43941, 38190]"
112319,"[56541, 66119, 36029, 100801, 10167, 60959, 38440, 12516, 59211, 81841]"
112320,"[65473, 52384, 67713, 47183, 102768, 51337, 34155, 84409, 57294, 1849]"
112321,"[36379, 53101, 107022, 100893, 54354, 53077, 69472, 47678, 87188, 11964]"
112322,"[45402, 32198, 37293, 13553, 46933, 53173, 18318, 11812, 98007, 81906]"
112323,"[15923, 88463, 43480, 38112, 33217, 23575, 77572, 42844, 11975, 102744]"
112324,"[26041, 75441, 13692, 97580, 76409, 97054, 58139, 75369, 63941, 15349]"
112325,"[96501, 47322, 41181, 15315, 21736, 31891, 19398, 72869, 43945, 58782]"
112326,"[62555, 96358, 97821, 61032, 48879, 65004, 8188, 29335, 62323, 14454]"
112327,"[39042, 78437, 76431, 1959, 62742, 106060, 42270, 101193, 79144, 25049]"
112328,"[21264, 25484, 98079, 62212, 105303, 7313, 19125, 85676, 31707, 10407]"
112329,"[47069, 72588, 56500, 80610, 16147, 50925, 21590, 79453, 26114, 95010]"
112330,"[57584, 61303, 83873, 73623, 102160, 68896, 47212, 76334, 99462, 1408]"
112331,"[76082, 58966, 83236, 496, 30809, 75476, 17615, 9539, 89414, 27970]"
112332,"[78867, 53261, 60948, 46468, 106422, 85219, 16053, 35452, 39508, 98777]"
112333,"[46290, 55809, 13523, 35545, 29857, 94930, 85838, 8948, 55558, 93045]"
112334,"[81730, 15507, 87579, 48542, 2420, 70220, 71551, 78692, 5968, 83532]"
112335,"[83573, 6948, 31780, 55591, 39733, 101361, 51478, 7927, 67710, 78044]"
112336,"[18289, 44507, 56371, 1873, 9770, 92611, 47836, 45315, 11538, 77294]"
112337,"[9404, 18677, 36571, 9810, 70395, 46979, 100472, 1421, 79170, 95741]"
112338,"[25109, 19544, 88753, 31436, 2031, 72260, 109659, 76040, 48348, 38763]"
112339,"[31904, 76319, 109562, 29797, 85113, 45790, 21112, 54815, 56583, 7513]"
112340,"[54118, 92372, 36517, 95336, 46303, 62583, 21005, 109048, 100335, 92179]"
112341,"[25195, 15098, 104408, 80773, 49984, 70879, 23272, 75973, 109545, 81971]"
112342,"[27224, 53034, 84082, 70400, 41093, 23429, 53988, 23860, 108187, 71738]"
112343,"[59629, 59475, 52366, 37625, 26496, 97778, 16383, 102360, 64794, 54959]"
112344,"[76772, 94704, 46120, 3460, 16016, 76693, 14084, 80722, 84790, 99757]"
112345,"[43702, 1925, 48919, 46398, 20856, 13906, 11937, 67918, 96719, 35268]"
112346,"[69671, 30828, 75319, 69459, 50014, 21235, 96551, 54950, 65991, 60794]"
112347,"[74693, 72877, 48669, 1911, 84784, 28736, 77276, 83319, 34581, 58311]"
112348,"[30452, 70589, 72064, 97221, 41051, 47752, 27062, 14967, 61649, 81502]"
112349,"[81834, 77000, 99461, 44503, 66477, 102675, 100459, 88073, 37556, 40740]"
112350,"[52327, 7130, 102557, 17939, 11113, 105278, 106615, 44261, 25108, 105682]"
112351,"[85849, 52853, 20435, 24577, 62429, 40596, 15846, 32852, 67238, 47126]"
112352,"[73087, 51434, 104575, 25560, 94142, 27680, 93119, 34210, 84029, 95]"
112353,"[76581, 37851, 92917, 7589, 86969, 83120, 33931, 47665, 99059, 79371]"
112354,"[45166, 2114, 32436, 49314, 43970, 107191, 95302, 91856, 74396, 4496]"
112355,"[16140, 9650, 56359, 17138, 59537, 90083, 66627, 89862, 14929, 88855]"
112356,"[8912, 16619, 9834, 67681, 3828, 44345, 23098, 52488, 25512, 35584]"
112357,"[41553, 71424, 9583, 45993, 18239, 60929, 77777, 91911, 89483, 26635]"
112358,"[60575, 66964, 100800, 60781, 70709, 55561, 90062, 52691, 22503, 78441]"
112359,"[10135, 20357, 80488, 38488, 27524, 5090, 53108, 94290, 2287, 35418]"
112360,"[68900, 622, 48098, 69395, 24006, 1779, 80926, 7608, 22956, 90863]"
112361,"[77786, 14853, 50718, 91406, 19783, 68148, 2019, 20010, 34862, 95465]"
112362,"[33587, 80457, 62252, 75860, 12425, 8789, 88522, 30670, 36677, 79531]"
112363,"[59094, 69992, 94067, 28237, 39983, 4301, 76279, 11261, 100688, 75332]"
112364,"[2510, 44966, 42719, 13895, 59885, 98426, 34978, 28652, 5778, 5238]"
112365,"[95605, 109437, 55143, 3937, 8853, 26587, 29021, 28250, 20959, 23034]"
112366,"[10762, 87708, 73772, 74877, 96258, 77556, 157, 34267, 68934, 97396]"
112367,"[35978, 188, 22129, 80392, 64258, 94474, 68365, 46437, 27576, 45098]"
112368,"[62375, 82015, 81311, 100410, 88941, 43731, 23569, 85873, 74305, 18644]"
112369,"[790, 102879, 31306, 92476, 53007, 29821, 22007, 54971, 91835, 104352]"
112370,"[49865, 22624, 17328, 3074, 57133, 108539, 101564, 104833, 16021, 87554]"
112371,"[87058, 20755, 81704, 95322, 102442, 49911, 13679, 8487, 94768, 53751]"
112372,"[91013, 57789, 26204, 46480, 78003, 1915, 54990, 58660, 85986, 11160]"
112373,"[14626, 59032, 83387, 144, 96237, 67020, 12455, 26695, 98995, 74937]"
112374,"[11453, 2711, 36554, 20350, 46021, 103110, 96322, 106259, 67081, 42182]"
112375,"[32331, 13971, 95487, 97346, 87684, 35067, 62422, 35991, 25816, 44453]"
112376,"[93325, 56538, 36785, 80900, 108779, 82169, 43082, 44737, 78146, 88837]"
112377,"[2869, 29723, 51572, 74239, 84904, 57418, 42580, 82681, 26444, 89041]"
112378,"[29300, 54724, 71918, 13949, 30553, 17121, 42862, 88685, 102846, 39005]"
112379,"[93275, 53444, 90854, 4368, 50846, 49875, 51192, 79452, 31886, 5764]"
112380,"[83418, 30858, 36756, 78322, 61398, 57865, 94512, 14963, 24138, 48730]"
112381,"[105210, 101520, 89570, 37871, 103472, 33857, 33865, 12654, 82332, 53155]"
112382,"[68744, 16017, 108859, 24117, 29520, 28723, 69350, 54122, 62349, 1396]"
112383,"[64874, 81549, 97130, 12660, 67458, 52942, 13905, 41676, 76748, 54587]"
112384,"[49263, 86385, 7649, 59204, 30880, 68645, 82416, 52387, 89706, 62184]"
112385,"[3574, 92444, 7137, 43552, 68630, 63380, 66576, 88551, 86293, 46162]"
112386,"[106898, 49553, 38253, 24602, 14659, 33966, 84164, 15311, 18523, 53663]"
112387,"[10575, 104153, 8900, 54070, 66535, 7801, 58035, 80034, 60289, 43914]"
112388,"[98248, 55680, 105518, 28902, 97389, 27619, 11661, 46648, 20672, 13839]"
112389,"[10243, 97632, 99504, 90399, 108451, 35860, 106686, 20244, 61083, 71696]"
112390,"[36871, 54718, 21291, 43278, 78812, 14993, 42683, 16933, 100781, 46595]"
112391,"[83099, 74270, 10031, 13525, 15602, 87851, 105198, 96638, 91425, 72300]"
112392,"[21964, 68387, 699, 92097, 66574, 30591, 84906, 67349, 33670, 11847]"
112393,"[54763, 84108, 14486, 104119, 16650, 50787, 81185, 104171, 18059, 54139]"
112394,"[17572, 38273, 25829, 31989, 37492, 86426, 44754, 81081, 48145, 55363]"
112395,"[4269, 96158, 66431, 50593, 57073, 55201, 50510, 105206, 32815, 22979]"
112396,"[54918, 58452, 9370, 42591, 106499, 96926, 43099, 44261, 57259, 86014]"
112397,"[77777, 95459, 24080, 60929, 9583, 45993, 18239, 91911, 41553, 53800]"
112398,"[21542, 53541, 4342, 75598, 72912, 17476, 76611, 53406, 96603, 88576]"
112399,"[45992, 28179, 101283, 26007, 52479, 36948, 95316, 8169, 95191, 7880]"
112400,"[78230, 11010, 27936, 79545, 71522, 42756, 5841, 68062, 50906, 68008]"
112401,"[12733, 16306, 13663, 19633, 86234, 103278, 103034, 81821, 87450, 101975]"
112402,"[94664, 44159, 96509, 80507, 78908, 103499, 92490, 70594, 95186, 35906]"
112403,"[85966, 73686, 91081, 88783, 48593, 88471, 72551, 69518, 33301, 11336]"
112404,"[8933, 44003, 67568, 23251, 49538, 38908, 104011, 23112, 1522, 86537]"
112405,"[51908, 83118, 29761, 78232, 86251, 51252, 37892, 6331, 100530, 69390]"
112406,"[40332, 57557, 105043, 51923, 71031, 66739, 57750, 16255, 38073, 57030]"
112407,"[30517, 62884, 54569, 103789, 86399, 52497, 51762, 22585, 94451, 22972]"
112408,"[99192, 95276, 81019, 58981, 107423, 38619, 92803, 78389, 84779, 5733]"
112409,"[98706, 42897, 25335, 25901, 64632, 79269, 41370, 47760, 14573, 62478]"
112410,"[29960, 10985, 3003, 85956, 39032, 97176, 74516, 98889, 2916, 99403]"
112411,"[104680, 42983, 58104, 60483, 10952, 75862, 9200, 77656, 48981, 80107]"
112412,"[80214, 72165, 63915, 37170, 97014, 94305, 88967, 95005, 60734, 85936]"
112413,"[31512, 70657, 23435, 104528, 64580, 14675, 28365, 105322, 11302, 107971]"
112414,"[51496, 45206, 95434, 89745, 15692, 50682, 32717, 76637, 32018, 26022]"
112415,"[91686, 8445, 5235, 71309, 85959, 17434, 68617, 40027, 48833, 69480]"
112416,"[39081, 106871, 32120, 41280, 34238, 104348, 109679, 102493, 67493, 71345]"
112417,"[32844, 59669, 42926, 26843, 18234, 77796, 104577, 55713, 68240, 23098]"
112418,"[91390, 64058, 39914, 27577, 52342, 40530, 104922, 39371, 33228, 94461]"
112419,"[54211, 14804, 17950, 18514, 77024, 20433, 104889, 53560, 15244, 91703]"
112420,"[40927, 49031, 109163, 4554, 31886, 20451, 57743, 25402, 12307, 79452]"
112421,"[53969, 47891, 109349, 18946, 83459, 66699, 69623, 37372, 46113, 28496]"
112422,"[102738, 108295, 70794, 10178, 81122, 108000, 1558, 65831, 30148, 40543]"
112423,"[105383, 46099, 36186, 80201, 91530, 20258, 18826, 90566, 47707, 11239]"
112424,"[327, 103916, 92477, 61066, 69518, 69201, 104175, 53446, 51003, 59085]"
112425,"[46119, 48775, 100289, 16425, 66309, 72495, 29150, 62570, 2908, 109412]"
112426,"[43982, 72387, 92738, 82739, 66914, 46414, 16920, 92684, 45475, 102150]"
112427,"[74220, 22625, 27634, 11622, 81214, 59424, 104712, 24867, 33690, 59763]"
112428,"[72569, 44233, 97259, 71325, 105406, 70031, 108956, 14711, 76427, 105591]"
112429,"[46469, 3455, 37438, 7991, 39168, 37579, 36318, 75679, 16191, 80175]"
112430,"[7828, 76840, 93458, 104374, 13446, 94486, 26305, 8306, 102182, 88481]"
112431,"[52329, 14699, 101488, 107240, 19130, 56721, 10467, 98221, 98845, 65349]"
112432,"[55866, 17686, 9496, 70236, 104957, 19532, 41801, 77380, 50358, 69474]"
112433,"[68433, 23453, 39943, 83336, 89701, 8722, 216, 31754, 68266, 26488]"
112434,"[87627, 103538, 67412, 63224, 62787, 29124, 61046, 93672, 9377, 34586]"
112435,"[47737, 65917, 8311, 29535, 18278, 63019, 29066, 43912, 87173, 104099]"
112436,"[78599, 56110, 107646, 52548, 60629, 56068, 99821, 28705, 20709, 49392]"
112437,"[59331, 28778, 39361, 93570, 93639, 70645, 55576, 16283, 53609, 6873]"
112438,"[93490, 43917, 94416, 17005, 64746, 91445, 97366, 101553, 44399, 18124]"
112439,"[102273, 15696, 107038, 40329, 40368, 94914, 6994, 98067, 94355, 18297]"
112440,"[59837, 45217, 15010, 41415, 44761, 91549, 41464, 76925, 74900, 16997]"
112441,"[55884, 40295, 42609, 89345, 11256, 91981, 87626, 24694, 37409, 92506]"
112442,"[15069, 13341, 42379, 4462, 40664, 46244, 34960, 1817, 60631, 23983]"
112443,"[107495, 10148, 7229, 98362, 35441, 38328, 104337, 68862, 70025, 23800]"
112444,"[10633, 43790, 17857, 26436, 51622, 88651, 83224, 1638, 85276, 98535]"
112445,"[78536, 1747, 1856, 47474, 338, 68606, 38085, 17251, 89734, 40754]"
112446,"[47940, 4171, 17705, 32675, 99952, 39948, 83823, 44859, 102035, 49082]"
112447,"[83086, 7924, 43015, 86356, 24442, 35616, 109041, 5870, 106167, 83489]"
112448,"[67439, 6379, 4545, 6916, 69167, 88721, 30632, 53825, 94977, 72373]"
112449,"[36085, 67536, 7623, 51053, 19532, 14316, 58393, 57065, 9496, 40188]"
112450,"[26288, 58481, 21398, 91120, 14882, 83576, 4570, 1829, 21886, 11981]"
112451,"[14623, 7837, 58244, 92304, 89511, 46887, 7038, 9775, 38730, 94307]"
112452,"[34752, 31711, 21815, 97420, 94505, 47149, 19539, 83870, 52750, 34263]"
112453,"[68985, 59901, 86764, 34060, 95688, 74919, 61834, 61986, 46041, 11716]"
112454,"[91731, 98890, 108479, 56732, 6177, 86334, 21347, 73648, 84758, 59709]"
112455,"[20284, 12925, 86921, 94382, 16673, 42654, 104948, 102923, 85810, 32734]"
112456,"[92856, 104709, 4531, 72519, 44073, 74499, 43936, 19237, 2246, 82082]"
112457,"[40311, 84217, 88792, 57632, 84725, 23825, 7434, 32993, 11875, 8609]"
112458,"[12202, 71360, 56923, 85173, 84844, 77877, 15581, 90314, 94336, 6079]"
112459,"[82275, 56844, 40005, 8335, 25369, 91362, 105494, 30871, 23834, 75961]"
112460,"[87068, 85009, 87760, 86118, 19, 94353, 40471, 88953, 35976, 3769]"
112461,"[34836, 49626, 62931, 61834, 46561, 28913, 42177, 8985, 32704, 42098]"
112462,"[60632, 86778, 51002, 31525, 48682, 5885, 2043, 27991, 75830, 53473]"
112463,"[79790, 69590, 19327, 47577, 8410, 26521, 92262, 90467, 10790, 108354]"
112464,"[69371, 103828, 21963, 33924, 47634, 42172, 85789, 94507, 5427, 51919]"
112465,"[40172, 64287, 50480, 82952, 6970, 62753, 58666, 61892, 64270, 43960]"
112466,"[21692, 48618, 92922, 34066, 56494, 4478, 32990, 99793, 50426, 91458]"
112467,"[70947, 22239, 4135, 94220, 66604, 76546, 96717, 23061, 48208, 2915]"
112468,"[47862, 59400, 81724, 62661, 93023, 43007, 1929, 18792, 3190, 47874]"
112469,"[14936, 52773, 19920, 66436, 90539, 54601, 54614, 80506, 48671, 36063]"
112470,"[6169, 92636, 79181, 70237, 76398, 93360, 89392, 19676, 31338, 14419]"
112471,"[101473, 105012, 80892, 14570, 5264, 74149, 75623, 71981, 53646, 96477]"
112472,"[52061, 62764, 38055, 105872, 53887, 41136, 40302, 17619, 1082, 87961]"
112473,"[34538, 104872, 55031, 78090, 28397, 21109, 1814, 72822, 41202, 103234]"
112474,"[86653, 47299, 102372, 22914, 15974, 44707, 83375, 67572, 1062, 47056]"
112475,"[23212, 59325, 35943, 48782, 49398, 67950, 35475, 62855, 11184, 35766]"
112476,"[96015, 75381, 93031, 98378, 95047, 30046, 65658, 12834, 6979, 65107]"
112477,"[68993, 59445, 101798, 17736, 97689, 11497, 436, 100367, 99994, 14735]"
112478,"[99217, 4970, 4390, 85349, 2412, 47324, 85345, 44857, 88870, 10873]"
112479,"[14573, 66072, 22211, 47760, 99096, 57035, 80086, 81060, 2779, 25335]"
112480,"[90884, 3926, 27686, 80416, 9747, 70667, 92254, 106131, 49102, 64509]"
112481,"[63797, 87724, 49416, 12168, 17866, 4948, 97673, 66250, 52092, 6464]"
112482,"[85964, 88056, 58047, 22499, 6909, 57180, 29165, 101930, 37172, 87456]"
112483,"[89641, 99530, 105588, 75041, 12758, 91693, 26268, 23060, 2333, 34929]"
112484,"[10121, 45708, 98166, 74748, 2550, 13298, 47698, 29170, 94491, 68515]"
112485,"[78444, 44031, 100872, 11918, 99065, 102815, 40202, 49769, 29876, 5805]"
112486,"[71964, 87527, 47780, 25129, 87178, 47179, 37227, 50314, 38437, 76739]"
112487,"[80219, 66092, 9601, 24928, 17728, 26462, 49748, 68977, 55066, 14945]"
112488,"[25948, 31641, 82736, 36944, 1057, 42402, 57718, 57618, 36603, 64516]"
112489,"[109137, 107396, 109523, 13059, 100562, 89943, 39101, 16516, 57026, 93917]"
112490,"[108278, 16788, 19292, 17573, 4862, 107690, 55667, 5026, 62354, 72441]"
112491,"[75587, 77735, 55483, 22184, 66451, 57509, 106235, 56340, 52689, 15044]"
112492,"[38036, 21115, 74308, 40985, 50527, 106916, 73354, 683, 77150, 105542]"
112493,"[57686, 103256, 74881, 1456, 18955, 90124, 93849, 61248, 77010, 12122]"
112494,"[68539, 81966, 53047, 18991, 36831, 53722, 99854, 108346, 22299, 50399]"
112495,"[109007, 42113, 75589, 31889, 95107, 43556, 2483, 95430, 65329, 65526]"
112496,"[799, 44350, 31445, 48212, 4601, 74113, 36839, 46858, 102760, 84079]"
112497,"[101708, 15731, 68081, 74795, 12979, 3478, 71534, 59662, 92610, 67840]"
112498,"[64835, 57932, 18455, 92947, 48048, 54345, 40679, 60740, 107353, 98399]"
112499,"[33953, 37716, 104073, 80667, 64373, 74376, 4503, 58879, 33463, 69868]"
112500,"[1732, 70277, 45170, 68316, 14046, 3817, 86292, 72540, 104877, 98076]"
112501,"[103125, 1827, 89953, 28744, 69924, 75087, 34954, 47358, 103949, 79181]"
112502,"[105398, 42225, 5182, 70817, 19836, 96123, 78158, 71330, 34599, 2392]"
112503,"[45155, 35362, 22332, 69389, 33899, 3937, 13858, 880, 105619, 23523]"
112504,"[46609, 16913, 38359, 96253, 30388, 63889, 36055, 29779, 77409, 88912]"
112505,"[87246, 65376, 8934, 95363, 26911, 76712, 92779, 99289, 54285, 24539]"
112506,"[55138, 103891, 93607, 77231, 26538, 16321, 59498, 76020, 33385, 86461]"
112507,"[33935, 81066, 15351, 77220, 5439, 89629, 35615, 52827, 82796, 41212]"
112508,"[47911, 101785, 98437, 44834, 79692, 47848, 106433, 62765, 105530, 21983]"
112509,"[100955, 80919, 60496, 25971, 56134, 99913, 58957, 21157, 95137, 4725]"
112510,"[85332, 91789, 30692, 97892, 19968, 54481, 33065, 67278, 103896, 78494]"
112511,"[91683, 81897, 8697, 35737, 34264, 30485, 20499, 36469, 57516, 44950]"
112512,"[33969, 95753, 99203, 74415, 20687, 8683, 99235, 37324, 60822, 54172]"
112513,"[95441, 6462, 56929, 6224, 8694, 24395, 73380, 86519, 89704, 98104]"
112514,"[13493, 19166, 105379, 7790, 9652, 49836, 64268, 98230, 30478, 83012]"
112515,"[67798, 55874, 18371, 74949, 40271, 100927, 51555, 58473, 16667, 9366]"
112516,"[97597, 83402, 79132, 88672, 60241, 94016, 60797, 92692, 87649, 36369]"
112517,"[109467, 89468, 49892, 84608, 83015, 97767, 94068, 66923, 96141, 62189]"
112518,"[78193, 30654, 10856, 38063, 76059, 61963, 27637, 40211, 83413, 49792]"
112519,"[33610, 51785, 3290, 59775, 73269, 88138, 93164, 46778, 65043, 39626]"
112520,"[7158, 98753, 93899, 83599, 68977, 12882, 23937, 33175, 86939, 79232]"
112521,"[38864, 17272, 67879, 9306, 60270, 38540, 55670, 64111, 97852, 45530]"
112522,"[11251, 105364, 81169, 100783, 100814, 79135, 46768, 95846, 28961, 74978]"
112523,"[107846, 56325, 19949, 45937, 106967, 59594, 62795, 11950, 24202, 49647]"
112524,"[29621, 42573, 41961, 70786, 87170, 56233, 38634, 9932, 7443, 50787]"
112525,"[89176, 95037, 9555, 32822, 99523, 88722, 2317, 74769, 61873, 25871]"
112526,"[60177, 33778, 105980, 8316, 7848, 21537, 79009, 108510, 103678, 100019]"
112527,"[81903, 63845, 73707, 105324, 78586, 27923, 74774, 49770, 63891, 106252]"
112528,"[85552, 101574, 79596, 58266, 8777, 54150, 17028, 70919, 93647, 84147]"
112529,"[35170, 73259, 108047, 97560, 82425, 71350, 44194, 16833, 76202, 64767]"
112530,"[108186, 44004, 94540, 72904, 108025, 69282, 85961, 24764, 99083, 30826]"
112531,"[37450, 86172, 15962, 106292, 59791, 81977, 58843, 14687, 59723, 106667]"
112532,"[62015, 108008, 18357, 88743, 78020, 32753, 3475, 25920, 21809, 69778]"
112533,"[16849, 10714, 35989, 21313, 54327, 40628, 30098, 40697, 65196, 54488]"
112534,"[28106, 53210, 24937, 31888, 84744, 79949, 47518, 79236, 91710, 30986]"
112535,"[99150, 11460, 81728, 109538, 33297, 6684, 16070, 84514, 45618, 39396]"
112536,"[11040, 82154, 67276, 39795, 41278, 102718, 31147, 18301, 108100, 29099]"
112537,"[17701, 28082, 2167, 19826, 7191, 25988, 74547, 42890, 48215, 91699]"
112538,"[22843, 46597, 109577, 98123, 27779, 96268, 97499, 86047, 34886, 3378]"
112539,"[8016, 34473, 106920, 94131, 23370, 96374, 102621, 75587, 49231, 66451]"
112540,"[75240, 37720, 73968, 81186, 9985, 105689, 80276, 66526, 79243, 39427]"
112541,"[74560, 65616, 42637, 12923, 56278, 42691, 7438, 96083, 26339, 81581]"
112542,"[23827, 77118, 33795, 48365, 28344, 20953, 108855, 79663, 48474, 4475]"
112543,"[82762, 80972, 63887, 60216, 12992, 64409, 22343, 98729, 73859, 89238]"
112544,"[108778, 69916, 20893, 6246, 29839, 23756, 31645, 63938, 95667, 20025]"
112545,"[101901, 24626, 109732, 24594, 94987, 65181, 39930, 3577, 63569, 2823]"
112546,"[44596, 83656, 48244, 85766, 42395, 48086, 26959, 73098, 109332, 45018]"
112547,"[62478, 99238, 4494, 79269, 65835, 47467, 30680, 1628, 65805, 82544]"
112548,"[107625, 1667, 94651, 915, 64471, 73196, 82755, 99739, 54020, 41058]"
112549,"[66697, 90082, 14721, 23202, 46174, 10637, 42806, 25258, 95696, 15726]"
112550,"[90854, 104110, 41892, 11507, 87939, 83341, 47923, 43446, 66192, 35807]"
112551,"[65452, 49171, 60914, 67533, 103569, 80580, 38370, 38669, 62803, 107460]"
112552,"[35687, 46851, 32394, 11441, 29946, 43180, 108313, 44086, 94527, 108412]"
112553,"[63039, 45678, 91759, 792, 12161, 47255, 52660, 88234, 22689, 90344]"
112554,"[100310, 89743, 86769, 3134, 30293, 14599, 48841, 39404, 79228, 105832]"
112555,"[30907, 33666, 50506, 69983, 44530, 92601, 76820, 54058, 103799, 78267]"
112556,"[63470, 3509, 30947, 82286, 19478, 47100, 21992, 6135, 32892, 56062]"
112557,"[94969, 48976, 59024, 40085, 85418, 79596, 33347, 18379, 98659, 106174]"
112558,"[99754, 39466, 79696, 75326, 56962, 25255, 106745, 38875, 2486, 18052]"
112559,"[85245, 16099, 76995, 66033, 13104, 66469, 14037, 29284, 94777, 77174]"
112560,"[84393, 64094, 21670, 108472, 99735, 39984, 19187, 86995, 85026, 47721]"
112561,"[68247, 98674, 92837, 51128, 8436, 9460, 38655, 38004, 1003, 3243]"
112562,"[38924, 66420, 84745, 20655, 4858, 42587, 49179, 25788, 93408, 95921]"
112563,"[8908, 79279, 86977, 104527, 82073, 21766, 24333, 17562, 56299, 74392]"
112564,"[32906, 9147, 101070, 54321, 19871, 32609, 83337, 83247, 26770, 92120]"
112565,"[31859, 47832, 99841, 6836, 96359, 79726, 89292, 8220, 8747, 33929]"
112566,"[97324, 60144, 90058, 69605, 32741, 74124, 102917, 97336, 66460, 37004]"
112567,"[16603, 52646, 39463, 837, 39779, 102224, 85221, 56156, 104873, 97986]"
112568,"[75892, 107855, 94589, 49395, 5979, 27002, 50114, 99534, 56114, 32774]"
112569,"[63737, 63044, 109340, 101040, 63964, 28293, 23486, 6940, 506, 7863]"
112570,"[64902, 30662, 58563, 57762, 34123, 28976, 45466, 23885, 101146, 95502]"
112571,"[3135, 63699, 101989, 99661, 57557, 40332, 73756, 10115, 92976, 22659]"
112572,"[93922, 103965, 68657, 77637, 13304, 63998, 31863, 16961, 58640, 36597]"
112573,"[7245, 58848, 33208, 3364, 106021, 106094, 76924, 19864, 46043, 8414]"
112574,"[89170, 58419, 79866, 26616, 30568, 40453, 82384, 34291, 34839, 97009]"
112575,"[32761, 31832, 75731, 96855, 1609, 79815, 61143, 73619, 5859, 39401]"
112576,"[19532, 58064, 49377, 50358, 55866, 14404, 70430, 41801, 47499, 73827]"
112577,"[69990, 71872, 63898, 90424, 13873, 80899, 91461, 70028, 1627, 93636]"
112578,"[98146, 5531, 108382, 76249, 98979, 43199, 80819, 57537, 102434, 74589]"
112579,"[3758, 81710, 72435, 70204, 33461, 11318, 39121, 61838, 38639, 49216]"
112580,"[41013, 27869, 33269, 66867, 5409, 13239, 102230, 63896, 36902, 92977]"
112581,"[2778, 34480, 56487, 40445, 64660, 66044, 76334, 101555, 33589, 50317]"
112582,"[10835, 7416, 85692, 65337, 85831, 5765, 23381, 58685, 14074, 81502]"
112583,"[81293, 18427, 57972, 97723, 22012, 79621, 20542, 8072, 105477, 66619]"
112584,"[42515, 30406, 81026, 10961, 5964, 104015, 72749, 10595, 105543, 8780]"
112585,"[79822, 80868, 47877, 39104, 57714, 34151, 7688, 72797, 95399, 7544]"
112586,"[56176, 11229, 55870, 50744, 28651, 10283, 70350, 106581, 59467, 17811]"
112587,"[80442, 83014, 4479, 106461, 103369, 65380, 84090, 70221, 81754, 41694]"
112588,"[89927, 68754, 8446, 95647, 45865, 46958, 28802, 26801, 86295, 66259]"
112589,"[87352, 15997, 96872, 104436, 26991, 36751, 250, 107071, 16544, 86138]"
112590,"[25136, 87758, 90744, 41882, 8951, 60653, 94074, 70329, 23695, 62433]"
112591,"[16060, 82034, 105603, 67149, 32968, 68633, 50894, 83400, 35261, 22330]"
112592,"[44865, 57182, 24125, 6656, 7234, 70613, 102370, 95403, 73498, 65368]"
112593,"[50281, 23114, 85661, 43162, 87673, 83915, 101963, 109630, 104697, 30699]"
112594,"[35525, 60271, 63434, 6626, 97476, 50220, 10820, 59814, 101372, 31267]"
112595,"[15792, 2307, 38570, 20468, 17158, 51716, 31134, 18720, 96691, 43921]"
112596,"[74397, 1690, 85393, 2183, 62571, 46885, 68526, 42768, 57948, 31612]"
112597,"[44458, 80573, 95260, 31210, 26173, 41597, 37584, 32778, 104077, 66423]"
112598,"[66038, 46783, 56584, 107610, 47530, 31216, 53577, 17211, 33771, 90599]"
112599,"[65583, 31038, 64830, 49049, 28846, 65523, 57365, 104333, 57059, 40182]"
112600,"[13056, 27698, 8276, 49491, 98057, 48749, 65941, 96634, 10028, 53355]"
112601,"[106184, 51480, 52335, 23723, 17068, 99126, 17879, 36400, 82941, 75911]"
112602,"[60867, 25868, 92613, 40443, 76643, 41355, 43422, 12526, 90329, 82978]"
112603,"[78881, 104102, 30561, 45978, 18071, 104721, 50057, 31240, 67697, 51145]"
112604,"[38043, 67482, 15060, 84887, 62812, 66666, 20930, 101071, 65209, 19067]"
112605,"[4459, 44913, 103935, 86654, 3245, 83598, 51184, 38517, 37077, 99812]"
112606,"[61629, 21779, 364, 57398, 17927, 40926, 43816, 28990, 3279, 43953]"
112607,"[54482, 34257, 30952, 57747, 8194, 34970, 8825, 92810, 10113, 81310]"
112608,"[63098, 36251, 30504, 9319, 24437, 95184, 100971, 27131, 42513, 16716]"
112609,"[37410, 3316, 44998, 96171, 63624, 99993, 91912, 62830, 5178, 65868]"
112610,"[57635, 55143, 50223, 6847, 62358, 5755, 75631, 80538, 82138, 70809]"
112611,"[47507, 74739, 61813, 11234, 60, 80930, 38180, 10654, 358, 53237]"
112612,"[37514, 105529, 44450, 71957, 92500, 54851, 7723, 36095, 6995, 55011]"
112613,"[100171, 16754, 107037, 98729, 48674, 81053, 95071, 99370, 92793, 71570]"
112614,"[84993, 27953, 77113, 65984, 74119, 42589, 76593, 59154, 26514, 107968]"
112615,"[88448, 78246, 3168, 67993, 48930, 99340, 89525, 101353, 41004, 104485]"
112616,"[16881, 90195, 11211, 14516, 64683, 79793, 83109, 87197, 98489, 37914]"
112617,"[30580, 62491, 65305, 95995, 1316, 11481, 88087, 41191, 77479, 24487]"
112618,"[71609, 7084, 15631, 72524, 88890, 27753, 48747, 79649, 86592, 10904]"
112619,"[102311, 55879, 66830, 25615, 81695, 33618, 33460, 76694, 80856, 73020]"
112620,"[103534, 108977, 96566, 13134, 65661, 10346, 100941, 81603, 99039, 66709]"
112621,"[103264, 31187, 26518, 90133, 36636, 40468, 5201, 88385, 78093, 42761]"
112622,"[37064, 80589, 2798, 107278, 14658, 41579, 79857, 76278, 78577, 72439]"
112623,"[47392, 46710, 42005, 57893, 84106, 59269, 11555, 19593, 100548, 103433]"
112624,"[4736, 54321, 51909, 49872, 42355, 32906, 26770, 109662, 79383, 28936]"
112625,"[89159, 61091, 74113, 57030, 17318, 16255, 63399, 52142, 79845, 99303]"
112626,"[101173, 80538, 70652, 28391, 62759, 75631, 13675, 70809, 16543, 62358]"
112627,"[34902, 93196, 359, 6046, 65648, 22840, 89604, 104162, 57074, 69801]"
112628,"[53911, 36489, 29436, 87033, 54543, 50909, 27067, 101185, 14002, 48738]"
112629,"[101715, 44147, 91623, 58577, 65441, 54292, 96869, 77487, 67434, 86547]"
112630,"[17760, 32284, 27945, 91385, 7873, 108705, 35467, 48074, 44313, 16207]"
112631,"[1205, 52274, 35938, 87099, 66234, 62614, 82441, 28183, 20444, 99825]"
112632,"[68331, 89243, 55885, 37499, 63297, 88176, 66399, 7774, 36178, 30326]"
112633,"[52228, 46441, 69182, 42378, 86110, 79090, 32964, 73745, 30724, 62586]"
112634,"[20885, 15503, 96721, 10315, 49527, 108561, 106261, 106998, 83210, 6469]"
112635,"[13097, 85792, 32733, 34788, 19994, 101474, 13745, 28539, 8608, 104313]"
112636,"[85574, 63107, 6182, 105574, 39397, 53624, 96080, 89955, 16105, 54232]"
112637,"[108775, 26823, 68179, 74850, 88209, 60232, 19812, 46307, 72724, 9628]"
112638,"[81626, 6462, 12783, 86519, 8694, 18751, 15105, 88494, 14120, 108401]"
112639,"[72021, 13742, 16893, 82797, 13868, 28497, 30893, 72225, 40662, 9386]"
112640,"[50679, 99980, 32073, 59016, 46629, 49687, 44936, 41340, 83740, 8389]"
112641,"[105225, 54483, 59970, 57514, 41107, 108756, 15723, 72311, 44872, 81057]"
112642,"[39117, 11577, 60205, 38017, 37007, 87134, 82705, 60579, 16684, 19972]"
112643,"[87531, 55919, 61485, 78072, 53745, 41295, 72670, 92581, 8813, 82036]"
112644,"[78282, 73857, 14763, 53792, 16506, 65490, 5584, 104362, 3432, 103528]"
112645,"[53301, 98578, 95720, 89651, 93130, 16301, 86270, 2530, 94392, 70406]"
112646,"[46211, 105021, 72014, 97351, 13064, 91107, 100254, 8419, 43830, 14975]"
112647,"[54221, 72049, 100743, 58469, 33399, 85947, 82654, 61666, 12098, 64947]"
112648,"[52711, 37186, 71052, 92808, 1810, 5396, 98586, 58779, 60249, 59052]"
112649,"[46868, 102384, 92491, 27601, 31402, 99970, 50332, 101943, 17263, 22342]"
112650,"[12232, 17425, 42284, 89758, 81932, 16725, 4939, 45232, 75951, 83647]"
112651,"[104751, 36773, 75096, 48191, 16945, 62557, 88696, 35939, 24414, 14695]"
112652,"[46935, 29201, 6801, 55011, 36913, 104103, 66177, 36095, 6995, 17114]"
112653,"[26929, 102949, 65904, 95430, 4219, 65650, 62414, 93065, 37405, 3449]"
112654,"[3075, 74222, 62116, 73384, 108838, 5242, 95929, 39543, 40905, 6582]"
112655,"[63838, 48745, 71423, 80096, 55719, 2455, 72046, 93817, 43165, 492]"
112656,"[90084, 26405, 66447, 96780, 93510, 60239, 67958, 46096, 26302, 75898]"
112657,"[77643, 15627, 13095, 88626, 31044, 62649, 48398, 6029, 61762, 45206]"
112658,"[105039, 78775, 7153, 6079, 100602, 59789, 90314, 71360, 13087, 6221]"
112659,"[48270, 106283, 108825, 59523, 15410, 108927, 9578, 2363, 53823, 2494]"
112660,"[59701, 91024, 9401, 97334, 98044, 85260, 58978, 62784, 47694, 77727]"
112661,"[11954, 94814, 55800, 30010, 10002, 90105, 27136, 107990, 65983, 43539]"
112662,"[4423, 30182, 43227, 5005, 98314, 61457, 99443, 43512, 8992, 104311]"
112663,"[34342, 100741, 605, 63346, 46898, 82931, 38672, 68113, 97800, 41831]"
112664,"[104250, 40781, 12132, 68694, 81521, 69249, 51197, 62907, 85409, 87816]"
112665,"[104031, 42666, 62523, 50125, 66977, 88167, 98623, 18764, 42014, 47323]"
112666,"[32767, 108443, 79707, 71285, 84516, 39830, 106550, 51150, 20175, 38142]"
112667,"[23732, 75247, 66227, 25990, 88380, 103146, 25791, 9272, 22692, 57315]"
112668,"[35038, 42997, 67777, 70865, 17686, 24510, 52664, 65140, 41324, 13774]"
112669,"[41420, 41831, 10966, 30936, 91038, 100741, 97800, 63346, 77781, 47501]"
112670,"[59559, 3358, 109669, 13273, 99008, 97611, 19457, 108424, 48573, 65291]"
112671,"[1898, 78875, 95189, 69582, 25668, 3177, 12342, 94379, 97756, 74827]"
112672,"[28060, 28159, 93981, 92843, 67492, 129, 63598, 12907, 98378, 90115]"
112673,"[17907, 54132, 31456, 54977, 59207, 265, 25293, 40802, 51583, 11129]"
112674,"[86537, 67568, 19617, 8933, 39995, 49538, 1522, 103534, 52401, 106311]"
112675,"[51041, 73139, 21676, 15783, 27115, 90631, 43995, 14361, 21102, 84442]"
112676,"[64640, 73044, 24474, 88722, 2317, 49178, 74836, 25871, 35684, 71876]"
112677,"[17189, 95141, 33726, 28932, 106199, 70425, 10683, 64272, 144, 109701]"
112678,"[15076, 79407, 77670, 96018, 63075, 34993, 85822, 41376, 104423, 58660]"
112679,"[30424, 16062, 75821, 77486, 93237, 18789, 54254, 50695, 81163, 78981]"
112680,"[90866, 106237, 50773, 86954, 48192, 42528, 53364, 49306, 102135, 88130]"
112681,"[86075, 104784, 23932, 61523, 51438, 11484, 51477, 90407, 38175, 96895]"
112682,"[15183, 99105, 15459, 92643, 49722, 56917, 30663, 63028, 35397, 11193]"
112683,"[77901, 48753, 78175, 34127, 53077, 24325, 57130, 2825, 60217, 12206]"
112684,"[56183, 61736, 14009, 92215, 87991, 53036, 71483, 78066, 78979, 13452]"
112685,"[106204, 103253, 82465, 9665, 69939, 5430, 13605, 52589, 76359, 12750]"
112686,"[67131, 96098, 12380, 69914, 2582, 85274, 86533, 52815, 85169, 48216]"
112687,"[87326, 49228, 6671, 30619, 30840, 37530, 63555, 54108, 67872, 89727]"
112688,"[11357, 75315, 18251, 77469, 44626, 33517, 101388, 11804, 3427, 34964]"
112689,"[44131, 33323, 99198, 98867, 41627, 29396, 16635, 74910, 104987, 37489]"
112690,"[12657, 108127, 66078, 54532, 29425, 106574, 58550, 40402, 41737, 54788]"
112691,"[80728, 62304, 34137, 11370, 32859, 53480, 57024, 42516, 67532, 56440]"
112692,"[3078, 109522, 72173, 37734, 14236, 72959, 9520, 34896, 72922, 6847]"
112693,"[41018, 89764, 39915, 25868, 56028, 106124, 90432, 80025, 92613, 28692]"
112694,"[99540, 3649, 22921, 80066, 22398, 16165, 89550, 29859, 32711, 89053]"
112695,"[16259, 6635, 100317, 98862, 108062, 23348, 94289, 13979, 10738, 108325]"
112696,"[19702, 43106, 84002, 29238, 30106, 29866, 17659, 46774, 49434, 25776]"
112697,"[22913, 4614, 20154, 63438, 103858, 64912, 23752, 30453, 18432, 16230]"
112698,"[22782, 66027, 116, 70487, 48484, 101581, 971, 89602, 89813, 42126]"
112699,"[17738, 73909, 66633, 83721, 66767, 60832, 84111, 69087, 32520, 16124]"
112700,"[71973, 59891, 56939, 52070, 622, 28548, 82601, 100929, 30446, 70130]"
112701,"[19243, 35089, 72752, 26642, 104947, 55864, 8464, 72020, 2247, 98131]"
112702,"[46193, 7426, 93831, 73897, 2963, 68615, 34245, 58245, 69549, 93822]"
112703,"[3406, 42132, 25206, 15843, 72475, 98154, 75990, 36278, 63668, 108914]"
112704,"[108272, 36456, 83153, 41463, 90163, 95307, 89452, 36045, 19583, 46006]"
112705,"[38838, 25738, 20118, 23928, 56122, 47034, 44493, 18386, 85280, 5498]"
112706,"[12667, 96261, 109682, 102565, 102466, 57636, 67479, 5794, 106717, 30725]"
112707,"[88720, 76877, 79657, 33504, 37403, 60046, 28516, 100750, 15677, 88449]"
112708,"[57071, 87451, 100468, 65091, 35640, 17845, 59755, 100819, 73996, 59976]"
112709,"[105974, 83373, 94136, 91437, 13158, 57584, 67544, 99462, 81079, 1408]"
112710,"[58294, 56888, 33973, 88952, 38659, 93558, 11066, 36149, 13848, 9324]"
112711,"[1272, 49474, 104125, 53249, 98717, 43395, 33773, 35510, 81963, 33803]"
112712,"[103670, 76402, 105681, 92867, 52834, 66007, 13757, 106060, 5271, 59692]"
112713,"[67572, 15974, 51224, 75079, 47299, 86653, 50593, 51640, 89966, 49445]"
112714,"[82929, 53127, 24426, 10221, 35975, 64172, 100798, 43132, 13669, 50970]"
112715,"[58145, 104174, 4765, 58586, 52163, 16098, 88234, 22689, 97695, 76957]"
112716,"[87023, 41301, 39863, 50949, 27906, 25000, 49446, 47523, 47066, 65989]"
112717,"[6802, 57103, 62957, 57665, 70046, 65427, 26220, 22113, 1063, 12987]"
112718,"[20677, 7708, 89997, 108626, 3776, 104925, 83723, 85810, 37725, 65680]"
112719,"[74963, 4256, 78764, 103168, 99422, 93601, 91848, 43144, 39609, 66843]"
112720,"[50146, 627, 99010, 37359, 35051, 6192, 105541, 70875, 45919, 71506]"
112721,"[70121, 39452, 27110, 29411, 12320, 106096, 79976, 86829, 31808, 71502]"
112722,"[23816, 58902, 97686, 106449, 19145, 13141, 4943, 69820, 1187, 2782]"
112723,"[66190, 63240, 17502, 13680, 93142, 4532, 67201, 36644, 56680, 28844]"
112724,"[20871, 4537, 71686, 54970, 94046, 76152, 25331, 104389, 48211, 19730]"
112725,"[38966, 75226, 94116, 75701, 58112, 100118, 47042, 100960, 23187, 73547]"
112726,"[5426, 88587, 83889, 52275, 84110, 15972, 99248, 31823, 108241, 31107]"
112727,"[38097, 31050, 32389, 56972, 42426, 3430, 1382, 19749, 7483, 55425]"
112728,"[33111, 29852, 33768, 104053, 96912, 44136, 22167, 65494, 51912, 1963]"
112729,"[24179, 84390, 65347, 89868, 87147, 39899, 2882, 91869, 56458, 38886]"
112730,"[93845, 108088, 64540, 4345, 107637, 85303, 67997, 95043, 30368, 67314]"
112731,"[42379, 64170, 92214, 68069, 59028, 62125, 108185, 98607, 14747, 22135]"
112732,"[97391, 3585, 5166, 24485, 49516, 26497, 75525, 35564, 85606, 40752]"
112733,"[9419, 82019, 103902, 104791, 57115, 56780, 79032, 22922, 68676, 75716]"
112734,"[108889, 5184, 84240, 98609, 85523, 27258, 64565, 10887, 108505, 92666]"
112735,"[63346, 12996, 82931, 605, 38672, 32226, 89560, 45361, 32407, 100741]"
112736,"[37932, 41065, 38610, 88634, 17797, 3254, 39776, 65501, 31894, 87304]"
112737,"[43844, 25905, 16694, 66462, 22811, 60759, 2707, 73043, 79178, 63527]"
112738,"[80967, 18645, 69204, 75533, 15369, 92262, 90349, 108354, 89645, 105684]"
112739,"[12160, 56433, 50786, 102853, 60202, 90675, 36399, 94467, 37405, 1034]"
112740,"[43074, 37392, 108478, 93818, 572, 9513, 42220, 98249, 107654, 19293]"
112741,"[62174, 12003, 92455, 69975, 28340, 94873, 78343, 96097, 72834, 90414]"
112742,"[24661, 88817, 15909, 13909, 90784, 64614, 76613, 97153, 109385, 98459]"
112743,"[100871, 49993, 36751, 104436, 56560, 54084, 14901, 16544, 86773, 66930]"
112744,"[91767, 95105, 7593, 12645, 28002, 64877, 109213, 1329, 89434, 68343]"
112745,"[39056, 62434, 101248, 101021, 79665, 61131, 19007, 83841, 93197, 54606]"
112746,"[86206, 37660, 94540, 75897, 72904, 35796, 108186, 44004, 108025, 69282]"
112747,"[95441, 99090, 98104, 73380, 56929, 104910, 25372, 24582, 6462, 63801]"
112748,"[37003, 45667, 3377, 2081, 95052, 40143, 9639, 9865, 7786, 92384]"
112749,"[31045, 92400, 6527, 80289, 9658, 89779, 19870, 48211, 59764, 58729]"
112750,"[25363, 65857, 66613, 100790, 6614, 90481, 51629, 104660, 93145, 4880]"
112751,"[88994, 8763, 20813, 108555, 69356, 42097, 44737, 81024, 96288, 74631]"
112752,"[33977, 88834, 79752, 77931, 86790, 48477, 6781, 51106, 30892, 26057]"
112753,"[70794, 10178, 102738, 81122, 40543, 30616, 108295, 40509, 33393, 1558]"
112754,"[92900, 71892, 105583, 38059, 105863, 29384, 15894, 46804, 74746, 52081]"
112755,"[12164, 98109, 84131, 68721, 79523, 28825, 54555, 50000, 36345, 88537]"
112756,"[85795, 14177, 7241, 92394, 76525, 76545, 31934, 19464, 57299, 48366]"
112757,"[105707, 33685, 99677, 98378, 12907, 30223, 45113, 25793, 108297, 80941]"
112758,"[109320, 13250, 50522, 13610, 92149, 83657, 87664, 42514, 74084, 33505]"
112759,"[33695, 47080, 68290, 44694, 45468, 20910, 26769, 38501, 2740, 64479]"
112760,"[18912, 22769, 49287, 85864, 77184, 80479, 56916, 3884, 86140, 74171]"
112761,"[82284, 41756, 55535, 78920, 54302, 45048, 6545, 86437, 13942, 101267]"
112762,"[70626, 13480, 72811, 36476, 65228, 3731, 10125, 76220, 11732, 27304]"
112763,"[34901, 83639, 9044, 88462, 64391, 10004, 73071, 13595, 85273, 67615]"
112764,"[37891, 61721, 83506, 78152, 253, 69705, 23577, 55733, 52827, 14907]"
112765,"[31748, 39871, 55459, 90387, 12179, 71434, 65974, 100547, 33325, 34672]"
112766,"[69092, 72845, 40267, 20884, 60967, 7879, 81274, 71786, 94681, 151]"
112767,"[59785, 7673, 102894, 102451, 10295, 67038, 20184, 92263, 68034, 10794]"
112768,"[13996, 94402, 58803, 95829, 90417, 86842, 82442, 27984, 10505, 87794]"
112769,"[69558, 36377, 83486, 91968, 9409, 96169, 2379, 16958, 106057, 17629]"
112770,"[44346, 13020, 50470, 61135, 63882, 30689, 12966, 35811, 10161, 11066]"
112771,"[103995, 51503, 102077, 91144, 38682, 7901, 109454, 82844, 51582, 19528]"
112772,"[27614, 107243, 24639, 37004, 31612, 104812, 32524, 1058, 58395, 47819]"
112773,"[101482, 67329, 41379, 91690, 65758, 87140, 5007, 58183, 50752, 44670]"
112774,"[40054, 109072, 98984, 23642, 11422, 70160, 37958, 86020, 87803, 109726]"
112775,"[23281, 24737, 102708, 104560, 40115, 51887, 106946, 99222, 50994, 107109]"
112776,"[83224, 10633, 1638, 103816, 9840, 28983, 43790, 19193, 26436, 17857]"
112777,"[21990, 58517, 54982, 62441, 38485, 1211, 30873, 69715, 16882, 7539]"
112778,"[109740, 66066, 109324, 83618, 109594, 31232, 31926, 30357, 25462, 99370]"
112779,"[4281, 91985, 89884, 95986, 5978, 37207, 101726, 84402, 43865, 89508]"
112780,"[6151, 72008, 52515, 60631, 109160, 82951, 56252, 64228, 14829, 82856]"
112781,"[94465, 93559, 11051, 12907, 89671, 106566, 92843, 26092, 53400, 45113]"
112782,"[88730, 57435, 6207, 48017, 60430, 81648, 14378, 55385, 39151, 75418]"
112783,"[28073, 76675, 31654, 20776, 108466, 88025, 58998, 18785, 30228, 93027]"
112784,"[45476, 48888, 11454, 40401, 73952, 87384, 90104, 62993, 37641, 73658]"
112785,"[65723, 46361, 76367, 61296, 49148, 109695, 56084, 79053, 67653, 84536]"
112786,"[64088, 107443, 93523, 13274, 49587, 107229, 64398, 82807, 74361, 26157]"
112787,"[87219, 97020, 26768, 8788, 84134, 16695, 48428, 24451, 52318, 30107]"
112788,"[85815, 27889, 60547, 7090, 87885, 30237, 33612, 90576, 107808, 48454]"
112789,"[48035, 77455, 41827, 44196, 17361, 30740, 1840, 28439, 6211, 31697]"
112790,"[23728, 8704, 108007, 86491, 25437, 19415, 109299, 45080, 106757, 88826]"
112791,"[67596, 51762, 59839, 103789, 86399, 52497, 17108, 48218, 103191, 10207]"
112792,"[33629, 30703, 39067, 99155, 25283, 67091, 29222, 76600, 94985, 87642]"
112793,"[67867, 65657, 60256, 4337, 40096, 4597, 88731, 27151, 33536, 44090]"
112794,"[30094, 91318, 3601, 21837, 49187, 22557, 48444, 83293, 13812, 14877]"
112795,"[4851, 52623, 57467, 90441, 95543, 15543, 72586, 58675, 37488, 53678]"
112796,"[66821, 109183, 83981, 1183, 43537, 35778, 43057, 31160, 70084, 34829]"
112797,"[33293, 1361, 64740, 58063, 87890, 87596, 65218, 26682, 1268, 52459]"
112798,"[91815, 71927, 88967, 22638, 32363, 53656, 108258, 42651, 37813, 85801]"
112799,"[95484, 53615, 28792, 54606, 22489, 28838, 64464, 80958, 1978, 109015]"
112800,"[64251, 5188, 42323, 17921, 83513, 98612, 86230, 12193, 7629, 35636]"
112801,"[40999, 108196, 98695, 44001, 60824, 104478, 108731, 72393, 60580, 99408]"
112802,"[61673, 4008, 87344, 72133, 53469, 30458, 23786, 42941, 19488, 54758]"
112803,"[6019, 35775, 11701, 70439, 23780, 104149, 105169, 105874, 96367, 40842]"
112804,"[98713, 65650, 65736, 27805, 102797, 31889, 95107, 43556, 4219, 22947]"
112805,"[60798, 70222, 54656, 94794, 108551, 9384, 30648, 55398, 32556, 16761]"
112806,"[68667, 45735, 98212, 26901, 104600, 31565, 34340, 55710, 36151, 23733]"
112807,"[12498, 15289, 70556, 9311, 66676, 63105, 14730, 71232, 35196, 99452]"
112808,"[62192, 101250, 27762, 28566, 106861, 27958, 53062, 26610, 101120, 49517]"
112809,"[77447, 106467, 68496, 21765, 28232, 38455, 34783, 64950, 62319, 77446]"
112810,"[13244, 30015, 21686, 71131, 58650, 93243, 41031, 18900, 69596, 24022]"
112811,"[32469, 37442, 53456, 74921, 24169, 14764, 68798, 18827, 20623, 94956]"
112812,"[24160, 85992, 33255, 31141, 13162, 101440, 24361, 57656, 98144, 85357]"
112813,"[14326, 75023, 94308, 46200, 8349, 100477, 56669, 45075, 104103, 57186]"
112814,"[12433, 109084, 34753, 29314, 18775, 44483, 48836, 46088, 71592, 164]"
112815,"[30671, 50072, 91771, 18207, 73030, 87716, 88833, 95661, 5879, 66298]"
112816,"[103816, 9840, 80436, 33956, 38408, 19193, 71330, 34599, 14355, 53390]"
112817,"[84765, 8340, 8565, 107456, 40909, 43517, 74779, 106623, 63655, 9188]"
112818,"[16389, 26512, 11646, 81198, 67491, 79471, 82484, 40422, 8883, 81168]"
112819,"[92094, 26013, 85743, 27977, 10123, 39695, 45878, 30422, 8175, 5101]"
112820,"[37825, 16768, 9723, 22193, 39644, 20425, 103348, 13650, 18518, 80296]"
112821,"[11844, 52907, 35482, 103731, 101926, 2967, 46912, 29591, 1946, 74782]"
112822,"[22530, 10195, 89036, 9379, 63140, 50369, 5813, 87173, 37658, 5090]"
112823,"[49249, 63412, 23922, 62629, 52891, 13716, 57087, 4495, 32246, 33210]"
112824,"[77891, 15690, 20083, 93380, 98360, 74996, 23423, 64203, 15053, 85005]"
112825,"[44255, 77047, 33817, 100609, 24066, 58910, 54256, 35562, 87443, 83854]"
112826,"[5723, 87658, 98462, 71966, 47135, 40101, 29997, 29347, 94065, 80861]"
112827,"[99658, 2654, 91779, 23573, 14100, 4241, 109081, 19342, 106794, 24855]"
112828,"[53620, 49392, 24203, 46216, 68776, 17042, 2346, 40960, 21869, 782]"
112829,"[54022, 43160, 65629, 86282, 18894, 88444, 16866, 66282, 53019, 38445]"
112830,"[35034, 32857, 104110, 41892, 32175, 38313, 89029, 47356, 42794, 63601]"
112831,"[86389, 57243, 90533, 8873, 82408, 49063, 15773, 46977, 26285, 59090]"
112832,"[36071, 106457, 29508, 80961, 37773, 41573, 50799, 26988, 70199, 33653]"
112833,"[108277, 69664, 23845, 59600, 27633, 24945, 73379, 85790, 23277, 1928]"
112834,"[79108, 82974, 20682, 82457, 67337, 31367, 57746, 94380, 91365, 58428]"
112835,"[25993, 73641, 31399, 5578, 96618, 43893, 59079, 81034, 14303, 38138]"
112836,"[40607, 108749, 56120, 84551, 20571, 91821, 20220, 55368, 67244, 41612]"
112837,"[85892, 36482, 28016, 94241, 32525, 86275, 103235, 65717, 108154, 18362]"
112838,"[17242, 2245, 63233, 56611, 40292, 43413, 95800, 55513, 62310, 41364]"
112839,"[26913, 58838, 20328, 50787, 49420, 33753, 73214, 21807, 76684, 33211]"
112840,"[2826, 22508, 66561, 79381, 66176, 5750, 53502, 107185, 21557, 28710]"
112841,"[80448, 102541, 36325, 79537, 67843, 26159, 9735, 22908, 75708, 9368]"
112842,"[105124, 94183, 100008, 56552, 10362, 6825, 104614, 53899, 57737, 71095]"
112843,"[108126, 72789, 3175, 39397, 48765, 43642, 35990, 101002, 87620, 68710]"
112844,"[104357, 1940, 42285, 97095, 51929, 75396, 22051, 79609, 107072, 95804]"
112845,"[89601, 50769, 45603, 3970, 28915, 109535, 32898, 91929, 3577, 21578]"
112846,"[55618, 80406, 82771, 95684, 52812, 36438, 58944, 45163, 67151, 30634]"
112847,"[81091, 57042, 67809, 71587, 15949, 93034, 82247, 17800, 94729, 34003]"
112848,"[78820, 109635, 9048, 28976, 61287, 15850, 73511, 57762, 14546, 83949]"
112849,"[9909, 15180, 60466, 93851, 73464, 33184, 30455, 74879, 38152, 22057]"
112850,"[63586, 91288, 8115, 103370, 96183, 13731, 87779, 27400, 66778, 67780]"
112851,"[66391, 31253, 31839, 4031, 5118, 87960, 67828, 95299, 46935, 81594]"
112852,"[26335, 88061, 90455, 34398, 19031, 54501, 10154, 6701, 104927, 35345]"
112853,"[90195, 79702, 98072, 51393, 45845, 88727, 16881, 60692, 489, 57232]"
112854,"[92458, 74590, 29166, 24925, 70403, 70054, 5456, 60841, 22134, 39321]"
112855,"[51416, 104745, 102250, 67402, 7860, 59485, 58794, 18216, 24076, 93200]"
112856,"[90774, 37704, 25694, 104138, 7375, 104987, 37489, 25792, 65412, 42593]"
112857,"[91431, 19515, 8583, 71406, 19627, 96545, 8623, 47073, 50560, 10873]"
112858,"[56751, 88644, 80301, 26546, 33147, 25729, 92502, 81098, 6789, 83508]"
112859,"[25882, 36978, 74736, 3244, 85695, 60145, 37455, 48696, 26513, 36388]"
112860,"[16602, 45130, 103109, 47837, 17520, 23686, 7587, 101608, 59224, 44308]"
112861,"[72646, 81217, 43366, 45712, 31087, 53768, 45767, 30205, 54187, 44377]"
112862,"[73885, 35116, 4512, 66162, 82021, 97496, 36002, 12534, 30275, 23517]"
112863,"[20190, 8980, 59200, 72023, 98003, 109624, 97439, 40845, 854, 39313]"
112864,"[21773, 97867, 95310, 34175, 13537, 96982, 102580, 108980, 28341, 98694]"
112865,"[84085, 35628, 34392, 81743, 55283, 53952, 7749, 101386, 46994, 35517]"
112866,"[34647, 13890, 60860, 12578, 15514, 5953, 90738, 55538, 46839, 71322]"
112867,"[16274, 87528, 24065, 56764, 60531, 59863, 28850, 73591, 35861, 79735]"
112868,"[92196, 103819, 30733, 45052, 91717, 80148, 99937, 25533, 15711, 83865]"
112869,"[102379, 1666, 6564, 75916, 79732, 100752, 104788, 11444, 76668, 16304]"
112870,"[80386, 51149, 106872, 59127, 71128, 15759, 56307, 9883, 26355, 60172]"
112871,"[7576, 46916, 13824, 60562, 49198, 43813, 73067, 41150, 72786, 100427]"
112872,"[72658, 63481, 106392, 60305, 103083, 88389, 73636, 57169, 80150, 11445]"
112873,"[65815, 101795, 54040, 93678, 72104, 56821, 84707, 10511, 6094, 102038]"
112874,"[15408, 29490, 108912, 58225, 55360, 99450, 66301, 65236, 99431, 15838]"
112875,"[58338, 71809, 24000, 62049, 18897, 54723, 24275, 7292, 98587, 9623]"
112876,"[56328, 102156, 61650, 4301, 49949, 71524, 109435, 104396, 70155, 44133]"
112877,"[98007, 21783, 35016, 28649, 31112, 81374, 16210, 55520, 93532, 97403]"
112878,"[29739, 99936, 89761, 57577, 42231, 49219, 97966, 17320, 42241, 30932]"
112879,"[104867, 43182, 90884, 111, 27686, 87100, 93216, 61979, 70833, 49701]"
112880,"[24636, 106843, 11575, 29921, 54233, 12590, 63791, 71663, 65233, 26410]"
112881,"[81193, 11122, 58657, 37941, 53210, 61948, 99340, 27170, 77053, 28106]"
112882,"[20578, 47706, 80514, 7363, 108889, 56172, 84240, 32129, 17586, 88692]"
112883,"[6300, 97954, 103194, 89396, 79719, 45736, 5025, 9355, 16326, 64743]"
112884,"[95389, 94570, 403, 49677, 41061, 14631, 93326, 99216, 53394, 74425]"
112885,"[102121, 59501, 58795, 52189, 107427, 31930, 69014, 53668, 50860, 9556]"
112886,"[40681, 104932, 3208, 72982, 12988, 84860, 89970, 87286, 82292, 69799]"
112887,"[77107, 104427, 48545, 103276, 44051, 35348, 90319, 70604, 105921, 96057]"
112888,"[61390, 97803, 18085, 22037, 707, 76133, 92344, 19750, 38945, 49434]"
112889,"[74915, 58098, 48626, 70857, 63362, 22453, 87516, 75550, 39260, 65497]"
112890,"[57462, 85301, 80530, 60706, 105754, 74063, 95740, 67561, 34944, 3825]"
112891,"[4477, 52321, 75344, 31999, 58761, 103692, 51718, 21648, 2897, 30359]"
112892,"[64390, 15053, 83377, 84542, 104992, 82742, 91892, 8179, 22729, 9843]"
112893,"[18244, 23694, 37334, 81512, 9231, 11696, 61859, 7649, 73545, 51404]"
112894,"[2183, 49038, 70156, 74397, 1690, 68526, 106658, 21895, 20853, 104343]"
112895,"[107850, 19173, 5184, 21187, 79474, 108505, 84272, 19491, 100737, 86421]"
112896,"[24564, 89848, 9344, 46192, 76630, 13523, 46290, 55809, 87924, 64770]"
112897,"[72100, 21220, 109425, 96128, 26771, 87022, 57622, 89118, 52364, 96166]"
112898,"[88848, 107067, 572, 60909, 63121, 4987, 77961, 61704, 17547, 67918]"
112899,"[31691, 17694, 62434, 80350, 19061, 93197, 20678, 22604, 101248, 101021]"
112900,"[24866, 21149, 8018, 67158, 9201, 5242, 39661, 46452, 42873, 35899]"
112901,"[101248, 101021, 83841, 85447, 61131, 103353, 39056, 62847, 48449, 2824]"
112902,"[26028, 90357, 36768, 101887, 33329, 105047, 16075, 48993, 57201, 54184]"
112903,"[67783, 66189, 22593, 51513, 92231, 45898, 14600, 17416, 103292, 47758]"
112904,"[16783, 34551, 22965, 101373, 27161, 74199, 58075, 21633, 37206, 103570]"
112905,"[97729, 62388, 94818, 61113, 63206, 70795, 57441, 101450, 56773, 107244]"
112906,"[59340, 93205, 95314, 88790, 34758, 25035, 44879, 98252, 37529, 56020]"
112907,"[72072, 47234, 33139, 104778, 73523, 43796, 29441, 37592, 37528, 75498]"
112908,"[73960, 52370, 1048, 52209, 81430, 41414, 42247, 13389, 71741, 83110]"
112909,"[75832, 3395, 67093, 57992, 46326, 1054, 99191, 86532, 53484, 100838]"
112910,"[107294, 9346, 25867, 97018, 22917, 51019, 101702, 72346, 94841, 63356]"
112911,"[72093, 94790, 43837, 83241, 5626, 21433, 22731, 90289, 96582, 12587]"
112912,"[62044, 51396, 37452, 69750, 13863, 84560, 40501, 80161, 13360, 31302]"
112913,"[39379, 62224, 46047, 38173, 9526, 102414, 41866, 6134, 77929, 19191]"
112914,"[10843, 93702, 4347, 20560, 4565, 27044, 48681, 65576, 33597, 9763]"
112915,"[7503, 58608, 63200, 102806, 48165, 32411, 64495, 83346, 101419, 27156]"
112916,"[13393, 54095, 48560, 89443, 2875, 103549, 83172, 49181, 71063, 22630]"
112917,"[57266, 83700, 67485, 76104, 96707, 25801, 28162, 62317, 41003, 97512]"
112918,"[49399, 43301, 18395, 80077, 65871, 35301, 49648, 72997, 64420, 38015]"
112919,"[9857, 50010, 48115, 72356, 80640, 83278, 45558, 107926, 92853, 29677]"
112920,"[15022, 40833, 22364, 81158, 104336, 5544, 45197, 92817, 9557, 70406]"
112921,"[5084, 46964, 16914, 42284, 16317, 34370, 89419, 107335, 5743, 61763]"
112922,"[96719, 73238, 3807, 64878, 572, 30484, 75412, 63121, 17547, 62580]"
112923,"[106240, 73252, 100668, 1065, 74467, 107202, 101621, 1874, 27262, 65767]"
112924,"[60323, 73960, 90491, 80865, 99836, 88464, 1048, 84486, 17094, 79244]"
112925,"[86646, 65532, 47754, 58089, 71369, 12027, 5269, 78457, 26970, 88806]"
112926,"[89233, 81449, 90532, 100611, 10788, 90644, 83028, 11426, 93927, 14467]"
112927,"[48333, 23579, 95491, 5606, 100413, 99596, 19670, 11223, 43707, 57741]"
112928,"[101267, 55535, 28592, 20610, 812, 44052, 11791, 16539, 21717, 69649]"
112929,"[50180, 55219, 76095, 1704, 79610, 101961, 97205, 100923, 25297, 79642]"
112930,"[64818, 70507, 59284, 62882, 78938, 81712, 9380, 95634, 61192, 15850]"
112931,"[75856, 80850, 5761, 49855, 69630, 42797, 83015, 55416, 35131, 77190]"
112932,"[47228, 104560, 61695, 18277, 75861, 18648, 103915, 2856, 11631, 36245]"
112933,"[54287, 31781, 100839, 25945, 13862, 24241, 41737, 70615, 93521, 38088]"
112934,"[17763, 88107, 40241, 48790, 58922, 77612, 94497, 75933, 104612, 811]"
112935,"[81775, 67249, 97927, 13137, 103262, 10482, 75184, 2940, 45528, 85118]"
112936,"[2346, 29982, 21587, 53620, 65549, 49392, 63878, 78004, 29547, 97213]"
112937,"[73416, 19852, 392, 29052, 49142, 30312, 98043, 68392, 43974, 19190]"
112938,"[32911, 99462, 61951, 50779, 78914, 1408, 86389, 20262, 4559, 48693]"
112939,"[57009, 40703, 18265, 65278, 107393, 51877, 15885, 61831, 2558, 5246]"
112940,"[109496, 78093, 42761, 40468, 102041, 94793, 15496, 7693, 107755, 82859]"
112941,"[102925, 12953, 46297, 53921, 54317, 46591, 100451, 62452, 87604, 79960]"
112942,"[102797, 51758, 8812, 82352, 5915, 25426, 31889, 68279, 65329, 42113]"
112943,"[47345, 64027, 44556, 56081, 38809, 19570, 12837, 5105, 100929, 49651]"
112944,"[92827, 47353, 68516, 39574, 81092, 74410, 42796, 60973, 10305, 44315]"
112945,"[59553, 104965, 42529, 76358, 100134, 66476, 5132, 78766, 84544, 70956]"
112946,"[21995, 23243, 53225, 36605, 99149, 53341, 47021, 28492, 39236, 77539]"
112947,"[10085, 76891, 28999, 56872, 39462, 74, 90920, 47282, 42404, 99975]"
112948,"[82, 46351, 15868, 64711, 27389, 64364, 86407, 13448, 71985, 90428]"
112949,"[42325, 134, 4745, 46470, 92889, 89778, 76396, 37083, 41150, 81107]"
112950,"[69775, 92218, 80018, 85550, 74223, 6237, 41126, 69152, 45215, 16648]"
112951,"[4822, 87486, 38342, 32966, 43101, 31477, 29299, 82070, 89774, 12794]"
112952,"[32815, 40192, 32329, 94196, 86821, 33106, 5009, 11636, 73931, 58770]"
112953,"[50156, 25479, 11215, 70129, 3855, 44956, 10849, 106914, 85199, 107938]"
112954,"[59286, 15237, 84905, 82161, 9353, 105904, 12123, 3590, 29639, 107517]"
112955,"[33213, 8612, 97228, 84803, 99320, 4411, 108149, 46424, 78690, 3732]"
112956,"[97565, 35781, 34770, 104140, 74882, 929, 102831, 54714, 55932, 34128]"
112957,"[53552, 58462, 19107, 15599, 7552, 61241, 96616, 9756, 68139, 62838]"
112958,"[107646, 24441, 43969, 17849, 4796, 65182, 65840, 75331, 30755, 46753]"
112959,"[106535, 43455, 95496, 57310, 5570, 17460, 99368, 82933, 72939, 104370]"
112960,"[14681, 50347, 65208, 105201, 99023, 21940, 100050, 85248, 5199, 73528]"
112961,"[66218, 34916, 59302, 6579, 22288, 6387, 37901, 90473, 107415, 60311]"
112962,"[16101, 60526, 90013, 2094, 798, 107642, 37557, 67671, 24080, 64720]"
112963,"[60012, 96077, 72504, 4932, 60890, 9446, 29199, 56940, 102885, 17463]"
112964,"[60631, 105751, 38765, 65259, 92748, 47140, 5957, 48541, 43437, 94405]"
112965,"[39985, 93092, 42920, 67121, 86771, 61014, 65614, 76530, 90375, 104432]"
112966,"[105059, 65163, 46261, 102503, 38568, 81255, 5937, 83324, 99385, 13628]"
112967,"[32392, 104198, 34274, 36146, 36102, 13941, 38093, 38414, 8882, 74383]"
112968,"[35253, 54172, 37324, 95753, 51966, 33969, 60822, 36772, 4009, 63571]"
112969,"[47687, 99005, 52032, 66939, 56599, 13015, 81204, 58245, 20325, 83584]"
112970,"[63689, 92978, 103140, 104066, 76610, 85184, 1908, 87398, 49536, 3153]"
112971,"[279, 2679, 8485, 89700, 6089, 66249, 59611, 48879, 17087, 38036]"
112972,"[84878, 28593, 29525, 82486, 275, 81084, 73768, 99382, 17407, 40175]"
112973,"[91174, 43013, 103900, 5706, 17196, 42173, 101275, 30644, 12663, 23795]"
112974,"[82708, 29696, 102388, 28749, 23282, 30950, 69051, 81374, 16210, 35016]"
112975,"[13674, 82061, 93637, 56701, 9966, 31078, 59063, 24574, 105567, 52060]"
112976,"[64941, 72175, 23548, 70115, 59717, 76943, 28965, 2933, 26056, 64188]"
112977,"[17115, 10608, 15136, 64636, 52601, 66711, 36882, 62907, 61974, 66585]"
112978,"[18443, 8642, 77568, 42998, 81633, 56210, 23317, 80407, 100680, 105110]"
112979,"[5246, 108839, 62278, 65278, 34119, 33148, 11195, 105719, 59008, 51457]"
112980,"[57858, 85386, 36557, 22241, 41570, 47420, 82834, 73723, 99155, 65867]"
112981,"[90817, 67789, 6145, 39841, 90914, 62453, 39484, 16942, 94350, 40404]"
112982,"[28286, 19699, 69217, 99899, 74854, 47235, 17013, 95148, 37426, 5642]"
112983,"[15623, 97691, 52367, 79844, 650, 24268, 1684, 45057, 17202, 11358]"
112984,"[84299, 69576, 50279, 96281, 36762, 73329, 22511, 109746, 346, 94225]"
112985,"[14997, 56207, 24508, 99968, 95555, 20248, 53513, 14342, 49992, 6028]"
112986,"[42857, 68951, 87343, 25178, 26948, 69561, 1035, 65668, 49620, 60349]"
112987,"[60987, 47544, 101438, 63771, 5998, 12874, 4274, 26113, 76761, 30969]"
112988,"[88587, 98142, 83889, 9822, 16200, 84110, 99248, 82987, 18561, 49034]"
112989,"[28020, 27257, 8742, 54790, 91596, 26417, 58019, 19588, 93833, 92256]"
112990,"[65532, 41964, 97152, 61292, 9462, 18027, 38470, 83359, 78180, 6924]"
112991,"[69153, 48157, 32401, 62708, 103992, 23281, 26669, 16981, 22564, 65525]"
112992,"[14100, 77800, 14498, 71762, 10290, 94348, 6384, 68398, 109201, 13763]"
112993,"[21713, 61228, 69597, 22958, 49440, 4953, 72432, 36448, 52137, 80759]"
112994,"[45464, 37960, 40029, 95455, 77148, 97623, 31467, 87406, 86540, 80782]"
112995,"[17004, 58066, 104195, 104591, 81594, 31854, 22412, 14001, 6801, 41333]"
112996,"[41496, 108579, 82854, 56482, 20305, 11802, 23724, 4334, 13915, 28519]"
112997,"[90043, 41576, 20396, 62240, 91815, 993, 80415, 71927, 47719, 47182]"
112998,"[11386, 6709, 33755, 87704, 11932, 87040, 107417, 30126, 5045, 20101]"
112999,"[91182, 81309, 68341, 70790, 4349, 57594, 89490, 79478, 59376, 54987]"
113000,"[94459, 104829, 11282, 3158, 102650, 89496, 93638, 90570, 59330, 26005]"
113001,"[78365, 50435, 31586, 32414, 93157, 24789, 60556, 77278, 94041, 63010]"
113002,"[74026, 41182, 14171, 81705, 47232, 80323, 97038, 8501, 23597, 65633]"
113003,"[79273, 74643, 57674, 73645, 28416, 77991, 85069, 77021, 8719, 64479]"
113004,"[25055, 27843, 14848, 72681, 22581, 78813, 35168, 5433, 52988, 71522]"
113005,"[93803, 76274, 52053, 76313, 46699, 87426, 53897, 98579, 97257, 99666]"
113006,"[88801, 5255, 29714, 61774, 107989, 57545, 55972, 66622, 79415, 29146]"
113007,"[51596, 49929, 44100, 41019, 19473, 6091, 85239, 11818, 18545, 69067]"
113008,"[69777, 105655, 56489, 107044, 92338, 96562, 37563, 11389, 54222, 58729]"
113009,"[1397, 8429, 23715, 103631, 92747, 41426, 42470, 46427, 97083, 11380]"
113010,"[20700, 88619, 104767, 98675, 47314, 37220, 92451, 20507, 47271, 5439]"
113011,"[27913, 73905, 33069, 62599, 90546, 30469, 38322, 24718, 91985, 15912]"
113012,"[67445, 2997, 56520, 38406, 77980, 34388, 36225, 10492, 80175, 22709]"
113013,"[106301, 22960, 86441, 25998, 34139, 51581, 69435, 27557, 18128, 57117]"
113014,"[47338, 32705, 48320, 58048, 19655, 24317, 87993, 35372, 2355, 1656]"
113015,"[60999, 93908, 6606, 29980, 107517, 60470, 43127, 103196, 1495, 44512]"
113016,"[19700, 180, 67317, 106009, 59399, 1985, 65975, 107908, 107620, 94979]"
113017,"[66829, 840, 52756, 87373, 36861, 93710, 33051, 128, 67494, 108282]"
113018,"[55495, 27707, 13120, 19197, 33750, 102403, 25117, 22654, 59779, 88142]"
113019,"[18563, 90876, 8722, 14721, 7717, 100521, 52197, 47074, 55444, 95792]"
113020,"[37505, 77006, 92812, 50202, 55232, 12567, 13662, 52245, 26994, 28738]"
113021,"[36421, 77491, 37408, 46156, 104272, 68241, 23742, 8254, 27022, 49315]"
113022,"[79581, 60301, 80085, 76888, 75814, 39641, 98054, 9711, 11832, 25712]"
113023,"[53941, 17840, 82343, 72577, 19492, 44545, 22326, 26050, 28422, 90228]"
113024,"[13763, 91236, 10989, 60482, 56304, 85269, 44567, 66326, 85192, 65463]"
113025,"[89179, 30475, 381, 44596, 75303, 14595, 45449, 48244, 60780, 30754]"
113026,"[97378, 60947, 97209, 63022, 94458, 20522, 12980, 95264, 93493, 68504]"
113027,"[103345, 41360, 51862, 31690, 93924, 57740, 7899, 7638, 85465, 101290]"
113028,"[94797, 2608, 58930, 917, 69398, 6742, 91944, 109402, 41336, 40852]"
113029,"[18148, 2280, 51879, 34064, 105233, 29257, 53220, 100628, 38730, 102300]"
113030,"[6314, 67138, 42085, 72628, 46016, 75522, 1890, 83035, 108688, 98254]"
113031,"[49041, 33333, 51509, 90697, 64292, 62700, 41762, 11978, 67045, 35175]"
113032,"[22048, 16732, 96805, 33775, 85095, 65673, 8379, 108477, 27017, 16557]"
113033,"[78035, 17245, 11637, 87817, 71700, 11935, 61332, 45819, 30226, 54441]"
113034,"[62867, 64976, 1865, 19109, 10328, 1685, 30111, 34334, 85093, 42148]"
113035,"[54353, 12212, 92823, 102758, 28135, 71829, 24873, 80206, 36884, 59674]"
113036,"[10770, 88364, 10044, 23399, 108622, 27301, 28986, 108758, 7273, 69295]"
113037,"[63632, 8407, 31548, 105116, 15304, 55554, 31855, 12894, 64354, 29054]"
113038,"[95483, 91264, 28197, 42549, 86521, 40765, 109405, 15285, 8552, 87526]"
113039,"[85459, 74377, 44649, 89003, 43759, 33620, 2226, 28979, 24182, 30689]"
113040,"[57686, 31247, 18955, 43643, 35952, 53276, 82288, 46606, 44858, 58365]"
113041,"[59065, 74807, 89774, 89127, 49982, 104654, 54994, 88449, 31346, 31477]"
113042,"[31087, 32858, 42476, 54187, 20305, 11802, 104588, 60682, 8321, 83569]"
113043,"[23806, 41961, 99595, 49701, 37559, 45739, 29621, 86349, 36752, 12886]"
113044,"[28090, 30251, 24376, 7328, 41401, 46649, 2529, 103817, 43642, 85967]"
113045,"[66808, 33021, 47736, 47468, 10505, 82442, 76210, 11817, 65854, 90417]"
113046,"[21764, 90205, 88766, 33892, 6804, 17591, 79259, 33373, 56864, 19590]"
113047,"[4746, 42455, 21633, 53847, 74815, 96210, 105794, 62301, 31119, 19481]"
113048,"[66136, 37698, 6147, 32648, 102037, 66562, 299, 71355, 39360, 532]"
113049,"[783, 45624, 47552, 40888, 108086, 80779, 87120, 85132, 105949, 58618]"
113050,"[16663, 35763, 31984, 13546, 35033, 96408, 24294, 44415, 44301, 27153]"
113051,"[94698, 3350, 2952, 50897, 38421, 14556, 74758, 16859, 108836, 79198]"
113052,"[109248, 1411, 28169, 93457, 39640, 46249, 54278, 72774, 67074, 24999]"
113053,"[81582, 22451, 70294, 89535, 20689, 70178, 91049, 568, 104586, 3117]"
113054,"[91288, 8115, 103370, 107706, 53803, 55660, 94606, 94189, 87779, 23984]"
113055,"[98481, 53429, 58334, 29095, 42111, 34000, 990, 8965, 27459, 55656]"
113056,"[9432, 21592, 72718, 102189, 41012, 66263, 45211, 51069, 101490, 14082]"
113057,"[20201, 87369, 85692, 100157, 26858, 91021, 2189, 105160, 44270, 80431]"
113058,"[32401, 26669, 41834, 26786, 7941, 107109, 91525, 7943, 23555, 62708]"
113059,"[106380, 57599, 19416, 64068, 43233, 80047, 8839, 33806, 91598, 10680]"
113060,"[77273, 23178, 52693, 20881, 4393, 91894, 63504, 61840, 105850, 27245]"
113061,"[13929, 17768, 6776, 5255, 1406, 89170, 460, 80196, 107989, 58419]"
113062,"[9329, 64107, 101825, 64001, 100110, 109655, 49665, 97052, 33328, 91839]"
113063,"[101611, 44068, 64973, 6335, 5768, 28399, 68963, 21296, 2083, 29650]"
113064,"[25579, 32421, 29515, 46300, 21710, 83132, 106756, 15075, 12296, 95009]"
113065,"[48291, 24963, 31319, 18206, 20139, 76527, 50397, 22306, 13128, 11640]"
113066,"[96949, 83191, 90954, 58731, 92422, 40824, 25957, 42249, 61263, 5152]"
113067,"[60175, 52041, 82218, 102025, 104291, 66432, 11838, 48940, 81634, 3320]"
113068,"[32061, 63791, 92502, 99601, 38567, 82964, 7014, 23603, 39721, 59086]"
113069,"[97970, 70183, 20617, 80145, 24299, 36135, 59591, 67092, 97408, 73297]"
113070,"[33202, 43436, 65950, 59758, 5701, 56061, 26972, 53114, 77881, 68850]"
113071,"[2804, 23741, 76405, 61518, 34179, 33989, 71687, 468, 53499, 102666]"
113072,"[78965, 62064, 10127, 4077, 40306, 11723, 17873, 101178, 25205, 56407]"
113073,"[64636, 68311, 62218, 35872, 10553, 46320, 29152, 40958, 6305, 65402]"
113074,"[73156, 75016, 45416, 102093, 58579, 35022, 54995, 85788, 11752, 54374]"
113075,"[7470, 4462, 23983, 59028, 29600, 17934, 28429, 74642, 70495, 92726]"
113076,"[33644, 71777, 66109, 105996, 19583, 91748, 89426, 61054, 82555, 95787]"
113077,"[70078, 40696, 85274, 28986, 51602, 44508, 34936, 22721, 26628, 7273]"
113078,"[69485, 35311, 28898, 17574, 36892, 29471, 3829, 73142, 61427, 64726]"
113079,"[92702, 19186, 11120, 104798, 106298, 26202, 12852, 10982, 104641, 87009]"
113080,"[25184, 26700, 44084, 24780, 102865, 45094, 23360, 96287, 66661, 85128]"
113081,"[28617, 106170, 101977, 101457, 27707, 49732, 55616, 21671, 82846, 99129]"
113082,"[49657, 107894, 55174, 65396, 41913, 58758, 92548, 40322, 37394, 104979]"
113083,"[64478, 16272, 101789, 2496, 56425, 38254, 51577, 90631, 3028, 106030]"
113084,"[17721, 24145, 108777, 53406, 69779, 34498, 78340, 101730, 40908, 9841]"
113085,"[42592, 85491, 46032, 20714, 54665, 37448, 47682, 61077, 33016, 60176]"
113086,"[14669, 21634, 96690, 72433, 85817, 98824, 33410, 99624, 70085, 21225]"
113087,"[28811, 84960, 99353, 71722, 82167, 19649, 35808, 733, 34453, 108230]"
113088,"[34448, 45954, 38475, 60858, 19711, 21379, 47560, 49934, 107492, 58013]"
113089,"[49410, 71221, 102183, 65962, 81817, 105343, 59512, 39538, 76217, 2708]"
113090,"[108404, 28507, 36066, 16925, 88485, 21909, 102069, 32321, 49427, 41936]"
113091,"[104637, 21066, 73554, 1392, 103856, 16463, 79301, 43125, 26146, 11158]"
113092,"[87191, 25332, 14152, 51003, 48043, 25316, 106814, 2279, 60618, 36218]"
113093,"[44639, 47010, 83543, 10801, 99811, 88962, 20264, 97459, 23693, 39865]"
113094,"[52189, 59501, 58795, 69014, 50860, 102066, 102121, 20557, 9556, 76783]"
113095,"[26494, 106142, 81454, 59281, 54839, 4548, 76994, 81695, 23987, 77536]"
113096,"[19495, 92778, 69858, 73669, 29681, 8086, 97863, 39326, 33276, 57525]"
113097,"[37955, 94703, 34885, 39997, 72846, 18886, 105600, 23467, 5945, 61886]"
113098,"[7284, 2693, 56788, 108140, 55825, 20359, 23990, 89287, 15276, 72810]"
113099,"[55150, 103136, 38747, 64050, 104359, 108366, 101480, 11680, 80269, 21522]"
113100,"[100591, 62318, 89295, 106064, 40552, 109307, 5551, 41079, 17539, 59895]"
113101,"[61906, 67013, 12842, 88796, 80458, 76006, 50020, 43364, 88987, 40476]"
113102,"[45685, 79661, 83874, 86232, 66017, 80493, 83333, 5739, 85394, 11842]"
113103,"[44522, 12283, 51284, 36681, 62745, 54139, 78044, 37605, 39652, 47658]"
113104,"[30204, 98090, 63328, 106538, 27605, 43190, 141, 30736, 45134, 42008]"
113105,"[29740, 106635, 65608, 7709, 92589, 99019, 59906, 92652, 67437, 64128]"
113106,"[45498, 2554, 88912, 191, 77343, 83920, 66600, 36063, 16745, 30388]"
113107,"[34963, 49863, 23703, 46751, 107703, 1074, 89285, 100762, 94610, 75489]"
113108,"[70192, 50733, 51207, 25271, 49807, 15382, 30275, 40728, 11435, 49530]"
113109,"[60258, 54081, 21041, 72785, 104603, 86633, 53686, 65, 48404, 75803]"
113110,"[45522, 94192, 9302, 85790, 45128, 40763, 86043, 32606, 17437, 82741]"
113111,"[93236, 52362, 107691, 52741, 93408, 95365, 95808, 38924, 20655, 4858]"
113112,"[103933, 67007, 49409, 33882, 73638, 66765, 46801, 75117, 53561, 58648]"
113113,"[55613, 1622, 106302, 97005, 84649, 105332, 72907, 79858, 5513, 42173]"
113114,"[78950, 3013, 80030, 70938, 73075, 23793, 74769, 24474, 27270, 73478]"
113115,"[49990, 98196, 14728, 105237, 58724, 35108, 82246, 47147, 63565, 93815]"
113116,"[18734, 53914, 31266, 83762, 30857, 55775, 102942, 96766, 45280, 28562]"
113117,"[65629, 103683, 84083, 86282, 58296, 34919, 38445, 77381, 1795, 94475]"
113118,"[5714, 92912, 2062, 6001, 19420, 92975, 59184, 20527, 81645, 90011]"
113119,"[107009, 84301, 86297, 46397, 25512, 64092, 3899, 35584, 56477, 18051]"
113120,"[42031, 8605, 18492, 65494, 100560, 83268, 35271, 25051, 80132, 10100]"
113121,"[40636, 88285, 99602, 74398, 87368, 40670, 64155, 103866, 43204, 71323]"
113122,"[61531, 52703, 47398, 72640, 77693, 7266, 101438, 24818, 33705, 22093]"
113123,"[48568, 25711, 73947, 3862, 14175, 411, 50550, 52911, 98570, 58769]"
113124,"[49921, 16996, 69331, 50064, 68237, 63987, 79380, 108094, 54747, 24675]"
113125,"[76541, 46823, 39101, 32547, 78657, 89775, 66192, 97713, 100304, 26384]"
113126,"[24798, 25985, 77335, 58743, 26124, 74778, 57534, 104537, 4925, 17750]"
113127,"[45754, 81176, 64272, 10551, 84132, 95840, 69272, 97059, 43501, 861]"
113128,"[94293, 20903, 109524, 45590, 31807, 64834, 60424, 32200, 66793, 82107]"
113129,"[37522, 64824, 48731, 100997, 7131, 105795, 61956, 33403, 65007, 27729]"
113130,"[100597, 75998, 76463, 105959, 14889, 19948, 45513, 52182, 87641, 19375]"
113131,"[37516, 22949, 102871, 99136, 25899, 95019, 12679, 97370, 12315, 53669]"
113132,"[99744, 26658, 82371, 99170, 85067, 36828, 109384, 75811, 40476, 88796]"
113133,"[55371, 23983, 17997, 13771, 1817, 92663, 21415, 7174, 92029, 99070]"
113134,"[79874, 86793, 98073, 102543, 20704, 106632, 68053, 34592, 28248, 21284]"
113135,"[25993, 76166, 102531, 80990, 5578, 66318, 72205, 54126, 86932, 56986]"
113136,"[98349, 30983, 37702, 14787, 107520, 49961, 79434, 14711, 19195, 75885]"
113137,"[17282, 13792, 101913, 77463, 70938, 17141, 30860, 48550, 19051, 78950]"
113138,"[55565, 52540, 32672, 97260, 40924, 72518, 45597, 11580, 47903, 50391]"
113139,"[94241, 86275, 85892, 109390, 52077, 81586, 36482, 28016, 103235, 35017]"
113140,"[102110, 5955, 106672, 18282, 13376, 56848, 79091, 47550, 6219, 49558]"
113141,"[73864, 52832, 95306, 17053, 78681, 65723, 3857, 16487, 25448, 58825]"
113142,"[108749, 20337, 73109, 20220, 22897, 101708, 20571, 88384, 9816, 45995]"
113143,"[98690, 5762, 22049, 97258, 79635, 62267, 40415, 100548, 49286, 58718]"
113144,"[104837, 74563, 49615, 21047, 19951, 84610, 49319, 77492, 64163, 28203]"
113145,"[68057, 25529, 26575, 6759, 78606, 95047, 70112, 72833, 6979, 29220]"
113146,"[77227, 32041, 47318, 81863, 11900, 81545, 2788, 13395, 93311, 61431]"
113147,"[8288, 32251, 47128, 33142, 93597, 33084, 33026, 67129, 834, 19352]"
113148,"[52598, 35380, 84927, 68663, 42942, 4408, 52066, 31729, 90627, 79298]"
113149,"[105866, 35165, 33454, 79151, 73420, 30203, 19361, 3405, 7822, 37044]"
113150,"[109437, 95605, 8853, 18481, 4276, 52634, 92877, 29703, 19366, 95086]"
113151,"[40698, 26302, 46096, 24494, 84747, 103195, 66447, 90650, 90084, 16005]"
113152,"[91968, 12969, 41235, 79476, 108950, 86120, 51388, 95788, 69558, 20758]"
113153,"[73722, 8544, 80443, 68655, 102173, 36274, 76932, 16720, 12295, 32122]"
113154,"[101322, 52735, 12340, 51741, 68944, 90995, 30992, 62045, 50024, 84857]"
113155,"[21170, 98441, 32887, 37763, 108293, 70041, 49724, 72128, 64284, 36771]"
113156,"[41555, 104459, 77303, 13819, 49988, 13627, 106381, 71199, 92715, 483]"
113157,"[80654, 89114, 67252, 38509, 76335, 61775, 24593, 67714, 102385, 65045]"
113158,"[4231, 49992, 15465, 11053, 46583, 45829, 27560, 33910, 89139, 27852]"
113159,"[67540, 27230, 32995, 71822, 89589, 32119, 89731, 11059, 87584, 23698]"
113160,"[104976, 5651, 61174, 32409, 6543, 2134, 66536, 53595, 105659, 45093]"
113161,"[61402, 57760, 63503, 54182, 4992, 100438, 6081, 68388, 97758, 10326]"
113162,"[42345, 42407, 18573, 50107, 90077, 82941, 81589, 96686, 30635, 51299]"
113163,"[59995, 109588, 75933, 73977, 107415, 6579, 22288, 11598, 66218, 74255]"
113164,"[70395, 69151, 59947, 90792, 67092, 91428, 36135, 30582, 44761, 91549]"
113165,"[88733, 5694, 20825, 73556, 14182, 78053, 16798, 37291, 13620, 11408]"
113166,"[44464, 46734, 96942, 45460, 22971, 22295, 25992, 69602, 29702, 66769]"
113167,"[75092, 109481, 75304, 77614, 99490, 83335, 75065, 41792, 7071, 5251]"
113168,"[59938, 10238, 36704, 71185, 28287, 48293, 105820, 54693, 80270, 54708]"
113169,"[70940, 31598, 107962, 11344, 22937, 83975, 52603, 4809, 81350, 5445]"
113170,"[104802, 31639, 87502, 10153, 39166, 15400, 56032, 19165, 61155, 18049]"
113171,"[34820, 39110, 84618, 32754, 72854, 29016, 53951, 45387, 93320, 41399]"
113172,"[25314, 99049, 10016, 44523, 104459, 77303, 94048, 61345, 41555, 108399]"
113173,"[48330, 75212, 17232, 39919, 8128, 84191, 60180, 44141, 100869, 52798]"
113174,"[41386, 71083, 54843, 10261, 93108, 18921, 64868, 55244, 4105, 29976]"
113175,"[40048, 1047, 96843, 63093, 104378, 39216, 77702, 50463, 93988, 5936]"
113176,"[9979, 70976, 90834, 27429, 87218, 1426, 49196, 65309, 66745, 30423]"
113177,"[69097, 38696, 69685, 42566, 93102, 29931, 100674, 2550, 73699, 49033]"
113178,"[88635, 56599, 106179, 84274, 45648, 14784, 99005, 9252, 100561, 33435]"
113179,"[106447, 33910, 14342, 63838, 86353, 106825, 53513, 49992, 74197, 66093]"
113180,"[66665, 21459, 160, 69972, 72937, 34326, 83259, 57436, 106049, 68545]"
113181,"[49685, 5472, 43474, 72376, 31298, 74664, 101115, 44117, 63732, 15579]"
113182,"[3087, 51479, 91463, 55592, 25767, 17780, 57320, 18379, 93868, 769]"
113183,"[103443, 91292, 65112, 84051, 52425, 100719, 106066, 40380, 77982, 30660]"
113184,"[46649, 2529, 34992, 30251, 63225, 105061, 35990, 43642, 60984, 7981]"
113185,"[82950, 37793, 19107, 88072, 43345, 54153, 6205, 87903, 19028, 61427]"
113186,"[61273, 75319, 75699, 30828, 19984, 45451, 50878, 20625, 86842, 20502]"
113187,"[38962, 32611, 4653, 28697, 33980, 62836, 28338, 59944, 99535, 66372]"
113188,"[40052, 45137, 57476, 91587, 50097, 51015, 107895, 89795, 36665, 2473]"
113189,"[22610, 56945, 14861, 33466, 68622, 36500, 102132, 48504, 43506, 18016]"
113190,"[62969, 97943, 84958, 98539, 54617, 75547, 67621, 5679, 38815, 31452]"
113191,"[72694, 27228, 22939, 52385, 85756, 97100, 102371, 104900, 53237, 11338]"
113192,"[22254, 52958, 91269, 68830, 7257, 97817, 59357, 24558, 81874, 34613]"
113193,"[104620, 33579, 50755, 87924, 70566, 84516, 38142, 1629, 68364, 106550]"
113194,"[96976, 27315, 7377, 19149, 9090, 35677, 70930, 107424, 91697, 32575]"
113195,"[91902, 92252, 74786, 34457, 97331, 33435, 78854, 43217, 40387, 56119]"
113196,"[87009, 88918, 12453, 99626, 53781, 14135, 75807, 104641, 72315, 46012]"
113197,"[101555, 82308, 108325, 13979, 26207, 66044, 80745, 14921, 100317, 108062]"
113198,"[52945, 49738, 10151, 60538, 105462, 78513, 34877, 70286, 15442, 79056]"
113199,"[65378, 3888, 1789, 16987, 27329, 85333, 99912, 60480, 94740, 28023]"
113200,"[93829, 16597, 103236, 35008, 522, 70038, 61024, 99928, 3366, 41016]"
113201,"[29413, 30464, 9355, 12560, 87966, 46418, 17751, 40560, 21271, 70570]"
113202,"[36254, 107138, 1481, 38569, 30737, 20466, 41255, 74632, 84835, 47125]"
113203,"[30813, 41702, 8356, 61281, 74781, 88541, 95679, 22500, 78519, 70573]"
113204,"[64393, 7100, 81303, 35120, 41598, 49531, 32988, 3656, 93361, 107722]"
113205,"[61197, 10113, 92810, 100143, 33133, 11455, 22126, 75087, 72381, 71267]"
113206,"[90323, 35354, 78014, 38897, 9937, 89395, 19084, 95266, 25983, 37081]"
113207,"[97088, 16097, 52783, 8154, 82606, 15771, 47938, 55917, 66152, 75243]"
113208,"[50908, 99645, 7624, 103520, 62450, 85424, 10712, 52036, 6349, 18550]"
113209,"[17753, 104522, 3233, 11284, 96791, 40443, 28528, 28692, 40280, 98660]"
113210,"[5096, 65054, 8192, 59721, 1554, 40819, 79385, 70016, 20404, 64454]"
113211,"[18019, 67596, 76124, 86499, 40884, 20470, 53423, 25924, 26330, 9118]"
113212,"[67591, 20927, 61334, 14616, 96371, 105121, 80087, 98685, 101431, 31879]"
113213,"[66185, 14421, 74168, 76873, 17985, 30906, 69836, 20291, 99840, 51737]"
113214,"[100362, 69794, 99826, 31723, 31265, 6709, 39166, 58869, 61296, 63770]"
113215,"[3949, 45659, 99737, 42925, 41242, 91955, 57244, 98392, 69067, 28873]"
113216,"[13226, 13434, 87899, 8946, 70695, 23975, 74221, 3199, 45728, 82729]"
113217,"[27119, 30327, 66759, 59253, 30714, 29923, 73489, 9316, 84423, 48716]"
113218,"[93856, 78197, 10028, 38091, 52804, 104637, 29025, 1392, 70861, 74359]"
113219,"[2403, 19371, 65414, 15229, 71363, 12353, 54636, 39204, 95250, 62295]"
113220,"[87682, 54409, 91152, 17969, 75068, 105452, 50160, 74778, 52884, 88173]"
113221,"[60667, 29914, 54753, 11300, 108433, 99936, 20712, 99078, 92223, 102225]"
113222,"[62367, 74109, 88501, 89458, 25475, 47329, 43662, 15774, 96940, 49176]"
113223,"[61534, 15606, 80761, 38756, 104896, 31510, 55081, 50210, 10009, 15279]"
113224,"[1374, 99296, 74620, 13437, 4301, 100168, 48725, 91192, 39521, 53330]"
113225,"[33749, 99045, 103487, 58229, 107627, 58863, 52615, 82023, 30179, 73063]"
113226,"[3582, 18749, 85490, 8698, 86713, 47568, 16242, 77357, 51495, 28080]"
113227,"[62975, 33388, 75542, 10860, 60811, 58686, 103898, 2717, 70390, 15650]"
113228,"[37233, 98145, 35463, 46339, 72272, 20019, 3342, 55192, 16799, 26894]"
113229,"[57467, 74462, 75618, 54483, 25305, 24497, 59779, 87272, 97774, 29175]"
113230,"[91812, 13326, 56635, 107280, 48285, 89453, 105541, 108882, 109364, 336]"
113231,"[92391, 15662, 33642, 6486, 69896, 39135, 92486, 33962, 61868, 22977]"
113232,"[19937, 86807, 88332, 69187, 39549, 74254, 107200, 64849, 75564, 47755]"
113233,"[60901, 65938, 78352, 59698, 36893, 10329, 50, 104392, 32654, 83796]"
113234,"[31286, 92728, 87933, 52787, 101526, 84466, 52461, 37314, 35837, 84613]"
113235,"[69030, 89117, 50468, 14436, 9680, 27125, 13878, 89246, 51917, 51266]"
113236,"[51840, 13719, 14035, 63001, 31969, 10256, 49939, 70288, 56603, 70646]"
113237,"[10953, 95065, 29860, 59503, 50394, 105043, 73416, 51236, 14976, 73605]"
113238,"[42752, 74997, 58044, 73278, 41342, 109033, 1853, 86316, 55310, 64629]"
113239,"[47596, 90634, 107511, 50356, 88381, 74845, 109551, 40409, 16426, 101343]"
113240,"[32167, 59847, 65092, 90516, 104892, 94388, 106323, 82947, 63727, 49697]"
113241,"[103808, 62412, 6684, 8360, 24976, 6633, 86633, 9729, 49313, 21567]"
113242,"[27508, 52033, 47558, 11206, 47322, 7965, 61134, 83606, 76998, 49139]"
113243,"[12694, 43363, 34327, 53104, 66345, 66563, 340, 81497, 27909, 39679]"
113244,"[14474, 84290, 97403, 28580, 21783, 2928, 14071, 49689, 87501, 60721]"
113245,"[59412, 10687, 19110, 8297, 10753, 52808, 11868, 77069, 19235, 104833]"
113246,"[92231, 89560, 3463, 99250, 91638, 64589, 41607, 59785, 7673, 102894]"
113247,"[75519, 38230, 7674, 66860, 39003, 81924, 43118, 96668, 82254, 87519]"
113248,"[104223, 73273, 38781, 26135, 108152, 37529, 62545, 29918, 104107, 37428]"
113249,"[68400, 43969, 74718, 57243, 42494, 18673, 3125, 48633, 33296, 60693]"
113250,"[24859, 60322, 57321, 108779, 4144, 24511, 3749, 43109, 24339, 82169]"
113251,"[11919, 96958, 23324, 64289, 10273, 24653, 96616, 59560, 80875, 62838]"
113252,"[40841, 39397, 76176, 19181, 33058, 34350, 108030, 75905, 99327, 32334]"
113253,"[89012, 8200, 42122, 10175, 2158, 86083, 50724, 8737, 63041, 71353]"
113254,"[91640, 106089, 44163, 21636, 72077, 80719, 101419, 15688, 7049, 87844]"
113255,"[35337, 42618, 99240, 53358, 6111, 24913, 17643, 65141, 78929, 66902]"
113256,"[25545, 81343, 21365, 3474, 108646, 22601, 7771, 11663, 20739, 44503]"
113257,"[102025, 74659, 19787, 60175, 9650, 102087, 85780, 82806, 95323, 60331]"
113258,"[92966, 54598, 36639, 40902, 31941, 92390, 74908, 62878, 66849, 62391]"
113259,"[21718, 7753, 39150, 108452, 86183, 69955, 53168, 59208, 51833, 2327]"
113260,"[15884, 95647, 74177, 28802, 43303, 65605, 45765, 42224, 43531, 92531]"
113261,"[98187, 74916, 98741, 12830, 25653, 34572, 96398, 64435, 60163, 38013]"
113262,"[359, 4657, 49329, 32535, 59122, 54919, 51045, 74758, 36797, 61033]"
113263,"[58095, 17637, 97949, 98162, 66712, 34364, 23359, 94334, 32301, 62180]"
113264,"[82751, 89851, 41782, 26309, 106075, 32186, 63231, 4105, 33000, 96851]"
113265,"[34262, 89191, 102034, 18568, 37151, 87795, 89587, 38276, 92918, 24716]"
113266,"[29347, 40101, 6588, 47959, 71966, 80861, 61363, 38963, 77504, 22858]"
113267,"[104197, 34442, 34638, 9534, 44696, 74302, 70336, 30674, 21493, 82989]"
113268,"[31645, 88903, 63938, 94868, 6246, 80636, 36450, 75223, 76320, 108778]"
113269,"[20214, 46816, 72147, 10593, 76590, 28642, 20586, 2367, 59093, 39386]"
113270,"[59127, 89969, 105246, 15759, 61469, 35927, 107265, 30002, 80386, 85922]"
113271,"[3989, 9567, 103431, 42463, 32441, 92418, 43553, 31423, 71888, 56260]"
113272,"[69057, 105887, 39198, 70253, 16559, 31179, 74112, 89933, 47343, 106928]"
113273,"[100369, 2695, 63359, 107399, 84179, 102213, 55584, 55021, 46611, 99373]"
113274,"[92943, 94536, 102616, 38003, 35447, 84035, 81124, 42255, 33874, 49279]"
113275,"[30512, 32159, 93124, 35041, 95355, 5971, 34940, 16606, 93545, 54239]"
113276,"[8974, 81543, 21301, 88138, 33744, 33610, 65594, 72829, 73269, 65043]"
113277,"[19643, 10939, 6047, 11020, 104121, 47490, 34969, 25558, 72210, 25568]"
113278,"[74477, 58052, 14515, 109577, 70273, 40758, 101060, 88476, 26660, 22843]"
113279,"[34463, 79684, 62106, 33791, 69345, 21406, 58490, 23338, 52654, 20268]"
113280,"[35651, 44537, 93706, 82036, 55127, 53891, 96663, 67533, 71985, 107615]"
113281,"[7676, 35608, 54034, 40351, 31962, 80095, 66803, 82151, 27721, 96797]"
113282,"[14637, 31227, 76468, 72739, 106899, 85773, 92424, 81799, 84989, 64769]"
113283,"[67435, 57568, 10275, 66389, 84806, 56038, 28622, 26844, 82533, 12207]"
113284,"[104833, 27580, 12027, 2536, 88806, 74028, 58548, 100765, 71369, 27871]"
113285,"[75578, 13311, 92381, 24260, 56491, 84300, 9949, 45778, 56863, 49042]"
113286,"[18297, 99928, 47151, 29268, 108046, 52585, 29364, 27646, 45183, 93829]"
113287,"[50180, 1704, 97205, 55219, 76095, 79610, 101961, 25297, 100923, 60155]"
113288,"[42529, 98311, 97783, 19488, 100134, 104965, 66476, 105408, 79823, 46617]"
113289,"[31125, 416, 41211, 47132, 7080, 11807, 17257, 3358, 96103, 29890]"
113290,"[95921, 86711, 66966, 25788, 104688, 29316, 26746, 95808, 45822, 81826]"
113291,"[64174, 4702, 65631, 42817, 45379, 95856, 46047, 14286, 62224, 100896]"
113292,"[36476, 76220, 72811, 8401, 13480, 8512, 70626, 11732, 58549, 19337]"
113293,"[9615, 50822, 81402, 99767, 16003, 28119, 68669, 87049, 95197, 16197]"
113294,"[51754, 22499, 983, 29165, 101900, 65462, 83882, 87456, 6909, 95810]"
113295,"[54419, 6438, 65787, 64921, 58264, 45228, 17067, 3194, 35478, 29466]"
113296,"[85330, 91601, 103547, 25968, 3960, 35641, 67646, 9443, 45231, 77878]"
113297,"[88923, 53213, 30235, 41839, 44700, 93106, 60365, 37069, 22226, 100349]"
113298,"[103709, 959, 49110, 19615, 79026, 74025, 64509, 106804, 64537, 16312]"
113299,"[107067, 27412, 70605, 83967, 75412, 17547, 85289, 55699, 30652, 29089]"
113300,"[35089, 8464, 26642, 104947, 55864, 108111, 19243, 62083, 13677, 83275]"
113301,"[18261, 109498, 105993, 6265, 4304, 91147, 29651, 69907, 107817, 69148]"
113302,"[10489, 30592, 5444, 26473, 107481, 66890, 12155, 106051, 1950, 24041]"
113303,"[25973, 2773, 50388, 39495, 46106, 69886, 58766, 57967, 93343, 27761]"
113304,"[5687, 53861, 99237, 81533, 109372, 87900, 108015, 105230, 79235, 57792]"
113305,"[31936, 106683, 108471, 36396, 102807, 94175, 21859, 26274, 63490, 23449]"
113306,"[47065, 9003, 87898, 17611, 42319, 62470, 4990, 65383, 101675, 103761]"
113307,"[55513, 56611, 64192, 77535, 62310, 64339, 23634, 40025, 20949, 73617]"
113308,"[64132, 107668, 74621, 95746, 80151, 106048, 12662, 75492, 10317, 12134]"
113309,"[61950, 22018, 72625, 23643, 108611, 7979, 24198, 70785, 9776, 59865]"
113310,"[72117, 67518, 61273, 88100, 75319, 65800, 30828, 70389, 20502, 13430]"
113311,"[65181, 70436, 35904, 89882, 25045, 109732, 49547, 35012, 44773, 34761]"
113312,"[67909, 54262, 20901, 109671, 89367, 94058, 51118, 72664, 5263, 103583]"
113313,"[66186, 9096, 32189, 94892, 9820, 92006, 77559, 77006, 37505, 100420]"
113314,"[70917, 84006, 86186, 65800, 73169, 63385, 31071, 88665, 60423, 39666]"
113315,"[2897, 56171, 14944, 29405, 90297, 1257, 94214, 57015, 99024, 24414]"
113316,"[82135, 75, 92908, 64789, 3126, 96174, 105712, 34544, 63914, 92529]"
113317,"[49606, 17456, 76780, 34638, 22351, 44696, 34442, 94906, 104197, 39123]"
113318,"[35036, 60668, 769, 6287, 63001, 16994, 101001, 3087, 35839, 89913]"
113319,"[19696, 54268, 73746, 61847, 84837, 92995, 82033, 84960, 34453, 109164]"
113320,"[98658, 78459, 74665, 10003, 12542, 7368, 77966, 61720, 102365, 20551]"
113321,"[1864, 106261, 27164, 28216, 10315, 99915, 107031, 9433, 29296, 68820]"
113322,"[3012, 40182, 101077, 53355, 5960, 89700, 12320, 57594, 37957, 78599]"
113323,"[39468, 100502, 39289, 56790, 6950, 15609, 93120, 72519, 80476, 43936]"
113324,"[96994, 36025, 78089, 64517, 7009, 89279, 73558, 29643, 90608, 87102]"
113325,"[86819, 48306, 30373, 92938, 33274, 92135, 21999, 54685, 60129, 65761]"
113326,"[40324, 96272, 21917, 8689, 100308, 18599, 35069, 103828, 25078, 97792]"
113327,"[36713, 54025, 29581, 36617, 50501, 58286, 78655, 63415, 81205, 73748]"
113328,"[84217, 88792, 65820, 28988, 32993, 11875, 40311, 105705, 8609, 99062]"
113329,"[65449, 33696, 62533, 3059, 88151, 27678, 92031, 19913, 99550, 46095]"
113330,"[64208, 58594, 83536, 60844, 104103, 63202, 94616, 94565, 71061, 10606]"
113331,"[22868, 90213, 108151, 3829, 7183, 109750, 36892, 29471, 98091, 91824]"
113332,"[28380, 14104, 26161, 47715, 9047, 66814, 46695, 107869, 17468, 72416]"
113333,"[19125, 84937, 21849, 101530, 39008, 23725, 94465, 75441, 59699, 63414]"
113334,"[72875, 58251, 9604, 104515, 83397, 103253, 50638, 10167, 8667, 87838]"
113335,"[6264, 34755, 106071, 35559, 29403, 56586, 29510, 64850, 41964, 108998]"
113336,"[33930, 55278, 66604, 51114, 96170, 58633, 73258, 94220, 83179, 6342]"
113337,"[62805, 38970, 18794, 98541, 105838, 24342, 59295, 52000, 100633, 14934]"
113338,"[74849, 85013, 45608, 40929, 109498, 18261, 26776, 107817, 9476, 106839]"
113339,"[55770, 93691, 71657, 19233, 44660, 2358, 20229, 79268, 53614, 66001]"
113340,"[23949, 85417, 14839, 37213, 84254, 18266, 77792, 29089, 21528, 78370]"
113341,"[69594, 23667, 68347, 45462, 41296, 9608, 15842, 18983, 100968, 18588]"
113342,"[50202, 84352, 11068, 982, 103949, 69882, 92865, 80943, 7652, 39288]"
113343,"[75712, 26201, 27896, 41763, 43549, 104746, 71365, 84064, 60308, 88050]"
113344,"[33629, 45305, 65867, 71260, 105684, 1024, 30703, 82537, 18645, 80967]"
113345,"[74755, 38495, 109640, 14078, 98446, 79642, 33277, 50721, 33684, 99277]"
113346,"[93434, 105456, 75195, 67005, 27610, 83072, 53684, 107744, 102450, 37344]"
113347,"[104977, 86548, 108940, 84456, 805, 74425, 10854, 50570, 69270, 97467]"
113348,"[84295, 30852, 95623, 8427, 46326, 1054, 66035, 40201, 3090, 61411]"
113349,"[3509, 82286, 74564, 19478, 30947, 21992, 32892, 69023, 87258, 25791]"
113350,"[84960, 28811, 36107, 99353, 51214, 82167, 23970, 108230, 22360, 59896]"
113351,"[108053, 60157, 20954, 3819, 106455, 109612, 53347, 22, 31710, 93748]"
113352,"[92444, 66576, 92963, 24240, 108734, 35686, 34720, 51618, 2101, 46646]"
113353,"[37771, 31404, 55407, 98096, 82430, 106912, 68052, 97730, 37389, 72265]"
113354,"[97084, 6736, 59405, 77783, 83969, 86144, 96176, 75746, 47948, 9049]"
113355,"[107927, 33948, 184, 85162, 7878, 33338, 8687, 32662, 58625, 21142]"
113356,"[98722, 61814, 7504, 79817, 105548, 105497, 46220, 97145, 77348, 18534]"
113357,"[57860, 58169, 89353, 65694, 13219, 17225, 28333, 102089, 90424, 91311]"
113358,"[38781, 90956, 26135, 93235, 80803, 72634, 104143, 43520, 39746, 73788]"
113359,"[76481, 20073, 65078, 81837, 81832, 34639, 20396, 88967, 73354, 91105]"
113360,"[27119, 73489, 102686, 24673, 22994, 29923, 20616, 85242, 78074, 84375]"
113361,"[37469, 8851, 109339, 23666, 9153, 103700, 65430, 88898, 98549, 9826]"
113362,"[56823, 62008, 88443, 1530, 34884, 90152, 67216, 106800, 92165, 8240]"
113363,"[75441, 76409, 36672, 97054, 58139, 90562, 58116, 22619, 55563, 29293]"
113364,"[2276, 61696, 98331, 97094, 66985, 21288, 67750, 11950, 21892, 100449]"
113365,"[1549, 106360, 6877, 69588, 39160, 20876, 83735, 76941, 72606, 41119]"
113366,"[78628, 34814, 6620, 94882, 106739, 80645, 43158, 43900, 34334, 13987]"
113367,"[40920, 10039, 50321, 5137, 29234, 82589, 58130, 93490, 14211, 66798]"
113368,"[59876, 4280, 64330, 1218, 52629, 95258, 36850, 85947, 67818, 48754]"
113369,"[9436, 103282, 69269, 82398, 97169, 46654, 87676, 29122, 96601, 54371]"
113370,"[95817, 101588, 16050, 30280, 98807, 49574, 17029, 96399, 90524, 85089]"
113371,"[61435, 44710, 93221, 63714, 40027, 97921, 92562, 20473, 37335, 109311]"
113372,"[84597, 47108, 105369, 12083, 62164, 99471, 21882, 67524, 82009, 97949]"
113373,"[41704, 37476, 88288, 79067, 87958, 74650, 102951, 7890, 37367, 4074]"
113374,"[65260, 67950, 49398, 65632, 52558, 44467, 12748, 44220, 62855, 92701]"
113375,"[72667, 15395, 41316, 70219, 72724, 16026, 58565, 68521, 62961, 66008]"
113376,"[104004, 100295, 65931, 102997, 85830, 40376, 49370, 56788, 62680, 76531]"
113377,"[42127, 23674, 32379, 78158, 10859, 19836, 59529, 50053, 2979, 23011]"
113378,"[78420, 23536, 70398, 38948, 94874, 39313, 2375, 8557, 41400, 92330]"
113379,"[86066, 5203, 50450, 21938, 78065, 97748, 89080, 77013, 15178, 41657]"
113380,"[20993, 94885, 49279, 58067, 83956, 52951, 1793, 77205, 88933, 20238]"
113381,"[29560, 47619, 57910, 92597, 79241, 2373, 46377, 14908, 42227, 15336]"
113382,"[96878, 100703, 73996, 59976, 54468, 64467, 17845, 87451, 25143, 3927]"
113383,"[20226, 27865, 20719, 43110, 78897, 85417, 77792, 21232, 68461, 93190]"
113384,"[39345, 107161, 11032, 31310, 78804, 15593, 92642, 23408, 76138, 21162]"
113385,"[48423, 27287, 32901, 40169, 1693, 35221, 102635, 3409, 68737, 65082]"
113386,"[82320, 41583, 6746, 61206, 55427, 18193, 54940, 58875, 66117, 89537]"
113387,"[34120, 32218, 48212, 46858, 47311, 22373, 10953, 63335, 4601, 799]"
113388,"[21903, 44790, 89607, 6872, 93679, 63345, 93379, 56655, 106209, 75860]"
113389,"[48024, 101900, 72445, 2353, 65646, 88095, 983, 22499, 47938, 6130]"
113390,"[64713, 47417, 65306, 79451, 99121, 6720, 42541, 23977, 2923, 34912]"
113391,"[97524, 45950, 88536, 14519, 30115, 87949, 63230, 19652, 24100, 38620]"
113392,"[69485, 39542, 28898, 3991, 90965, 10983, 74562, 54153, 87903, 19028]"
113393,"[7073, 36921, 105125, 51105, 87960, 67828, 4031, 44177, 31253, 9039]"
113394,"[25544, 56321, 95816, 42487, 100068, 45695, 105872, 55015, 80668, 82417]"
113395,"[32712, 87673, 83915, 3307, 77979, 104883, 100409, 614, 85661, 101822]"
113396,"[14903, 45382, 92496, 14811, 29760, 49352, 72108, 5918, 96545, 56448]"
113397,"[54603, 53068, 44005, 11495, 104935, 35841, 31685, 91084, 72759, 9755]"
113398,"[105570, 9131, 45748, 50708, 58889, 30060, 6474, 44792, 12132, 81796]"
113399,"[66681, 88310, 57570, 7474, 45948, 43342, 56516, 87014, 73526, 55445]"
113400,"[80189, 19858, 9403, 31026, 84369, 39822, 78461, 73637, 19404, 2411]"
113401,"[21042, 95102, 87083, 48075, 22649, 3607, 64786, 66596, 39326, 96122]"
113402,"[83102, 50700, 74837, 102051, 25567, 40537, 14825, 58566, 42192, 92265]"
113403,"[71422, 61388, 13402, 25539, 53146, 104486, 27989, 44649, 24182, 71814]"
113404,"[60432, 93058, 15166, 65145, 82277, 59750, 1130, 16676, 61013, 43046]"
113405,"[35654, 66772, 28453, 99027, 95412, 15165, 7926, 35569, 21469, 62584]"
113406,"[106909, 48442, 94738, 62886, 11832, 40221, 7851, 21658, 108033, 73714]"
113407,"[63551, 1508, 74260, 51312, 24860, 49253, 12275, 13462, 37, 57691]"
113408,"[78105, 49162, 104273, 104963, 61011, 9453, 69187, 66244, 66854, 107845]"
113409,"[41612, 15331, 40607, 46494, 56642, 67244, 94895, 79193, 39485, 35199]"
113410,"[46895, 82342, 87670, 14018, 60889, 56373, 52541, 81285, 70866, 85907]"
113411,"[89948, 98419, 41130, 25341, 43256, 67693, 36303, 24080, 26868, 60630]"
113412,"[3576, 6736, 68762, 77783, 18014, 97084, 35762, 75746, 53317, 50333]"
113413,"[62146, 42618, 99240, 39211, 65141, 66902, 98514, 70891, 35522, 35337]"
113414,"[47508, 27352, 106726, 3036, 72227, 88349, 81437, 47410, 845, 23230]"
113415,"[25010, 83130, 17077, 101233, 7730, 38997, 93652, 85230, 34041, 103117]"
113416,"[92447, 85105, 28720, 85648, 98462, 92676, 38963, 92520, 75886, 107905]"
113417,"[63100, 56406, 84928, 27369, 69867, 104699, 42960, 86603, 77424, 14378]"
113418,"[6232, 52112, 101959, 33759, 85193, 20170, 82683, 76441, 91102, 74382]"
113419,"[26041, 75441, 81484, 107331, 31454, 14507, 82366, 19125, 97580, 101105]"
113420,"[93864, 9023, 47464, 89850, 105532, 7244, 14946, 15473, 2854, 36143]"
113421,"[13309, 35259, 45272, 33223, 103905, 42914, 25704, 67059, 71338, 51043]"
113422,"[32800, 62392, 40331, 80255, 35692, 29824, 23591, 42011, 43007, 2018]"
113423,"[38067, 32069, 75485, 107795, 94306, 34115, 85340, 82133, 56053, 65466]"
113424,"[104875, 23702, 97485, 42081, 79558, 55627, 24723, 44374, 102512, 65112]"
113425,"[109414, 30935, 5494, 106661, 84045, 25036, 60734, 55041, 5003, 39940]"
113426,"[85084, 53359, 88215, 3725, 54925, 96408, 24294, 63462, 27162, 70445]"
113427,"[74159, 73612, 28746, 44402, 43328, 76577, 104768, 21819, 84758, 101705]"
113428,"[108126, 96091, 48765, 25130, 67623, 45680, 109110, 5983, 75517, 87263]"
113429,"[22864, 56495, 104080, 41959, 62404, 48797, 52273, 21076, 103500, 38692]"
113430,"[98131, 109563, 59917, 1176, 101861, 91667, 63951, 2247, 61723, 78790]"
113431,"[43358, 52641, 87028, 62224, 24327, 46047, 12254, 2091, 15804, 97348]"
113432,"[52224, 14761, 73090, 27819, 62139, 16558, 86571, 76078, 15462, 63328]"
113433,"[108412, 91967, 57033, 90099, 107667, 95538, 43180, 20706, 29795, 46851]"
113434,"[15047, 48092, 4170, 44301, 62688, 70210, 52260, 85191, 98264, 29370]"
113435,"[61556, 65444, 13959, 68113, 32211, 66082, 74714, 7583, 64500, 56953]"
113436,"[86281, 74145, 49740, 62285, 99732, 17097, 17259, 92922, 50076, 14736]"
113437,"[19262, 72408, 86504, 6214, 78603, 14991, 30222, 21174, 106444, 34805]"
113438,"[19261, 17049, 73498, 3761, 58079, 46904, 38584, 1233, 67460, 77176]"
113439,"[89933, 72604, 51080, 48035, 26743, 39198, 96461, 18066, 62341, 5492]"
113440,"[98048, 105314, 109139, 30217, 60782, 29586, 56424, 55161, 17973, 13891]"
113441,"[37548, 70355, 91865, 34278, 62907, 72335, 103542, 91787, 44672, 14144]"
113442,"[40334, 64401, 18292, 35391, 99931, 68739, 62722, 102789, 107644, 56010]"
113443,"[26862, 75241, 20604, 92439, 26224, 83953, 95146, 75609, 53897, 38163]"
113444,"[108019, 52285, 68682, 26960, 92851, 59437, 44407, 72037, 30842, 97780]"
113445,"[105164, 63470, 21992, 19478, 21726, 70583, 30947, 74564, 9351, 33620]"
113446,"[79174, 77537, 91888, 28014, 97105, 73096, 59617, 64628, 2887, 12323]"
113447,"[40448, 7075, 94246, 10060, 32109, 103373, 27660, 89110, 77673, 46033]"
113448,"[90284, 82572, 69795, 81554, 66057, 4562, 49703, 84982, 67896, 63348]"
113449,"[78408, 98159, 3976, 12467, 88551, 57653, 56590, 84675, 87092, 9122]"
113450,"[43445, 4554, 40927, 49031, 109163, 88755, 74519, 25402, 31886, 39838]"
113451,"[53369, 103639, 8213, 59301, 62141, 55695, 21955, 105805, 36034, 70943]"
113452,"[45551, 67217, 12997, 50536, 41354, 3455, 42174, 20004, 87132, 520]"
113453,"[60991, 77267, 27716, 65535, 51066, 30170, 86839, 29934, 70912, 78226]"
113454,"[58107, 61775, 40683, 91457, 20681, 35816, 28737, 32667, 26982, 103087]"
113455,"[55787, 26801, 89927, 23279, 89232, 74400, 26537, 30620, 50493, 72024]"
113456,"[46724, 20707, 98905, 70073, 29974, 66632, 13475, 8145, 36004, 904]"
113457,"[72092, 99447, 24586, 18998, 60980, 42493, 72791, 93381, 52675, 8973]"
113458,"[80677, 80281, 97712, 17834, 101419, 12255, 77948, 99301, 65714, 7503]"
113459,"[72229, 52801, 11463, 70697, 16191, 3455, 75679, 69526, 22981, 29372]"
113460,"[38327, 109744, 49350, 16311, 87758, 30229, 25136, 23695, 45276, 42547]"
113461,"[61281, 67873, 93950, 70573, 95679, 88541, 29940, 74781, 53814, 41702]"
113462,"[100204, 78735, 32236, 67670, 31313, 50668, 48279, 54000, 51307, 47746]"
113463,"[63454, 16967, 25720, 34509, 23242, 98270, 18036, 37182, 14208, 65025]"
113464,"[39705, 2909, 54033, 6899, 20169, 7417, 32182, 21512, 94229, 70309]"
113465,"[16978, 66056, 33195, 38453, 69579, 87935, 40292, 98487, 80097, 32653]"
113466,"[5058, 63407, 6085, 54320, 16802, 459, 25858, 91935, 44115, 34444]"
113467,"[49661, 87437, 81613, 53605, 62421, 70393, 60480, 62741, 107554, 107768]"
113468,"[64504, 67827, 86700, 16248, 49160, 64334, 2863, 102203, 21922, 89785]"
113469,"[29399, 2864, 107447, 67990, 36454, 98477, 65425, 26123, 58354, 48112]"
113470,"[72310, 55285, 70387, 23911, 66833, 38091, 48797, 82119, 39566, 44621]"
113471,"[97948, 15618, 18866, 93198, 83450, 88294, 106722, 5289, 33529, 63046]"
113472,"[8652, 53972, 42874, 34596, 97744, 28087, 12250, 80266, 43378, 35876]"
113473,"[27120, 45835, 12588, 67537, 54839, 71634, 106142, 105248, 50703, 15024]"
113474,"[63311, 60974, 81410, 58025, 17250, 104871, 51588, 58285, 100533, 57671]"
113475,"[71174, 106709, 66125, 20040, 9708, 744, 80657, 6362, 104976, 67953]"
113476,"[89663, 54493, 35806, 12474, 94789, 81844, 64755, 76741, 85220, 2577]"
113477,"[94779, 65243, 16514, 101654, 13166, 30317, 44430, 105054, 52150, 31211]"
113478,"[20461, 4666, 100449, 43107, 1070, 50442, 61633, 53118, 41713, 22084]"
113479,"[11678, 66478, 26081, 92629, 90385, 58854, 44757, 41998, 17960, 46290]"
113480,"[20861, 97819, 8174, 95242, 105453, 8084, 17703, 29212, 75914, 95121]"
113481,"[81149, 76556, 100895, 48537, 3780, 35619, 49780, 5530, 76929, 36905]"
113482,"[44236, 90022, 7709, 67437, 21591, 64128, 8416, 3978, 92589, 80616]"
113483,"[34975, 98711, 62784, 73263, 99564, 97334, 39993, 24955, 42157, 88391]"
113484,"[86357, 735, 8278, 49942, 465, 80854, 11992, 107128, 109344, 108879]"
113485,"[30224, 30196, 52119, 49695, 70273, 60683, 109231, 69224, 53397, 73151]"
113486,"[46947, 70133, 22439, 65276, 90985, 35543, 57737, 6667, 9438, 99675]"
113487,"[42143, 76665, 99250, 62223, 82931, 38672, 34882, 64589, 41607, 45031]"
113488,"[52793, 18678, 24564, 87312, 46290, 34300, 72248, 56220, 93045, 41953]"
113489,"[20730, 104533, 54404, 25453, 84366, 74651, 90202, 103182, 70111, 48126]"
113490,"[11482, 31953, 24152, 73853, 27247, 99473, 42728, 47902, 54567, 91196]"
113491,"[71013, 41337, 50741, 101033, 52360, 37681, 30011, 102275, 55181, 72825]"
113492,"[102421, 102328, 49991, 38478, 91600, 4539, 14367, 94770, 80963, 75677]"
113493,"[102845, 87450, 81848, 86234, 52848, 33062, 29559, 82899, 77311, 21876]"
113494,"[46701, 41517, 46158, 50717, 340, 96672, 66345, 62913, 102327, 90717]"
113495,"[27848, 97739, 102666, 468, 106367, 104647, 104564, 8695, 20183, 45899]"
113496,"[103307, 77715, 106438, 48825, 77034, 103128, 105520, 67401, 55011, 37514]"
113497,"[73573, 23625, 100908, 95863, 33122, 14112, 18967, 36361, 86476, 49655]"
113498,"[58269, 22574, 107360, 20708, 12564, 62711, 66380, 109272, 40527, 9483]"
113499,"[76849, 82047, 9878, 46577, 16523, 92021, 51068, 94170, 28556, 51462]"
113500,"[72503, 95906, 83332, 36872, 77098, 102225, 4368, 99078, 16236, 57716]"
113501,"[7598, 6099, 76461, 61558, 89411, 84636, 35493, 80028, 49935, 105499]"
113502,"[28799, 20473, 52378, 55563, 106567, 14715, 98149, 104904, 73946, 13636]"
113503,"[33197, 94565, 100477, 42777, 53483, 38629, 82977, 17536, 71061, 37514]"
113504,"[105072, 89058, 96697, 61834, 18128, 68985, 35384, 11716, 86441, 85894]"
113505,"[91690, 65758, 47985, 21000, 40549, 98961, 41228, 1327, 24099, 31782]"
113506,"[58346, 54716, 33251, 11463, 5161, 100646, 4902, 37978, 96152, 52801]"
113507,"[8744, 62673, 50874, 52857, 64687, 70557, 106759, 11305, 7006, 5905]"
113508,"[2447, 70071, 248, 23593, 66866, 99593, 17383, 64003, 22153, 62142]"
113509,"[82038, 106871, 95309, 85336, 92686, 15204, 86218, 70842, 76848, 79643]"
113510,"[95404, 61139, 88099, 88191, 23195, 53544, 75386, 8772, 7030, 3140]"
113511,"[15830, 6261, 55185, 47431, 72449, 39487, 59440, 6846, 50008, 17215]"
113512,"[6327, 89633, 80720, 63918, 22450, 4806, 80790, 95221, 78757, 72523]"
113513,"[55310, 58044, 6191, 83387, 85268, 64629, 74997, 80456, 4283, 41507]"
113514,"[49209, 19157, 34214, 29305, 65715, 71726, 59523, 89208, 56268, 60801]"
113515,"[44501, 11657, 36484, 27437, 109736, 54862, 91400, 85197, 102393, 22997]"
113516,"[32346, 38549, 35515, 50792, 59108, 48275, 16404, 98549, 78113, 31061]"
113517,"[61159, 17335, 79032, 71069, 2691, 20177, 10709, 57649, 49343, 33391]"
113518,"[66833, 67011, 41290, 95321, 17783, 5670, 31515, 21066, 70387, 38091]"
113519,"[97189, 66560, 13478, 55386, 61330, 48298, 87611, 109432, 14394, 38200]"
113520,"[63029, 19185, 15794, 81264, 97753, 75944, 58671, 103789, 51441, 106532]"
113521,"[94106, 67029, 98035, 97024, 5845, 80927, 21354, 60784, 25688, 33853]"
113522,"[20778, 36336, 55749, 3953, 68614, 35100, 60184, 81110, 85659, 87250]"
113523,"[27630, 45524, 91331, 40718, 5112, 98760, 52679, 37693, 33562, 39516]"
113524,"[34832, 44287, 81169, 93694, 75574, 95846, 72285, 11092, 92756, 28417]"
113525,"[83458, 107780, 47960, 54922, 93648, 27922, 101303, 65727, 43117, 73055]"
113526,"[49961, 53729, 72034, 10785, 62565, 97259, 35294, 12989, 42514, 21200]"
113527,"[68039, 4740, 34846, 52884, 87695, 629, 45900, 62730, 7662, 55330]"
113528,"[96043, 2059, 81838, 10971, 101483, 57202, 102802, 99035, 94040, 57429]"
113529,"[42429, 8198, 71973, 50920, 47224, 20667, 63758, 104737, 108633, 2682]"
113530,"[98383, 32112, 41172, 68244, 14298, 2351, 95599, 58370, 20434, 100302]"
113531,"[6169, 71942, 93360, 23883, 79181, 47880, 8598, 43563, 58669, 89923]"
113532,"[103003, 61810, 62779, 105308, 43354, 90382, 55902, 24721, 16079, 9216]"
113533,"[43515, 88461, 61217, 86832, 107134, 9182, 74778, 83042, 83696, 91152]"
113534,"[80927, 21354, 60784, 25688, 94106, 72637, 33853, 5845, 96099, 97533]"
113535,"[106506, 101705, 99338, 58954, 97451, 4593, 13927, 109104, 35228, 108098]"
113536,"[25473, 21209, 104591, 104195, 18797, 24471, 14326, 71165, 66612, 101964]"
113537,"[69260, 89476, 76713, 1980, 70324, 26824, 3548, 59149, 20595, 60151]"
113538,"[10928, 55736, 36242, 98939, 81446, 17083, 68306, 79947, 88406, 42337]"
113539,"[83281, 70841, 83458, 20922, 7946, 67224, 26532, 64061, 29493, 33402]"
113540,"[105757, 54372, 47331, 21443, 13165, 96753, 45412, 541, 104912, 48801]"
113541,"[86926, 101273, 99242, 43696, 56368, 27554, 79580, 100540, 97968, 37490]"
113542,"[107373, 11365, 79446, 2854, 101079, 46920, 74833, 63090, 547, 29798]"
113543,"[35897, 84331, 92258, 59939, 65787, 54419, 40957, 19221, 14922, 6438]"
113544,"[97318, 31673, 40152, 11523, 37089, 108952, 30059, 54757, 7027, 15013]"
113545,"[79417, 53045, 45516, 71132, 80042, 57545, 3261, 34291, 61774, 73828]"
113546,"[60073, 39070, 81235, 50440, 24213, 25900, 84880, 51890, 86647, 24958]"
113547,"[4281, 95482, 89884, 62735, 64005, 102929, 5672, 81865, 25405, 85242]"
113548,"[10214, 65911, 3117, 46485, 65027, 76878, 8648, 75916, 55707, 91199]"
113549,"[19089, 99502, 52763, 87303, 3351, 52300, 34752, 64185, 5371, 16841]"
113550,"[37262, 98961, 71591, 20119, 23750, 40216, 31697, 39198, 61922, 73638]"
113551,"[106932, 91185, 61765, 91298, 10757, 86604, 71791, 68920, 51722, 2728]"
113552,"[9922, 105364, 42428, 98584, 14013, 74978, 11251, 101345, 79135, 94990]"
113553,"[31723, 25108, 39166, 13162, 101133, 65844, 75264, 87044, 5417, 6421]"
113554,"[96886, 45995, 2970, 47792, 93214, 16117, 32704, 90251, 20220, 82040]"
113555,"[64933, 19597, 30264, 35029, 34664, 103980, 85525, 84911, 47604, 44624]"
113556,"[12255, 17834, 97712, 81910, 95625, 99301, 102806, 80281, 65714, 97979]"
113557,"[70076, 43603, 57241, 14576, 57076, 89600, 56791, 21384, 40928, 8672]"
113558,"[76849, 51068, 92021, 53565, 49094, 25594, 8123, 102712, 25749, 94170]"
113559,"[24546, 62382, 68080, 82102, 31305, 55969, 40071, 87238, 51046, 67758]"
113560,"[14788, 46008, 12267, 23716, 77690, 29890, 102025, 57276, 105933, 28980]"
113561,"[101697, 83071, 68162, 26489, 43147, 5194, 78095, 54850, 17553, 87921]"
113562,"[28829, 24544, 79895, 108264, 109338, 80939, 32716, 92530, 27118, 42367]"
113563,"[92675, 32978, 63957, 82379, 63069, 96570, 83273, 61897, 89891, 56383]"
113564,"[42241, 11685, 36097, 42231, 71681, 39471, 67706, 49979, 48067, 79435]"
113565,"[87182, 42222, 69872, 43412, 5591, 18995, 81304, 55772, 17913, 63939]"
113566,"[19569, 78690, 27219, 71795, 63993, 54218, 64445, 51872, 19915, 70098]"
113567,"[87916, 75464, 21015, 80006, 67933, 77594, 11517, 22024, 61958, 19403]"
113568,"[53301, 86270, 89651, 2530, 70406, 95720, 57268, 98578, 37945, 64542]"
113569,"[81615, 52173, 66292, 16102, 103625, 67906, 14352, 36294, 741, 11582]"
113570,"[10339, 106959, 17885, 78370, 103913, 66732, 62643, 14839, 64845, 4050]"
113571,"[36124, 47315, 68203, 16863, 70047, 2205, 85166, 55876, 68918, 29279]"
113572,"[97986, 837, 79329, 50492, 79293, 85221, 65790, 2732, 16603, 102224]"
113573,"[40187, 46823, 18765, 68950, 8647, 39101, 63834, 103344, 78657, 76541]"
113574,"[46176, 20749, 74111, 52775, 41212, 36702, 50697, 44232, 197, 81066]"
113575,"[86319, 61139, 95404, 97082, 88191, 11614, 66861, 2169, 85558, 61909]"
113576,"[107389, 84759, 15091, 51906, 11656, 3643, 45697, 61254, 28918, 105923]"
113577,"[100254, 17006, 59445, 54793, 8821, 67160, 42961, 62706, 103792, 36896]"
113578,"[74266, 41183, 68922, 92892, 87345, 82374, 49077, 19759, 86836, 10593]"
113579,"[106336, 84238, 36731, 59075, 69394, 105466, 7601, 52136, 76214, 45236]"
113580,"[26452, 96700, 59803, 69110, 17837, 57174, 43229, 92159, 11207, 7813]"
113581,"[56128, 33207, 76354, 87423, 68404, 1550, 47491, 101141, 100967, 85845]"
113582,"[22098, 38109, 14705, 67579, 51066, 55400, 60991, 60521, 90789, 101260]"
113583,"[107517, 108675, 12123, 12176, 43127, 105798, 29980, 38705, 44512, 44994]"
113584,"[83969, 101649, 82068, 22652, 24101, 90000, 77783, 14672, 59405, 44429]"
113585,"[81933, 74678, 76753, 64499, 39490, 46411, 8627, 58952, 11508, 1165]"
113586,"[57242, 11453, 2711, 86189, 83988, 32798, 84713, 29294, 42239, 70606]"
113587,"[3405, 8926, 19361, 38262, 86388, 16428, 663, 15426, 41990, 60319]"
113588,"[77966, 41219, 98484, 32470, 20889, 84614, 64357, 87665, 24153, 20551]"
113589,"[29204, 49419, 1199, 91343, 2305, 52233, 81402, 68572, 57013, 64509]"
113590,"[55841, 80205, 4736, 79383, 49872, 42355, 83914, 87672, 53094, 101045]"
113591,"[64592, 59014, 47499, 15754, 62568, 66962, 46083, 91465, 10440, 44086]"
113592,"[31787, 66975, 83373, 39210, 109462, 18349, 107058, 84140, 49700, 9599]"
113593,"[68854, 18087, 44958, 92207, 108381, 84340, 70980, 34360, 96771, 47494]"
113594,"[99937, 30733, 11686, 96554, 79779, 103365, 83865, 40829, 1955, 69120]"
113595,"[28787, 72896, 78202, 16145, 67197, 46898, 89560, 61858, 91038, 97800]"
113596,"[94192, 54229, 85011, 36258, 88606, 108344, 86043, 109006, 39048, 49418]"
113597,"[108983, 78910, 37361, 55742, 2953, 68675, 29405, 66665, 2897, 17134]"
113598,"[106537, 61996, 77800, 14100, 71762, 26257, 10290, 28570, 94348, 67297]"
113599,"[76983, 70820, 20221, 15173, 22846, 106635, 42464, 90022, 21591, 80616]"
113600,"[62623, 37802, 62002, 70929, 60990, 84540, 43040, 31914, 3406, 44982]"
113601,"[87513, 107464, 22174, 37228, 37924, 26827, 55953, 64194, 30062, 26616]"
113602,"[5342, 38944, 58442, 90432, 21697, 102390, 49775, 65027, 74961, 37657]"
113603,"[13790, 104565, 45286, 6838, 25803, 737, 72957, 16760, 63511, 13075]"
113604,"[80240, 4072, 41127, 31673, 95763, 79521, 47173, 42180, 76437, 91900]"
113605,"[39229, 65084, 39305, 16115, 2192, 18829, 41223, 90146, 109366, 2678]"
113606,"[53949, 41577, 81476, 93875, 96546, 76666, 96681, 10521, 60332, 95836]"
113607,"[85195, 16425, 39274, 102819, 72495, 40040, 50927, 108513, 98751, 13491]"
113608,"[17115, 10608, 64636, 15136, 76555, 52601, 96656, 66711, 72767, 62907]"
113609,"[76287, 66486, 76333, 34931, 6745, 88977, 45853, 44727, 78165, 47753]"
113610,"[63754, 91840, 10625, 61254, 2799, 39840, 11656, 15473, 47464, 96960]"
113611,"[35984, 41674, 77362, 67104, 71604, 89059, 106258, 90646, 62211, 73936]"
113612,"[50789, 51743, 41100, 52958, 73959, 98997, 53850, 21256, 100209, 35000]"
113613,"[30565, 90065, 105070, 91467, 46438, 20644, 35076, 42441, 55536, 34403]"
113614,"[72682, 62516, 20772, 64061, 14214, 5529, 78744, 99062, 3296, 98379]"
113615,"[56757, 33941, 100682, 58975, 71070, 32460, 14129, 103552, 42994, 99079]"
113616,"[20671, 76801, 109076, 66194, 89414, 34913, 45575, 96057, 21508, 4164]"
113617,"[26275, 107986, 90969, 64332, 75313, 85382, 37911, 26249, 19869, 52792]"
113618,"[52468, 96639, 10518, 31097, 109330, 70888, 35523, 36027, 86239, 75954]"
113619,"[515, 31487, 42250, 30358, 69552, 95856, 62922, 66594, 69417, 21329]"
113620,"[5536, 75364, 29596, 95970, 35654, 41904, 21752, 33050, 61899, 19279]"
113621,"[31821, 41833, 97391, 105998, 92746, 40752, 56602, 108441, 37977, 98642]"
113622,"[52964, 82986, 61719, 99318, 48715, 41816, 82122, 79216, 17154, 60416]"
113623,"[24302, 42026, 1140, 32721, 3553, 4193, 44499, 76200, 65005, 50288]"
113624,"[32891, 72143, 93379, 65401, 73411, 67446, 36091, 9963, 22160, 68377]"
113625,"[94714, 90960, 44656, 72177, 27621, 87360, 107733, 15899, 88191, 94809]"
113626,"[98680, 74576, 24545, 51106, 58143, 30114, 26057, 94385, 104296, 2732]"
113627,"[25630, 39716, 93007, 97112, 19444, 17153, 54582, 99824, 79500, 36538]"
113628,"[38165, 103543, 62378, 70928, 85030, 105223, 50084, 76562, 72900, 81778]"
113629,"[77847, 37381, 7180, 56072, 97122, 64885, 102286, 74041, 102065, 16249]"
113630,"[79155, 73799, 44947, 40312, 104287, 22803, 77906, 87607, 13101, 29771]"
113631,"[9822, 18561, 49034, 93998, 61528, 26959, 40776, 43313, 74886, 63675]"
113632,"[38316, 52914, 50978, 11630, 4204, 81891, 77567, 88273, 79920, 52864]"
113633,"[106063, 13463, 13994, 56493, 26564, 56441, 43448, 97638, 55509, 6926]"
113634,"[39600, 102626, 19703, 25654, 101672, 88089, 43644, 41343, 102456, 27886]"
113635,"[45993, 18239, 26635, 89483, 77777, 91911, 41553, 60929, 95459, 9583]"
113636,"[70899, 108873, 12442, 37295, 44325, 52499, 83904, 1255, 68952, 27817]"
113637,"[90490, 67795, 40743, 64324, 94769, 64141, 107851, 8895, 64113, 66889]"
113638,"[1102, 62912, 48739, 20533, 54794, 22212, 40247, 67650, 92370, 77679]"
113639,"[35554, 50337, 59491, 74457, 76233, 103685, 67929, 23678, 94486, 100106]"
113640,"[54798, 8980, 59200, 30534, 7008, 84871, 88284, 10455, 47797, 63595]"
113641,"[40272, 25311, 24267, 54911, 8050, 39145, 16445, 32547, 54350, 58369]"
113642,"[76541, 26384, 39101, 46823, 78657, 106379, 39237, 107396, 54911, 39145]"
113643,"[1921, 74760, 54096, 108797, 53926, 74079, 47459, 79523, 93234, 16532]"
113644,"[73453, 67681, 44345, 63747, 96211, 41391, 8912, 9834, 28815, 99778]"
113645,"[16168, 61571, 83730, 37859, 14028, 26956, 43595, 48010, 14347, 97100]"
113646,"[46165, 45544, 73717, 53756, 83711, 50474, 94107, 39751, 1315, 82406]"
113647,"[9625, 4063, 50827, 9284, 78417, 74732, 65485, 105846, 19624, 55042]"
113648,"[18187, 40584, 52730, 46153, 104284, 67558, 87969, 19995, 7964, 74918]"
113649,"[25764, 79046, 30527, 105376, 46851, 88668, 59014, 99806, 20306, 53987]"
113650,"[4110, 106876, 4273, 96404, 58585, 53315, 94140, 84615, 66092, 3680]"
113651,"[88066, 84315, 107807, 33607, 89389, 53160, 58267, 25256, 48785, 66208]"
113652,"[29654, 31770, 107869, 18602, 33110, 50496, 43312, 44699, 56803, 35642]"
113653,"[35915, 264, 24217, 30556, 11628, 40691, 36236, 105299, 84068, 31828]"
113654,"[14536, 56993, 98004, 84999, 103446, 103768, 32670, 45365, 81606, 45964]"
113655,"[68919, 106762, 48886, 44571, 5686, 10294, 2428, 63591, 29920, 73325]"
113656,"[104088, 12695, 47117, 10281, 70214, 15718, 3891, 85439, 97381, 104611]"
113657,"[81808, 106680, 66033, 77137, 29230, 12039, 22344, 77485, 38289, 77460]"
113658,"[95468, 58367, 35833, 40738, 87407, 50005, 104566, 46458, 96742, 98763]"
113659,"[36260, 102944, 91976, 84311, 19680, 49067, 68715, 28970, 3368, 46901]"
113660,"[76694, 1911, 58311, 10942, 93919, 38268, 24963, 71032, 83319, 3188]"
113661,"[81473, 25991, 57724, 39188, 28125, 24556, 104989, 41092, 60100, 30221]"
113662,"[71579, 529, 77671, 55411, 104758, 24271, 22022, 63408, 71680, 29056]"
113663,"[70110, 91501, 24588, 52821, 45967, 34238, 15204, 65629, 15169, 73140]"
113664,"[9720, 65565, 47624, 88292, 76830, 46709, 33031, 15179, 34660, 2913]"
113665,"[82796, 35615, 30392, 37572, 33935, 76479, 52341, 37123, 74061, 29386]"
113666,"[36357, 21282, 80822, 59987, 36031, 13849, 42387, 21754, 68561, 11587]"
113667,"[107330, 26197, 60847, 18225, 35458, 36224, 74782, 77040, 103731, 79146]"
113668,"[55595, 85121, 75252, 5235, 27882, 47873, 40027, 34117, 40844, 83557]"
113669,"[12889, 91210, 33216, 39151, 15418, 29707, 28996, 19682, 63818, 17775]"
113670,"[78871, 38863, 18408, 96494, 77345, 67932, 75311, 985, 78469, 29702]"
113671,"[61013, 13, 5526, 82277, 103891, 79465, 58265, 49286, 77346, 41447]"
113672,"[31139, 53345, 2255, 81358, 51666, 64159, 9139, 2180, 49638, 6734]"
113673,"[72216, 80975, 6644, 20339, 44916, 2542, 19856, 29922, 52113, 12662]"
113674,"[34740, 90352, 55480, 51258, 87363, 90051, 69237, 65893, 57538, 56863]"
113675,"[27455, 49528, 64134, 751, 66060, 95438, 11559, 95173, 92316, 79931]"
113676,"[109321, 103918, 64400, 97242, 20339, 34069, 87406, 67255, 24442, 16819]"
113677,"[15914, 32115, 9773, 74850, 61754, 32456, 104242, 42777, 105125, 22207]"
113678,"[15713, 95060, 75843, 87578, 25651, 1401, 65981, 102040, 95166, 70628]"
113679,"[2226, 71571, 93177, 98429, 60020, 33620, 99162, 62940, 25539, 91203]"
113680,"[15758, 105308, 31589, 5911, 77353, 26718, 47592, 8406, 61395, 40699]"
113681,"[87936, 4895, 47171, 40475, 74307, 793, 84901, 48686, 41406, 86430]"
113682,"[106017, 57264, 22547, 45471, 48209, 75916, 91117, 3597, 99931, 68739]"
113683,"[13561, 56385, 66012, 84336, 93788, 43056, 35097, 33972, 20984, 88034]"
113684,"[10072, 52727, 103798, 63619, 33356, 83061, 9418, 64625, 48489, 62461]"
113685,"[16839, 97765, 29804, 25734, 54557, 16580, 96935, 37561, 62086, 91241]"
113686,"[78867, 39508, 21184, 16053, 100708, 90291, 100261, 93819, 109692, 67260]"
113687,"[102949, 102853, 56433, 37405, 86026, 92897, 78210, 3449, 86834, 91439]"
113688,"[80255, 11304, 64664, 59916, 42029, 53154, 40331, 35692, 34156, 31696]"
113689,"[67954, 61169, 67059, 77731, 25704, 46567, 27838, 67193, 13416, 84785]"
113690,"[19131, 49357, 14833, 51740, 24803, 22695, 92651, 78252, 56733, 67037]"
113691,"[100172, 44915, 97429, 53962, 57044, 74962, 21397, 15486, 37468, 84530]"
113692,"[72682, 62516, 20772, 46586, 22735, 3296, 98379, 91345, 68669, 95197]"
113693,"[102157, 81671, 70504, 53290, 45816, 61360, 16635, 74664, 50735, 81542]"
113694,"[83432, 33213, 215, 93752, 35049, 60260, 59121, 8612, 14400, 76532]"
113695,"[102755, 30287, 30255, 106444, 90820, 76798, 43191, 56507, 76006, 79935]"
113696,"[53986, 55994, 86988, 61369, 32828, 60858, 19711, 105351, 21379, 49876]"
113697,"[15173, 22846, 76983, 106635, 70820, 20221, 94929, 42464, 2138, 69911]"
113698,"[54742, 105121, 56798, 47515, 13303, 103331, 1008, 62542, 22206, 61096]"
113699,"[85018, 89922, 13760, 60800, 33806, 60016, 50062, 63459, 94861, 42580]"
113700,"[90176, 15687, 84662, 56877, 19011, 98943, 57551, 23580, 38460, 25669]"
113701,"[32879, 106221, 1911, 48669, 27981, 10942, 71032, 77276, 58311, 51839]"
113702,"[53541, 21542, 62404, 72912, 108391, 75598, 26285, 101730, 61981, 38978]"
113703,"[64735, 46585, 54175, 50286, 49167, 44316, 55372, 101803, 71923, 8066]"
113704,"[18899, 58317, 34367, 70039, 58211, 107958, 104541, 72855, 21888, 96284]"
113705,"[85868, 37254, 31218, 35041, 11059, 54239, 5626, 95355, 59186, 84323]"
113706,"[90479, 4325, 21701, 77270, 75284, 8577, 31053, 10392, 13189, 50565]"
113707,"[62817, 18251, 90402, 30895, 33016, 97144, 102620, 30357, 90218, 75315]"
113708,"[78348, 69081, 49977, 78296, 93658, 24573, 23819, 19341, 94171, 35139]"
113709,"[23169, 86767, 80873, 7167, 93841, 106497, 28102, 51134, 65899, 4497]"
113710,"[61473, 29408, 49594, 3938, 1742, 109420, 21547, 67864, 38206, 50893]"
113711,"[108281, 59216, 101908, 87213, 96245, 80805, 46423, 23864, 22796, 37333]"
113712,"[54891, 69239, 1885, 91080, 89561, 107106, 105220, 70087, 96285, 92440]"
113713,"[3605, 82215, 94396, 52200, 6934, 56002, 28182, 13693, 92773, 79515]"
113714,"[67698, 108018, 70036, 64113, 81530, 64141, 37135, 179, 97494, 38530]"
113715,"[9163, 100822, 70640, 79093, 33850, 63232, 36995, 98755, 34551, 106981]"
113716,"[105199, 104979, 38828, 58036, 94619, 33826, 44369, 55014, 98817, 40436]"
113717,"[11615, 20465, 36905, 11043, 10189, 42830, 5530, 90492, 99696, 26033]"
113718,"[6982, 36349, 87270, 73020, 33618, 44931, 48944, 9903, 62611, 81695]"
113719,"[54294, 7061, 20141, 75845, 65132, 3971, 51328, 65089, 14427, 33111]"
113720,"[73192, 98590, 83605, 60818, 29599, 69869, 52327, 11113, 75411, 49122]"
113721,"[4317, 96115, 9005, 65184, 7604, 8927, 37485, 98507, 40756, 84038]"
113722,"[106727, 63718, 9140, 98555, 32848, 11035, 101163, 18393, 104878, 30665]"
113723,"[107880, 57898, 83690, 85522, 84955, 52218, 32051, 16326, 103716, 94067]"
113724,"[21088, 23857, 13396, 83534, 68927, 109348, 75521, 78910, 50329, 63141]"
113725,"[56088, 87202, 22195, 47350, 35241, 24896, 99793, 50426, 39227, 16651]"
113726,"[42435, 46288, 96668, 51202, 51058, 90524, 105041, 14950, 79399, 51256]"
113727,"[12147, 26882, 12407, 18401, 63760, 76665, 11420, 10642, 7494, 21975]"
113728,"[69382, 86835, 92658, 66087, 62519, 57827, 1000, 78721, 16065, 90425]"
113729,"[64094, 109410, 96075, 84393, 39984, 19187, 75038, 62265, 86995, 47721]"
113730,"[32864, 79385, 77266, 29470, 40416, 56289, 61103, 591, 94620, 39709]"
113731,"[11249, 88896, 109191, 61298, 42493, 93381, 29263, 35469, 349, 24586]"
113732,"[74169, 61672, 42848, 43272, 66970, 23521, 15267, 71248, 11102, 34129]"
113733,"[8666, 98863, 16262, 105644, 108743, 80961, 70199, 5556, 56109, 58304]"
113734,"[88591, 76277, 69854, 43282, 27477, 10376, 36912, 49940, 20630, 84577]"
113735,"[101052, 27231, 57807, 42496, 78633, 82681, 76165, 34513, 93889, 3077]"
113736,"[20446, 76646, 102667, 47521, 48478, 98865, 12704, 28377, 62718, 14480]"
113737,"[35468, 65311, 17176, 56635, 22996, 109364, 78294, 49137, 67875, 36080]"
113738,"[70502, 99187, 27436, 96848, 87356, 75990, 79090, 25692, 13286, 80323]"
113739,"[86320, 101053, 59549, 61068, 87784, 42350, 62430, 105409, 8754, 58034]"
113740,"[97108, 55810, 20244, 99504, 61083, 50892, 10243, 97632, 68991, 108451]"
113741,"[44973, 60390, 74020, 59572, 66962, 31040, 1605, 78717, 1910, 36024]"
113742,"[76739, 87178, 25129, 95932, 11411, 95452, 85796, 6107, 64309, 23683]"
113743,"[97575, 1185, 64172, 28816, 31362, 20140, 11351, 109526, 1191, 89473]"
113744,"[26554, 83055, 78665, 20602, 83108, 89873, 11894, 50733, 97314, 70192]"
113745,"[104979, 36250, 101933, 13036, 38212, 2639, 61749, 9430, 19215, 73944]"
113746,"[33668, 28381, 15082, 16373, 71818, 97405, 60560, 92630, 78016, 83150]"
113747,"[14920, 100796, 71317, 90003, 35772, 83551, 27050, 109131, 17629, 564]"
113748,"[35801, 5947, 40847, 57428, 64452, 92798, 98342, 105419, 36695, 57741]"
113749,"[29742, 4204, 99536, 99503, 90457, 75103, 90400, 739, 65111, 2502]"
113750,"[98527, 48804, 40621, 42813, 53131, 43622, 40697, 44499, 96818, 93662]"
113751,"[6175, 92486, 6486, 61868, 35529, 58349, 19587, 9523, 71215, 69896]"
113752,"[25711, 48568, 50550, 3862, 106093, 19245, 14175, 73947, 56185, 35249]"
113753,"[40905, 30558, 74222, 62116, 36485, 39543, 23402, 31103, 73384, 95929]"
113754,"[2050, 70277, 47905, 86292, 72540, 69772, 87959, 47756, 27321, 5449]"
113755,"[78892, 96134, 47377, 44502, 28736, 767, 43545, 108685, 17537, 49477]"
113756,"[40186, 106569, 65858, 78863, 91756, 7345, 61353, 14990, 108032, 78226]"
113757,"[107828, 107314, 31348, 623, 48809, 96042, 103028, 6254, 55641, 6971]"
113758,"[75411, 90203, 94710, 76215, 18301, 85567, 36101, 92354, 79065, 84256]"
113759,"[90439, 13314, 62768, 93105, 21734, 59832, 48697, 102134, 61117, 92867]"
113760,"[108020, 61790, 5484, 6191, 55310, 58044, 86316, 26695, 98995, 74937]"
113761,"[100625, 59548, 28864, 53324, 85161, 84518, 93182, 6912, 35486, 21577]"
113762,"[87477, 15877, 20058, 24331, 102464, 78530, 101145, 90010, 41992, 2742]"
113763,"[5259, 108990, 37236, 105163, 33524, 39701, 77845, 23149, 78091, 82458]"
113764,"[58554, 26284, 92999, 56476, 33678, 45779, 64920, 105782, 58124, 99868]"
113765,"[60397, 106216, 93563, 9489, 75735, 9416, 55124, 102369, 14564, 48791]"
113766,"[41093, 19147, 9991, 108187, 23860, 53034, 23429, 38926, 53988, 49889]"
113767,"[93229, 86815, 14638, 61970, 61080, 1025, 48398, 9900, 3634, 88626]"
113768,"[19973, 16991, 13030, 51449, 26899, 34865, 43438, 8499, 90673, 104430]"
113769,"[40057, 21315, 29287, 71996, 34563, 55129, 65880, 20857, 12778, 10341]"
113770,"[52159, 107403, 44042, 31279, 78074, 354, 46345, 84038, 58361, 107067]"
113771,"[47010, 78148, 10801, 43205, 102720, 4725, 86831, 105093, 26100, 19909]"
113772,"[107495, 35441, 36581, 82558, 55106, 10148, 7229, 83494, 62362, 38328]"
113773,"[83589, 47458, 39787, 87849, 33070, 77773, 34736, 303, 42343, 83700]"
113774,"[78947, 75722, 71012, 15686, 48113, 68191, 19952, 76150, 17182, 21562]"
113775,"[3361, 27209, 1148, 92367, 12208, 5593, 52591, 52419, 53167, 3656]"
113776,"[95568, 33458, 51796, 91163, 36973, 38549, 91329, 7473, 34851, 80778]"
113777,"[109477, 20478, 27016, 3516, 20577, 52639, 105342, 74885, 15928, 86873]"
113778,"[77814, 47546, 11060, 91777, 100042, 69248, 85374, 84877, 75279, 61026]"
113779,"[97618, 37799, 51268, 86856, 109660, 90419, 25506, 70493, 32078, 28463]"
113780,"[21004, 42320, 65850, 18321, 18020, 58626, 16074, 32333, 91052, 57783]"
113781,"[9095, 75785, 103636, 89793, 104517, 47514, 62989, 40630, 56816, 77864]"
113782,"[42712, 38151, 17902, 87681, 70860, 27640, 99696, 103129, 100814, 21412]"
113783,"[103702, 87335, 6849, 109132, 76881, 89696, 7388, 41898, 94031, 38283]"
113784,"[102275, 37681, 21668, 93860, 72825, 16587, 50741, 71013, 41337, 93083]"
113785,"[32810, 71558, 38028, 47824, 91556, 82173, 23863, 91030, 95922, 34347]"
113786,"[23669, 104449, 79713, 43317, 423, 54070, 36544, 39264, 79359, 79119]"
113787,"[84822, 89703, 16212, 84673, 73029, 107684, 45410, 8245, 64757, 52493]"
113788,"[64507, 87975, 81899, 39726, 86505, 31342, 53217, 64091, 65034, 73455]"
113789,"[55785, 44037, 32350, 25807, 1610, 54342, 33123, 27204, 55348, 6901]"
113790,"[98685, 61334, 98356, 68196, 38132, 52647, 61245, 26607, 20684, 25221]"
113791,"[99924, 49713, 9638, 42563, 14961, 96491, 24450, 102113, 91077, 85214]"
113792,"[63446, 102187, 78426, 41332, 107550, 649, 86001, 5082, 3677, 22202]"
113793,"[3572, 2298, 95878, 43648, 31812, 49948, 43159, 22580, 93546, 637]"
113794,"[77566, 97295, 42689, 18146, 91452, 42537, 15532, 7905, 80965, 16379]"
113795,"[100626, 34276, 6922, 76282, 56555, 9808, 101043, 92588, 70224, 73720]"
113796,"[68181, 56526, 41500, 35997, 13075, 105096, 95962, 24317, 83483, 14620]"
113797,"[16998, 17241, 43826, 95544, 6426, 5401, 75603, 7821, 85927, 57066]"
113798,"[48990, 13459, 107597, 90972, 108622, 13855, 5543, 100153, 26774, 102333]"
113799,"[66888, 58903, 87561, 84180, 44645, 81220, 13472, 62871, 70753, 12273]"
113800,"[54009, 34628, 39150, 48033, 7341, 104436, 94233, 78915, 81383, 100871]"
113801,"[71, 96925, 16860, 26952, 35705, 38880, 56058, 16204, 85504, 100858]"
113802,"[52037, 12777, 57650, 34321, 55871, 86194, 82133, 12805, 75485, 13216]"
113803,"[7825, 11697, 105396, 104816, 27595, 79044, 78298, 41750, 95119, 44298]"
113804,"[18362, 103235, 35610, 9811, 108730, 97603, 52001, 44019, 70364, 94303]"
113805,"[37267, 56260, 20149, 40676, 92418, 22950, 54013, 44517, 47816, 17235]"
113806,"[99205, 4870, 86402, 34153, 6431, 88929, 31934, 19464, 76525, 61044]"
113807,"[70267, 45038, 80034, 22485, 9251, 72440, 54070, 82036, 8900, 28383]"
113808,"[93809, 7053, 6940, 63737, 69588, 19546, 77890, 23385, 81230, 72606]"
113809,"[9459, 84296, 25800, 46493, 64011, 89040, 109263, 77531, 27706, 83573]"
113810,"[73405, 49259, 84116, 105037, 29282, 101843, 71172, 91817, 50054, 41098]"
113811,"[98371, 66577, 58527, 13278, 67701, 31949, 18324, 37986, 24414, 83636]"
113812,"[104134, 15080, 31421, 96392, 11265, 38397, 103539, 33081, 52653, 86340]"
113813,"[36980, 100278, 86036, 53693, 40532, 107416, 17129, 69615, 9713, 77743]"
113814,"[28248, 79934, 34592, 88744, 42338, 89907, 24766, 68811, 81565, 30567]"
113815,"[105864, 42510, 45595, 23331, 38967, 70821, 11544, 58986, 103215, 11097]"
113816,"[13393, 103549, 49181, 72543, 54095, 48560, 19213, 71063, 71486, 64206]"
113817,"[40002, 66865, 80159, 109403, 5647, 82128, 29150, 75314, 50197, 91365]"
113818,"[28756, 2806, 79339, 91771, 82253, 28349, 42968, 43399, 58613, 69494]"
113819,"[83354, 100396, 55120, 62118, 89860, 9866, 55443, 58873, 38433, 33656]"
113820,"[46392, 93824, 12205, 39649, 80401, 48485, 49905, 91284, 28120, 59341]"
113821,"[58064, 79521, 41148, 107617, 4995, 99887, 97508, 39887, 895, 57065]"
113822,"[75189, 21210, 43796, 100019, 37318, 48720, 72959, 21537, 98726, 1576]"
113823,"[21283, 66914, 76480, 74043, 40554, 102150, 6863, 6924, 82739, 12645]"
113824,"[15535, 66943, 26618, 72163, 9651, 68619, 87941, 2577, 95237, 23060]"
113825,"[102176, 63617, 63167, 30825, 5693, 73129, 17815, 58925, 59560, 34269]"
113826,"[102796, 84640, 62554, 53901, 84741, 107448, 107918, 94609, 85776, 85573]"
113827,"[87107, 7317, 15778, 57215, 46359, 102235, 107415, 32097, 19114, 56436]"
113828,"[96133, 20659, 95024, 48156, 15375, 68792, 59596, 56463, 49880, 11827]"
113829,"[90085, 104124, 82747, 108041, 76237, 94706, 91951, 81464, 95342, 8963]"
113830,"[83644, 103252, 9184, 70846, 78217, 67227, 58701, 51653, 2291, 59946]"
113831,"[61307, 60941, 61796, 38178, 78250, 43739, 78999, 42177, 46561, 89273]"
113832,"[42889, 48605, 29867, 29444, 29368, 16385, 68012, 43666, 26531, 100072]"
113833,"[29061, 70858, 26387, 66529, 103018, 79418, 54365, 53742, 70762, 4223]"
113834,"[76041, 21317, 53590, 106161, 37842, 61787, 16051, 61279, 97851, 84573]"
113835,"[53511, 45914, 45203, 61328, 70132, 83518, 106658, 87620, 66712, 34364]"
113836,"[55634, 86095, 11135, 40481, 66865, 61284, 107188, 35483, 73187, 80159]"
113837,"[98556, 76203, 88893, 21270, 53375, 50280, 32913, 39913, 94680, 67576]"
113838,"[101818, 88645, 41436, 13995, 23048, 97177, 36817, 97257, 56966, 106424]"
113839,"[10276, 59022, 90210, 2867, 16654, 96283, 14448, 64789, 80714, 22129]"
113840,"[107087, 93528, 94604, 53448, 36802, 99680, 98677, 98413, 32010, 102279]"
113841,"[8341, 61114, 7556, 52605, 97116, 62258, 48736, 11737, 2685, 43186]"
113842,"[95924, 78565, 5228, 8042, 92099, 62948, 12361, 2733, 57038, 41208]"
113843,"[68157, 47385, 28574, 49527, 108356, 20500, 41186, 76736, 88571, 10315]"
113844,"[103372, 79593, 42628, 67397, 51648, 93846, 34133, 36890, 108985, 109301]"
113845,"[67550, 45199, 27338, 97264, 16841, 27353, 16656, 97619, 3351, 30064]"
113846,"[88624, 105817, 101677, 84242, 81270, 10238, 68276, 13291, 106847, 26794]"
113847,"[48432, 60005, 96290, 57003, 44167, 78686, 56268, 103026, 66800, 83820]"
113848,"[81538, 36534, 35205, 22809, 89414, 75231, 92264, 86535, 87925, 28924]"
113849,"[17805, 42383, 52555, 11488, 75974, 45991, 108389, 23447, 32083, 90740]"
113850,"[17027, 53857, 63088, 15146, 96329, 82663, 60493, 90901, 70352, 26472]"
113851,"[2587, 43560, 48302, 90269, 89496, 44171, 102650, 84065, 97621, 28982]"
113852,"[45508, 3992, 19691, 41681, 78141, 5555, 15638, 106433, 46448, 72217]"
113853,"[50746, 79852, 20108, 63184, 74162, 33168, 86093, 19466, 69481, 29689]"
113854,"[73597, 51521, 3749, 24339, 13705, 78147, 24859, 54412, 34653, 82649]"
113855,"[21695, 11536, 8026, 11726, 32470, 37491, 9519, 97177, 9917, 98579]"
113856,"[16649, 55986, 6709, 35428, 56002, 8625, 42521, 108704, 43864, 14584]"
113857,"[50010, 48115, 2424, 14086, 39761, 33470, 99294, 25617, 24646, 60129]"
113858,"[92979, 83550, 20056, 78786, 80892, 1927, 59100, 22701, 36890, 101473]"
113859,"[74812, 67656, 83765, 81872, 68732, 66530, 23444, 103523, 106165, 57461]"
113860,"[63836, 87988, 91356, 50782, 94718, 52230, 80668, 41935, 75028, 97091]"
113861,"[45368, 17655, 103422, 63244, 19436, 62909, 4536, 7444, 105286, 77261]"
113862,"[91420, 58220, 42443, 77269, 5768, 81260, 21296, 95909, 82490, 102068]"
113863,"[58611, 40150, 35034, 94937, 43745, 34374, 63601, 86508, 101532, 33408]"
113864,"[25546, 101159, 36092, 109506, 10147, 11635, 26516, 16179, 5730, 90929]"
113865,"[23198, 64371, 51245, 65628, 38499, 85974, 39415, 55103, 87650, 62834]"
113866,"[9422, 32439, 105354, 33877, 28578, 23322, 55216, 1046, 90255, 40419]"
113867,"[73001, 62985, 46599, 104350, 24435, 44317, 86942, 107823, 40903, 60630]"
113868,"[4867, 30443, 60944, 78396, 27689, 69728, 73236, 107671, 51975, 100513]"
113869,"[65255, 42329, 18656, 61918, 61154, 29509, 99257, 104309, 5919, 3671]"
113870,"[100022, 19546, 252, 20068, 79406, 76732, 73318, 84122, 95497, 65294]"
113871,"[25796, 91457, 48830, 20681, 94213, 73298, 54955, 98857, 26118, 90898]"
113872,"[16190, 100062, 46794, 56088, 53331, 71870, 24370, 105527, 48618, 32990]"
113873,"[55807, 45569, 88669, 95723, 48472, 57354, 2345, 36495, 81578, 15367]"
113874,"[78865, 60798, 53903, 45759, 18580, 57989, 97135, 95470, 24609, 108883]"
113875,"[57939, 10296, 73816, 18154, 84913, 38431, 6733, 2612, 7918, 63403]"
113876,"[40110, 53115, 68924, 31883, 93918, 81078, 30785, 91081, 7458, 85966]"
113877,"[76707, 21494, 101019, 78214, 25668, 25982, 5767, 19413, 108254, 99949]"
113878,"[90364, 88388, 96614, 85321, 55918, 100328, 95731, 39747, 37872, 36543]"
113879,"[95549, 38409, 55413, 33468, 105163, 105498, 55735, 33524, 105289, 22375]"
113880,"[24580, 11032, 44281, 76138, 6395, 35709, 100575, 85334, 39345, 59727]"
113881,"[52406, 75534, 12932, 92529, 8905, 61122, 23259, 2867, 68001, 23158]"
113882,"[66504, 77695, 53118, 1070, 78931, 77393, 70910, 9744, 73159, 21892]"
113883,"[100538, 59204, 85469, 26323, 77092, 12584, 78618, 89706, 52387, 68645]"
113884,"[16838, 14532, 72680, 9589, 25733, 48610, 44751, 58875, 39867, 52642]"
113885,"[6981, 107771, 21682, 95046, 52174, 25950, 33241, 71904, 101110, 91982]"
113886,"[19997, 105789, 61562, 8345, 32939, 20852, 97662, 67766, 78640, 103845]"
113887,"[7785, 78115, 78817, 64176, 15742, 59969, 3740, 84747, 19712, 60239]"
113888,"[66013, 77322, 60967, 24808, 94681, 767, 53627, 39272, 90757, 32818]"
113889,"[68995, 16956, 51331, 58661, 15391, 86019, 81050, 47734, 74600, 29424]"
113890,"[3802, 24844, 44693, 73462, 78066, 76413, 39773, 90223, 5645, 42791]"
113891,"[106698, 82515, 50621, 50653, 88083, 24040, 61718, 59044, 9889, 37007]"
113892,"[108209, 36698, 80867, 61254, 46173, 76596, 90037, 2799, 26254, 81855]"
113893,"[66372, 62050, 53366, 43881, 59944, 17198, 28697, 76727, 22235, 18865]"
113894,"[21425, 65764, 46889, 65682, 81298, 7407, 60107, 99687, 100618, 255]"
113895,"[25474, 102204, 76052, 78075, 50556, 84998, 44527, 39801, 102272, 22801]"
113896,"[35616, 99216, 24442, 43015, 19878, 57481, 25884, 80213, 9328, 23990]"
113897,"[77512, 100715, 1590, 22617, 104948, 81790, 61895, 71590, 65738, 2569]"
113898,"[99340, 61102, 78798, 58862, 48930, 65921, 108720, 48375, 43140, 89414]"
113899,"[48144, 76484, 46046, 50890, 16310, 90299, 68376, 35320, 73726, 66246]"
113900,"[12135, 65874, 14310, 14300, 9655, 107729, 102125, 83875, 104612, 29395]"
113901,"[79670, 66317, 64508, 43846, 31406, 46668, 68937, 30291, 99119, 50231]"
113902,"[44266, 102415, 84578, 30776, 17121, 74977, 14996, 30553, 73112, 62946]"
113903,"[20022, 65421, 93801, 59441, 67863, 29037, 83714, 12274, 76943, 109226]"
113904,"[1775, 99882, 74058, 30601, 60138, 4005, 62633, 73778, 73155, 103060]"
113905,"[77842, 71517, 46363, 5646, 2727, 68725, 50775, 74794, 50614, 106900]"
113906,"[67291, 98670, 37444, 46195, 21816, 36957, 69143, 25458, 68887, 46208]"
113907,"[79756, 18172, 60472, 33960, 100793, 106309, 77126, 9047, 28823, 62523]"
113908,"[107855, 76322, 18022, 90823, 93009, 32883, 21424, 39016, 31505, 89741]"
113909,"[53853, 69253, 68125, 71975, 22431, 49047, 90216, 53105, 537, 28245]"
113910,"[84968, 59248, 76411, 43222, 39693, 53668, 59588, 34286, 85536, 73141]"
113911,"[60928, 44023, 53344, 93049, 8136, 101167, 21048, 92199, 65618, 26920]"
113912,"[6368, 45854, 62283, 4651, 94784, 62702, 103767, 99519, 46930, 11853]"
113913,"[47386, 26048, 18614, 94450, 14499, 20294, 85153, 63870, 33568, 94510]"
113914,"[104139, 76912, 81507, 35835, 34265, 53495, 18010, 47173, 87119, 104957]"
113915,"[86507, 29506, 98985, 102597, 82942, 33305, 37082, 11781, 61245, 71981]"
113916,"[108126, 103817, 48765, 61515, 96622, 64205, 82141, 46787, 96091, 4782]"
113917,"[25728, 77147, 84702, 28769, 27230, 49906, 23351, 53771, 92301, 7355]"
113918,"[59131, 44608, 18071, 96056, 90069, 87901, 76700, 16523, 101826, 75579]"
113919,"[67868, 49392, 87005, 40623, 17223, 21587, 12514, 105711, 37957, 12320]"
113920,"[41647, 88219, 8462, 68481, 70555, 28911, 69417, 105815, 36067, 17394]"
113921,"[75906, 49011, 62638, 60327, 57734, 63117, 84216, 13357, 73175, 25445]"
113922,"[44587, 105857, 69317, 55861, 106878, 69891, 51471, 39806, 35519, 2089]"
113923,"[3765, 29474, 40405, 77362, 74914, 98955, 19507, 28992, 20191, 90540]"
113924,"[44756, 6445, 90075, 43153, 88698, 63455, 89321, 70976, 17346, 14264]"
113925,"[23727, 83954, 38411, 102713, 12589, 52273, 38440, 107058, 18349, 95737]"
113926,"[101098, 9148, 28212, 24397, 59487, 78380, 56066, 20651, 2747, 26498]"
113927,"[48771, 3778, 109307, 15230, 54346, 103472, 46804, 89295, 94561, 53742]"
113928,"[38948, 68257, 2618, 71960, 78420, 23536, 16276, 70398, 104632, 87860]"
113929,"[3611, 51706, 1394, 87552, 93217, 29329, 5666, 61775, 85919, 16646]"
113930,"[20657, 12056, 20086, 66768, 47487, 87349, 24657, 101486, 97932, 85457]"
113931,"[21805, 26644, 91033, 12179, 71741, 104284, 52730, 107639, 89059, 65974]"
113932,"[73175, 94850, 51803, 61471, 76551, 84216, 15649, 96959, 43103, 48540]"
113933,"[70277, 3817, 1732, 98076, 27835, 74264, 14940, 47905, 68316, 70745]"
113934,"[4906, 80928, 75795, 76947, 82171, 80722, 13691, 39598, 101358, 76772]"
113935,"[58184, 109056, 70840, 22780, 109626, 95613, 56243, 16951, 14022, 63949]"
113936,"[11655, 109169, 20607, 17901, 41727, 63449, 13071, 28564, 4262, 92102]"
113937,"[13491, 91625, 93973, 20280, 28843, 46119, 109412, 104636, 89429, 82457]"
113938,"[38294, 57428, 48877, 57741, 55739, 40847, 23333, 37375, 74977, 5947]"
113939,"[17133, 63554, 18203, 19381, 81684, 43220, 53180, 7020, 40201, 482]"
113940,"[80074, 59450, 48001, 34829, 65364, 76483, 75400, 31160, 80120, 37459]"
113941,"[22618, 26774, 93028, 80229, 20992, 105380, 108049, 61246, 104016, 96305]"
113942,"[81782, 13990, 97779, 86382, 88233, 96361, 65143, 98575, 80331, 21335]"
113943,"[71024, 86508, 101532, 66469, 65467, 40935, 77174, 59945, 94251, 57308]"
113944,"[22753, 72262, 47007, 11113, 44261, 22399, 89980, 73773, 52327, 100948]"
113945,"[103390, 33811, 109202, 27207, 91268, 77871, 61698, 40932, 33771, 92288]"
113946,"[25588, 61458, 19095, 64350, 100611, 98933, 60106, 74914, 29474, 10074]"
113947,"[1049, 42445, 64479, 8719, 85069, 96596, 79273, 28416, 97498, 97509]"
113948,"[73253, 3454, 74160, 53086, 106219, 49099, 36111, 16180, 16776, 29890]"
113949,"[36418, 56156, 94240, 81618, 80836, 51106, 79752, 21559, 26057, 24545]"
113950,"[70079, 76310, 24362, 10150, 46438, 90643, 81745, 12251, 74219, 34403]"
113951,"[50298, 17429, 48932, 103750, 19308, 78512, 86815, 34254, 101216, 99578]"
113952,"[5699, 51935, 101022, 95980, 64476, 36799, 54776, 27029, 26132, 75741]"
113953,"[26549, 8876, 34631, 69588, 43950, 77890, 330, 22687, 72606, 91745]"
113954,"[93055, 78100, 66898, 897, 40226, 90597, 54003, 45578, 2123, 52298]"
113955,"[48299, 104367, 5525, 105895, 66862, 94416, 91445, 71010, 68887, 46208]"
113956,"[89599, 33752, 8320, 99541, 49881, 17582, 107276, 106276, 70736, 42354]"
113957,"[57849, 2978, 79170, 62281, 87075, 9810, 84136, 72115, 41518, 36571]"
113958,"[62394, 26310, 56773, 49484, 53213, 73641, 30581, 18226, 39512, 50444]"
113959,"[32996, 28794, 78662, 47533, 22884, 2598, 26023, 29930, 7250, 6717]"
113960,"[3733, 47672, 29694, 89214, 61197, 24233, 10113, 24259, 57747, 100021]"
113961,"[40568, 21284, 20326, 79874, 61115, 24766, 28248, 106632, 88712, 51195]"
113962,"[47756, 45524, 69643, 33562, 91331, 36304, 24139, 37693, 65698, 5449]"
113963,"[104796, 89850, 108208, 26593, 55149, 90111, 89335, 6800, 11365, 46920]"
113964,"[2066, 23995, 10499, 106663, 12242, 15933, 67721, 66314, 1855, 50259]"
113965,"[109408, 54857, 68089, 11337, 3869, 65028, 57383, 65279, 20529, 42994]"
113966,"[73679, 54161, 57852, 91798, 42051, 91737, 62605, 70454, 39709, 61393]"
113967,"[49781, 101023, 2744, 70692, 26147, 74525, 87586, 63660, 96740, 8579]"
113968,"[46436, 24490, 22960, 7197, 99342, 105072, 65711, 42087, 37180, 21566]"
113969,"[22236, 24446, 31019, 18012, 94238, 19612, 10698, 4308, 28302, 14186]"
113970,"[42864, 29616, 14111, 1095, 48263, 28862, 6571, 9467, 39224, 7972]"
113971,"[54370, 70259, 93191, 1116, 101087, 33365, 42635, 73791, 73879, 19172]"
113972,"[32599, 36158, 95984, 47191, 56047, 106700, 108487, 72456, 101883, 25885]"
113973,"[3037, 102511, 67704, 46989, 19644, 4798, 40504, 37985, 41956, 23672]"
113974,"[83528, 64927, 35214, 78589, 305, 45701, 58592, 63136, 82610, 59531]"
113975,"[108916, 3381, 106699, 80016, 7111, 25449, 13081, 4448, 31344, 8367]"
113976,"[102160, 58841, 69132, 39902, 16166, 97208, 41221, 20262, 60843, 49653]"
113977,"[44668, 32024, 8295, 1254, 105120, 35549, 24693, 20672, 13839, 105518]"
113978,"[91348, 43954, 68922, 58188, 5547, 63318, 32897, 41183, 87345, 44362]"
113979,"[43936, 94081, 389, 104709, 92856, 20544, 72519, 22797, 16400, 90156]"
113980,"[79339, 43399, 19868, 91771, 37356, 90623, 92761, 83019, 87853, 2806]"
113981,"[21544, 14638, 77193, 50298, 24858, 103750, 74162, 6399, 57271, 93527]"
113982,"[23843, 95610, 44436, 41266, 106994, 6083, 80407, 23677, 11704, 69564]"
113983,"[81603, 43583, 65661, 66503, 18609, 56590, 77869, 98615, 23482, 29099]"
113984,"[97971, 77799, 34447, 63303, 12856, 95485, 4358, 47057, 7906, 37612]"
113985,"[3807, 62580, 79407, 77670, 37964, 41680, 71950, 4987, 18606, 29089]"
113986,"[23158, 87191, 70769, 9481, 9763, 96217, 90775, 101467, 34544, 48043]"
113987,"[10669, 93678, 32222, 31717, 94844, 107527, 26658, 98179, 24497, 8064]"
113988,"[32800, 93091, 40200, 97542, 107467, 49681, 25750, 38312, 4567, 1711]"
113989,"[49256, 30529, 100125, 100465, 24187, 75529, 56425, 38254, 57640, 73203]"
113990,"[41838, 3140, 7030, 108286, 44532, 37682, 106529, 2807, 63558, 21855]"
113991,"[105388, 73668, 78377, 50478, 48503, 65331, 22216, 61782, 4908, 16873]"
113992,"[89813, 7398, 11436, 33031, 97888, 32735, 72191, 65113, 52719, 90399]"
113993,"[93915, 108518, 1438, 29193, 103461, 109705, 102925, 12953, 26866, 27711]"
113994,"[47139, 27269, 49298, 85991, 47742, 289, 46705, 7942, 43536, 69066]"
113995,"[61521, 64577, 1410, 70283, 102107, 45238, 69938, 3983, 1134, 40410]"
113996,"[75130, 45532, 53056, 76893, 103437, 97655, 27453, 66298, 62121, 45072]"
113997,"[58038, 91542, 95922, 17495, 48758, 107334, 3102, 39176, 82173, 24132]"
113998,"[10653, 36225, 76016, 37323, 107038, 54540, 76846, 56520, 102273, 88145]"
113999,"[32922, 88933, 11265, 69995, 94536, 76590, 28642, 98599, 8983, 14395]"
114000,"[97893, 50083, 51304, 9467, 71908, 90697, 103421, 743, 38496, 45357]"
114001,"[106705, 70615, 77299, 9572, 71175, 18041, 53900, 73082, 40257, 97260]"
114002,"[24376, 16732, 27068, 75685, 33619, 106690, 3484, 24662, 104741, 56301]"
114003,"[35269, 33879, 98551, 23732, 107606, 56200, 10365, 75247, 35251, 6672]"
114004,"[75127, 63206, 14140, 4441, 54310, 39512, 105918, 13300, 107651, 67600]"
114005,"[89907, 79934, 102762, 34592, 98389, 53689, 97760, 62934, 108349, 6457]"
114006,"[91719, 69987, 73820, 90426, 55624, 39293, 64682, 82261, 10401, 19541]"
114007,"[48054, 40763, 59600, 55008, 38905, 64303, 43816, 28990, 105192, 23073]"
114008,"[26422, 22139, 41312, 39146, 94354, 37971, 36352, 16861, 61831, 94295]"
114009,"[71788, 107850, 90125, 68883, 24365, 31937, 99222, 26483, 169, 100077]"
114010,"[107207, 104684, 55842, 34311, 51116, 57216, 7549, 37950, 14874, 71962]"
114011,"[90210, 95432, 36218, 21196, 33906, 16654, 25332, 10276, 79206, 11836]"
114012,"[82383, 100510, 53977, 39451, 34554, 92718, 67365, 14987, 96362, 72740]"
114013,"[42446, 96753, 6618, 91030, 49488, 64536, 59921, 107049, 49270, 27280]"
114014,"[60290, 64443, 4621, 52866, 34356, 15383, 83118, 88935, 58672, 31085]"
114015,"[22390, 5256, 101775, 105003, 96440, 55282, 52973, 23133, 101731, 17595]"
114016,"[17574, 89102, 65073, 30283, 51845, 18889, 17505, 38598, 101748, 90229]"
114017,"[55735, 56107, 1523, 77776, 90563, 67931, 72244, 66564, 35609, 38409]"
114018,"[105240, 42034, 11476, 21697, 20121, 88035, 31981, 89110, 83265, 45213]"
114019,"[40738, 85268, 89322, 1853, 94857, 41222, 46771, 95468, 61790, 64876]"
114020,"[86036, 53693, 58359, 11911, 69615, 9713, 96329, 82663, 9722, 61956]"
114021,"[64852, 37673, 65933, 91946, 6004, 9565, 82529, 103178, 84202, 5034]"
114022,"[96536, 64449, 45576, 64856, 7343, 79210, 43853, 59780, 80638, 20112]"
114023,"[14288, 44687, 94439, 81408, 32813, 80962, 108226, 59213, 9104, 11430]"
114024,"[86503, 30939, 46958, 21606, 68647, 95647, 256, 26801, 45765, 89927]"
114025,"[76095, 100923, 71218, 30045, 55219, 50180, 29073, 79610, 90275, 25297]"
114026,"[108791, 72516, 87857, 55467, 29256, 32225, 86378, 63539, 105746, 76379]"
114027,"[49562, 72092, 45007, 10307, 18671, 12436, 18998, 21139, 97381, 75313]"
114028,"[69753, 64548, 77416, 42294, 27815, 109051, 85509, 85017, 63336, 500]"
114029,"[70235, 56723, 3803, 88560, 65892, 22543, 94726, 100405, 81200, 54701]"
114030,"[87099, 66234, 12317, 101752, 77729, 57982, 3769, 23761, 108750, 98799]"
114031,"[53988, 84082, 53034, 23429, 108187, 94049, 41093, 27224, 23860, 58933]"
114032,"[87128, 51472, 59054, 61356, 107329, 48068, 100265, 61276, 29944, 57661]"
114033,"[37476, 102951, 97498, 27727, 37367, 51679, 12947, 51002, 40478, 37272]"
114034,"[107615, 82036, 28383, 70267, 50227, 69337, 7089, 51480, 78072, 72440]"
114035,"[12741, 37599, 66228, 39164, 1532, 101200, 8752, 9170, 39916, 72369]"
114036,"[103551, 81578, 72832, 54698, 28760, 49442, 60017, 84281, 103343, 97114]"
114037,"[60184, 55749, 36336, 84909, 51675, 87900, 20778, 55603, 3953, 35100]"
114038,"[17963, 54443, 31455, 4213, 28396, 17148, 98301, 29197, 84052, 54397]"
114039,"[80984, 81835, 4251, 90891, 106943, 61872, 84387, 37933, 36441, 104495]"
114040,"[77395, 35603, 8684, 72958, 46751, 24731, 64550, 9393, 49830, 48968]"
114041,"[20864, 41515, 27563, 94448, 2025, 51154, 13970, 69914, 2582, 105279]"
114042,"[97618, 34352, 70493, 51268, 37799, 92874, 25506, 45108, 101954, 34727]"
114043,"[86352, 40874, 47968, 35392, 98734, 29802, 105634, 41603, 51215, 78850]"
114044,"[104387, 54634, 77069, 19235, 8297, 91630, 70121, 19110, 27110, 59412]"
114045,"[57116, 49742, 8967, 98831, 58917, 37164, 43815, 97870, 90831, 1546]"
114046,"[62900, 24135, 61062, 95002, 69049, 43708, 53391, 47466, 2885, 81349]"
114047,"[14715, 100545, 52984, 96460, 72627, 18445, 106567, 5918, 94523, 76767]"
114048,"[80655, 23817, 84323, 41759, 18947, 84226, 21226, 6253, 81692, 30326]"
114049,"[46050, 58394, 74327, 19754, 21609, 33299, 94874, 42169, 101193, 55255]"
114050,"[92593, 78380, 36216, 72160, 91745, 27452, 76149, 103853, 90661, 7748]"
114051,"[108876, 60924, 27265, 73906, 56429, 75150, 51710, 17213, 10688, 12593]"
114052,"[82297, 71734, 1453, 77958, 31045, 42198, 6527, 59764, 74166, 38678]"
114053,"[47754, 23225, 10333, 88486, 7586, 106071, 4938, 41794, 36811, 42831]"
114054,"[94443, 15761, 7617, 47301, 69644, 37247, 5262, 1274, 62531, 5637]"
114055,"[101789, 30529, 62365, 98250, 51577, 20472, 75229, 73203, 106879, 22715]"
114056,"[36550, 17377, 103930, 99864, 10803, 36728, 103599, 59468, 91845, 13944]"
114057,"[97868, 61491, 77456, 107152, 10262, 83770, 71754, 23269, 67306, 44920]"
114058,"[12857, 103855, 84248, 10142, 30046, 105221, 66357, 80217, 69754, 81653]"
114059,"[78308, 104509, 7215, 19167, 36816, 28055, 11605, 33575, 12452, 57100]"
114060,"[24435, 32390, 32921, 104350, 3001, 14955, 5865, 59915, 73001, 54998]"
114061,"[27674, 83843, 45937, 105810, 41672, 92448, 41449, 82193, 73873, 28674]"
114062,"[14827, 23472, 39938, 100322, 34709, 91503, 77037, 29111, 75987, 102870]"
114063,"[103954, 86464, 88303, 94541, 22012, 45812, 102655, 7729, 95065, 96048]"
114064,"[80089, 33892, 83363, 30420, 358, 92140, 87179, 61813, 13585, 30535]"
114065,"[72430, 73265, 68713, 57711, 63402, 6435, 102363, 95100, 73974, 1711]"
114066,"[59162, 12765, 47906, 77302, 2042, 73880, 52837, 82554, 23413, 43736]"
114067,"[93695, 61513, 68330, 49574, 90746, 76682, 62161, 95817, 35424, 22984]"
114068,"[100503, 7139, 22341, 61389, 104994, 30199, 19060, 1745, 6738, 100847]"
114069,"[9089, 17930, 95458, 61075, 8145, 83173, 51443, 32068, 52160, 69735]"
114070,"[84940, 7168, 75608, 35757, 69531, 76548, 45879, 98523, 65970, 60361]"
114071,"[102415, 84578, 44266, 81319, 35156, 20347, 93933, 50781, 71780, 40877]"
114072,"[68400, 43969, 60745, 49049, 1990, 55199, 33296, 81789, 57594, 40903]"
114073,"[10535, 91235, 24303, 92207, 14262, 1379, 71252, 17172, 104294, 63168]"
114074,"[44333, 75155, 22400, 3777, 83570, 23962, 66322, 93196, 34902, 65648]"
114075,"[12419, 2780, 99915, 12102, 88559, 102066, 41048, 4967, 41707, 27164]"
114076,"[83710, 22505, 87224, 103111, 51327, 50101, 12152, 45702, 90913, 55960]"
114077,"[64562, 27833, 45895, 78914, 4559, 72967, 40726, 5607, 32548, 62956]"
114078,"[15671, 16767, 69833, 91941, 53043, 67939, 97083, 17869, 43779, 19543]"
114079,"[49502, 21972, 2906, 99144, 75374, 55383, 82272, 32835, 58353, 16012]"
114080,"[41451, 39982, 82385, 9983, 105174, 84044, 77815, 100250, 81302, 25816]"
114081,"[80378, 6898, 89403, 5877, 103466, 4074, 7786, 39836, 66692, 107963]"
114082,"[11309, 84441, 86755, 40910, 109201, 71859, 91489, 100576, 25140, 71075]"
114083,"[83463, 81487, 90719, 269, 37230, 33485, 72040, 10338, 76275, 36628]"
114084,"[101833, 101469, 10765, 42662, 1594, 45226, 52833, 106644, 101391, 60124]"
114085,"[18754, 67586, 19320, 3275, 24515, 87358, 50888, 42716, 72568, 8046]"
114086,"[24048, 14725, 67388, 79490, 95779, 50028, 98584, 89162, 95548, 100783]"
114087,"[14229, 59935, 18270, 46301, 59269, 53596, 82863, 34864, 108760, 45651]"
114088,"[37450, 59723, 81073, 81977, 82926, 46426, 102215, 7311, 50584, 58846]"
114089,"[42248, 60803, 16466, 24623, 12389, 74025, 102926, 56006, 39866, 76832]"
114090,"[48086, 96610, 57237, 17139, 101173, 5980, 30955, 42395, 107061, 97239]"
114091,"[106113, 65815, 11688, 82371, 63635, 68454, 83751, 8619, 105629, 72104]"
114092,"[23185, 76339, 79733, 49525, 36491, 30148, 37015, 78522, 88441, 82895]"
114093,"[49863, 34963, 92367, 12208, 64570, 54077, 1694, 59590, 93361, 59442]"
114094,"[2752, 30812, 30584, 16534, 28926, 67790, 17477, 91207, 14386, 70988]"
114095,"[15395, 59830, 72724, 62961, 70219, 61022, 89095, 84120, 73651, 80093]"
114096,"[96899, 16163, 51742, 49273, 97384, 40148, 49424, 22600, 32286, 23923]"
114097,"[67662, 37129, 104712, 92564, 11622, 5430, 106274, 33690, 93292, 59763]"
114098,"[88909, 22158, 98256, 82804, 75281, 34678, 36180, 1850, 3940, 95694]"
114099,"[106945, 31290, 94419, 107939, 58552, 77252, 67877, 15094, 431, 105448]"
114100,"[47926, 6906, 33414, 69621, 47716, 61436, 49434, 35906, 4601, 55078]"
114101,"[88702, 22850, 52288, 66219, 6744, 68843, 2292, 93445, 57593, 97789]"
114102,"[89280, 80827, 3272, 23168, 24204, 106341, 27817, 83457, 35682, 105856]"
114103,"[8661, 26315, 25090, 72805, 8177, 12440, 38598, 26998, 87415, 90421]"
114104,"[52770, 39651, 28862, 107866, 99742, 29616, 13491, 16425, 82494, 46119]"
114105,"[107015, 47273, 7544, 65538, 66468, 26815, 29013, 43327, 28403, 67691]"
114106,"[94144, 713, 77433, 35039, 57683, 49295, 36068, 83417, 52047, 27602]"
114107,"[96660, 54805, 83891, 72291, 87448, 104141, 7384, 97492, 62297, 33900]"
114108,"[70246, 21068, 61967, 50267, 21007, 95398, 49976, 19458, 71958, 65720]"
114109,"[89602, 35532, 70487, 76830, 66027, 71922, 82459, 971, 46709, 19045]"
114110,"[64347, 41828, 15835, 84796, 20668, 103450, 26798, 32288, 16711, 37253]"
114111,"[67197, 55578, 28787, 38537, 91038, 78202, 61858, 45361, 32407, 91052]"
114112,"[101644, 85706, 55024, 61637, 45430, 21431, 53950, 34797, 71980, 58152]"
114113,"[17882, 81975, 70673, 13223, 19141, 58607, 100582, 8490, 104302, 35545]"
114114,"[81876, 81203, 57368, 91251, 79203, 3979, 58261, 65207, 106311, 22000]"
114115,"[39640, 67116, 106263, 28169, 51986, 87787, 102262, 61582, 38870, 76881]"
114116,"[17882, 89848, 9344, 81975, 30803, 70673, 64770, 78546, 7693, 27528]"
114117,"[99549, 24099, 31782, 87628, 12002, 86591, 41379, 44047, 55919, 19472]"
114118,"[62330, 80840, 29332, 49238, 14224, 28149, 91814, 19763, 49342, 4636]"
114119,"[74375, 2750, 81947, 79370, 3500, 37047, 67776, 105392, 107612, 18483]"
114120,"[6611, 1545, 23490, 109458, 77197, 108048, 31597, 80172, 81706, 12032]"
114121,"[75968, 108671, 11716, 105072, 42098, 32704, 86441, 68985, 85894, 64249]"
114122,"[41399, 84618, 6895, 81640, 93320, 34820, 95194, 4949, 1028, 54542]"
114123,"[37962, 67552, 37661, 44863, 88861, 2220, 91298, 30413, 22920, 101884]"
114124,"[11901, 102884, 17945, 25785, 59264, 55577, 47934, 90004, 64149, 61740]"
114125,"[28593, 84878, 73768, 17407, 82486, 99518, 74656, 29525, 54570, 64507]"
114126,"[98906, 15789, 92420, 83372, 66223, 26538, 7954, 35765, 11448, 5526]"
114127,"[24613, 103393, 106712, 41560, 36925, 49491, 38475, 8065, 40962, 41797]"
114128,"[77457, 10099, 52144, 328, 40104, 44767, 80247, 85170, 64256, 78037]"
114129,"[46092, 82595, 1665, 104418, 48862, 48454, 50225, 54935, 844, 61016]"
114130,"[17908, 66857, 87515, 33180, 77730, 96635, 48578, 84623, 48327, 97696]"
114131,"[96092, 72791, 8857, 61673, 23369, 63294, 98853, 104611, 47117, 93211]"
114132,"[52599, 59123, 14050, 103106, 80047, 52729, 100957, 19282, 68853, 20838]"
114133,"[94019, 55693, 34660, 88682, 14164, 9720, 34786, 65565, 47624, 46227]"
114134,"[65309, 53776, 4910, 96087, 86348, 65025, 45519, 74433, 80122, 37804]"
114135,"[73778, 71600, 101545, 28943, 103501, 54069, 33332, 43934, 16837, 69194]"
114136,"[97475, 13884, 11310, 57946, 99654, 102630, 65954, 85900, 27982, 47750]"
114137,"[36418, 80836, 56156, 81618, 20973, 94240, 24545, 26327, 51106, 86790]"
114138,"[14671, 4533, 59558, 8870, 109107, 33939, 85778, 97163, 14866, 35461]"
114139,"[91911, 41553, 89483, 53800, 24080, 94563, 60929, 77777, 86335, 87879]"
114140,"[89428, 88458, 84919, 6178, 93625, 777, 104289, 10545, 384, 83742]"
114141,"[51295, 58778, 4044, 15025, 32795, 103083, 30603, 29634, 28761, 13441]"
114142,"[46639, 15967, 24053, 67580, 45492, 81974, 11975, 13555, 105876, 1304]"
114143,"[36214, 79468, 73411, 9039, 65401, 36091, 44790, 16883, 93000, 3859]"
114144,"[11482, 6702, 24152, 4891, 61731, 81647, 79460, 31953, 75607, 31012]"
114145,"[50346, 56700, 55408, 95906, 18185, 279, 70639, 93167, 108440, 9752]"
114146,"[17587, 66737, 59804, 8328, 93363, 72899, 63263, 62657, 99599, 43972]"
114147,"[47880, 75192, 49464, 77036, 17689, 79181, 19284, 43931, 8598, 54457]"
114148,"[97624, 75413, 101680, 6525, 103014, 94781, 38185, 66624, 66248, 34092]"
114149,"[94803, 108965, 66941, 94509, 9503, 70091, 32914, 93992, 46182, 78922]"
114150,"[12799, 19460, 28741, 5835, 63533, 36307, 25204, 64492, 42203, 47018]"
114151,"[11436, 68363, 21543, 90061, 13543, 58456, 19592, 29869, 75577, 27839]"
114152,"[67821, 48147, 75911, 83182, 93128, 83175, 51257, 49362, 59788, 43723]"
114153,"[107116, 30600, 102421, 102328, 47815, 20239, 52279, 44907, 94770, 80963]"
114154,"[12315, 12679, 61944, 97370, 29476, 68493, 81986, 10484, 53669, 3808]"
114155,"[59703, 51909, 97936, 40713, 54321, 11494, 62322, 109662, 28936, 42355]"
114156,"[89242, 85902, 45056, 95632, 83436, 31429, 23136, 69636, 55685, 103865]"
114157,"[45665, 92949, 8249, 4013, 56204, 43297, 20573, 2717, 94129, 94410]"
114158,"[107203, 16215, 7974, 82721, 2391, 78990, 43201, 34282, 76070, 58991]"
114159,"[99866, 2935, 82220, 56460, 98040, 6690, 97994, 104546, 108672, 39365]"
114160,"[5271, 60816, 78725, 46638, 103670, 7260, 16746, 55251, 102930, 65468]"
114161,"[92087, 95303, 45538, 78080, 77757, 48121, 94946, 103575, 56717, 40521]"
114162,"[65371, 65475, 40933, 90423, 49039, 58194, 70805, 94962, 69399, 73932]"
114163,"[90759, 86351, 78776, 94047, 32634, 98532, 100298, 100423, 42600, 48546]"
114164,"[41412, 52530, 21712, 36652, 3890, 66171, 43964, 45283, 52952, 20416]"
114165,"[101027, 51865, 95621, 66723, 82316, 82189, 2883, 70611, 73716, 28514]"
114166,"[94231, 87829, 83276, 40272, 37982, 87659, 13094, 56119, 51889, 42438]"
114167,"[76061, 82290, 64440, 5219, 67565, 7535, 100715, 48311, 84929, 27742]"
114168,"[105095, 29858, 72488, 53351, 76932, 42597, 70462, 75207, 60605, 84573]"
114169,"[67295, 91474, 108349, 54364, 75156, 5753, 30684, 4749, 139, 72267]"
114170,"[97571, 63357, 30164, 100257, 42636, 98328, 85265, 48437, 108319, 16085]"
114171,"[3307, 23114, 95485, 40563, 47057, 87673, 18420, 21856, 46321, 72342]"
114172,"[89768, 71932, 60142, 82232, 67051, 96723, 40111, 43339, 8337, 39050]"
114173,"[39362, 24116, 55641, 16730, 50612, 70002, 27600, 9288, 103510, 78216]"
114174,"[88130, 45851, 39459, 20817, 50682, 58785, 57810, 106237, 90866, 34495]"
114175,"[772, 12171, 89974, 47093, 40198, 83036, 14436, 38214, 4610, 48302]"
114176,"[7950, 28375, 35094, 2645, 81553, 102920, 101970, 93135, 73391, 63453]"
114177,"[60497, 78682, 21594, 2615, 46604, 9580, 12844, 8885, 69642, 105020]"
114178,"[70862, 44536, 80023, 8974, 107766, 12366, 73269, 55619, 105793, 65594]"
114179,"[68515, 85164, 29300, 54375, 105073, 58252, 9839, 79966, 60869, 30258]"
114180,"[14092, 66656, 19954, 18536, 52691, 35309, 3702, 72483, 102100, 107267]"
114181,"[6838, 19196, 14620, 60628, 72957, 108824, 32040, 32705, 24317, 87328]"
114182,"[5518, 282, 38250, 11793, 81128, 69209, 106957, 8649, 67848, 102302]"
114183,"[101467, 37507, 56883, 96217, 50854, 36932, 2279, 11121, 25316, 103916]"
114184,"[83630, 59580, 72165, 55849, 81801, 13251, 104790, 24987, 14491, 89337]"
114185,"[22487, 56324, 88137, 78403, 96707, 66291, 46281, 36567, 41003, 6947]"
114186,"[43642, 18122, 65686, 64252, 67032, 44283, 28810, 63225, 62883, 2910]"
114187,"[91034, 86456, 27598, 87293, 49664, 3064, 100415, 6709, 66163, 101957]"
114188,"[85667, 101591, 25138, 86902, 79574, 14397, 38399, 23070, 12081, 55306]"
114189,"[82683, 52112, 76441, 3513, 33759, 17928, 58888, 13629, 96033, 88199]"
114190,"[74850, 71790, 14001, 60487, 108775, 60359, 26823, 41310, 68179, 54343]"
114191,"[95281, 15967, 75069, 23575, 27797, 24053, 44372, 46639, 28991, 76106]"
114192,"[104689, 13976, 66161, 13964, 7982, 19177, 62621, 104925, 105058, 7708]"
114193,"[77334, 71408, 71829, 76632, 92823, 80206, 93252, 35110, 77173, 108883]"
114194,"[51196, 63881, 51073, 70417, 15531, 48860, 84780, 82039, 41921, 14517]"
114195,"[5522, 98369, 28372, 6641, 17073, 59488, 42246, 15402, 101548, 13861]"
114196,"[107361, 30576, 27439, 59346, 4025, 99082, 95269, 96943, 4514, 11783]"
114197,"[107612, 12546, 98367, 2750, 67373, 56347, 92054, 64596, 76319, 2791]"
114198,"[60258, 54081, 105256, 44717, 69495, 296, 105361, 65, 75803, 22533]"
114199,"[83098, 26481, 44002, 103536, 55463, 91143, 99993, 65645, 48522, 35787]"
114200,"[1068, 60693, 97455, 35966, 14323, 49553, 57351, 72467, 26566, 22668]"
114201,"[66422, 45530, 38864, 52212, 96658, 52232, 82707, 67879, 17272, 64111]"
114202,"[54345, 12510, 48826, 88459, 98866, 89572, 104057, 20819, 11506, 58217]"
114203,"[104636, 93973, 107571, 18346, 22313, 106704, 91625, 84789, 100747, 51304]"
114204,"[109191, 93381, 88896, 42493, 61298, 11249, 72092, 29263, 349, 24586]"
114205,"[49344, 80693, 104150, 61786, 37155, 9819, 33421, 71930, 74217, 46637]"
114206,"[96347, 22208, 15985, 54162, 47136, 55993, 8260, 34022, 42481, 11638]"
114207,"[77103, 13837, 24612, 28560, 5612, 77109, 75124, 107218, 14854, 106813]"
114208,"[100148, 70627, 96533, 93259, 36222, 103732, 20345, 76853, 42672, 4367]"
114209,"[15316, 52606, 66889, 85802, 73485, 104294, 24907, 87123, 62881, 22387]"
114210,"[46713, 32199, 5947, 52006, 17116, 25365, 57428, 7964, 57741, 33709]"
114211,"[95992, 22694, 47976, 25499, 89343, 82358, 74702, 89099, 39102, 39826]"
114212,"[89713, 106117, 71782, 5054, 78427, 71110, 47574, 106918, 32607, 98042]"
114213,"[82250, 78265, 35622, 38245, 96926, 43099, 40639, 33317, 19958, 106499]"
114214,"[22035, 39057, 78508, 60133, 68121, 60118, 14201, 42531, 84400, 56218]"
114215,"[1436, 94663, 31070, 68884, 5474, 70687, 104058, 54812, 27996, 97503]"
114216,"[32722, 60062, 67122, 74209, 77648, 20854, 25586, 36287, 34670, 86833]"
114217,"[107680, 53997, 19467, 106181, 96060, 55998, 38094, 66257, 3244, 65528]"
114218,"[106786, 49190, 44652, 103958, 18669, 17053, 84234, 43489, 8395, 53443]"
114219,"[94432, 80350, 19061, 53269, 16916, 20678, 108270, 14091, 60201, 23322]"
114220,"[53807, 41237, 74737, 76373, 54538, 104110, 41892, 94937, 43745, 102924]"
114221,"[93827, 22945, 72409, 26042, 102148, 4003, 19310, 108969, 95375, 6595]"
114222,"[63166, 69003, 68764, 28382, 2220, 60408, 5416, 103810, 41749, 52291]"
114223,"[69553, 101936, 104753, 37855, 96096, 2487, 41805, 80601, 76178, 35065]"
114224,"[6789, 32199, 4658, 31862, 54911, 20999, 13225, 39145, 46153, 18187]"
114225,"[58449, 71998, 38104, 33808, 79987, 61029, 84218, 71421, 103477, 70665]"
114226,"[29198, 9418, 10072, 1373, 80618, 52048, 62461, 48489, 13652, 35073]"
114227,"[10457, 45281, 17334, 93802, 58072, 28007, 45548, 6826, 8505, 105979]"
114228,"[18374, 79240, 76171, 104253, 72392, 35397, 28425, 15907, 82221, 66978]"
114229,"[38398, 44590, 99406, 49102, 91345, 15452, 68572, 3296, 20701, 57013]"
114230,"[78814, 61850, 23783, 108982, 44511, 53161, 17194, 12190, 85115, 2817]"
114231,"[27769, 87534, 3444, 13668, 18405, 33962, 6486, 69896, 61892, 39135]"
114232,"[20585, 22561, 79005, 13294, 20941, 47558, 47956, 9508, 74609, 11206]"
114233,"[51221, 108912, 15408, 66301, 66418, 29490, 34602, 55562, 921, 18352]"
114234,"[61159, 79032, 17335, 71069, 2691, 20177, 57649, 49343, 9419, 97870]"
114235,"[71880, 20514, 100018, 96715, 88748, 6060, 7188, 25638, 48882, 11282]"
114236,"[68810, 67234, 97383, 39282, 44718, 25703, 102232, 20710, 10131, 15355]"
114237,"[85939, 31494, 96558, 87885, 30237, 75837, 1275, 13070, 7090, 97382]"
114238,"[38562, 104912, 64007, 21041, 86633, 86871, 7055, 68527, 45497, 21837]"
114239,"[40587, 47354, 105681, 30707, 35871, 66363, 83034, 62768, 59832, 82635]"
114240,"[17086, 32000, 82460, 4988, 5598, 106293, 53141, 100001, 61677, 74778]"
114241,"[17885, 105575, 66285, 83158, 17606, 98249, 36100, 27865, 55263, 64845]"
114242,"[788, 108825, 20249, 38606, 84139, 33447, 76195, 3603, 105624, 21401]"
114243,"[43046, 105900, 68320, 26715, 97258, 62267, 99243, 41447, 80316, 14557]"
114244,"[109219, 15380, 12712, 66277, 107159, 44127, 41830, 31246, 27625, 62205]"
114245,"[65046, 98519, 23766, 48913, 61848, 28500, 17402, 29239, 50232, 87585]"
114246,"[44750, 5747, 27314, 84173, 85435, 17771, 1861, 16144, 94231, 1506]"
114247,"[37369, 1123, 70216, 33106, 5009, 40192, 1785, 106134, 80577, 73931]"
114248,"[81610, 91384, 38936, 35896, 22606, 78697, 65327, 44282, 36673, 73443]"
114249,"[57545, 68975, 96552, 50240, 73828, 107989, 66622, 44323, 27245, 55972]"
114250,"[38241, 73426, 57656, 10088, 38422, 38002, 29325, 34892, 7963, 93338]"
114251,"[33064, 72514, 25452, 14580, 73632, 86361, 38564, 12281, 40474, 67405]"
114252,"[78526, 38230, 81924, 45611, 87519, 43118, 75519, 96668, 75478, 96964]"
114253,"[61273, 18021, 61712, 72117, 88100, 105470, 30828, 80599, 71429, 51892]"
114254,"[91330, 27180, 22042, 99784, 99554, 53703, 93553, 105289, 43916, 8120]"
114255,"[106477, 53676, 20083, 33201, 98360, 92095, 64612, 23423, 64203, 77891]"
114256,"[72589, 55117, 18206, 13048, 49686, 76752, 92000, 82787, 50397, 61368]"
114257,"[92175, 3083, 106559, 79589, 81889, 103729, 50275, 48501, 107935, 89903]"
114258,"[82941, 96686, 30635, 36992, 21432, 50107, 90428, 82, 81589, 90077]"
114259,"[72232, 42145, 31285, 14240, 25769, 87162, 95904, 20853, 208, 39484]"
114260,"[19177, 38894, 103364, 22647, 96794, 66161, 3776, 16983, 7708, 77421]"
114261,"[61605, 59002, 6338, 94151, 94652, 42232, 78725, 102443, 82633, 47600]"
114262,"[56986, 78650, 90079, 5578, 19523, 22950, 37267, 7342, 80057, 86338]"
114263,"[33923, 96345, 88339, 95916, 60878, 21095, 7131, 46185, 75750, 48686]"
114264,"[39638, 64653, 81481, 93696, 73442, 15192, 92613, 11417, 60867, 40443]"
114265,"[44527, 78075, 38318, 24990, 109100, 32916, 2174, 9469, 84998, 39801]"
114266,"[99447, 64397, 18998, 10307, 17577, 60980, 45007, 4432, 1967, 83087]"
114267,"[14565, 4404, 12098, 41413, 1218, 61666, 33399, 52629, 67818, 24658]"
114268,"[42873, 39661, 24866, 9201, 21149, 46452, 35899, 105568, 88726, 103463]"
114269,"[51889, 87829, 83276, 99303, 24056, 84173, 14365, 16144, 56119, 27847]"
114270,"[78222, 99353, 66278, 20598, 59896, 71111, 7239, 81923, 73506, 83837]"
114271,"[16009, 73444, 105966, 40648, 38416, 79371, 70564, 94686, 47368, 83149]"
114272,"[3036, 106726, 27352, 80767, 47508, 6544, 18424, 70525, 8915, 74236]"
114273,"[58302, 10831, 71843, 68263, 23562, 50965, 56763, 85988, 10964, 29751]"
114274,"[71905, 93294, 11568, 78368, 60774, 55288, 87597, 104412, 40624, 71361]"
114275,"[84514, 101421, 16505, 47112, 16070, 17423, 63065, 81728, 98458, 6684]"
114276,"[83929, 63534, 41354, 74531, 22678, 44473, 29926, 46469, 79923, 108988]"
114277,"[21686, 69596, 100823, 13244, 71131, 105626, 30015, 2619, 2416, 80280]"
114278,"[60481, 1452, 67809, 12521, 31721, 93202, 49483, 38909, 82247, 41784]"
114279,"[79528, 68056, 59555, 54979, 52095, 40151, 48371, 7015, 51381, 105482]"
114280,"[92071, 11261, 94360, 29490, 72830, 32136, 55126, 18831, 49878, 98778]"
114281,"[87953, 28496, 81124, 46113, 33874, 49077, 19759, 42713, 95252, 107327]"
114282,"[21105, 95932, 61812, 65481, 48022, 11176, 98414, 37158, 6107, 58836]"
114283,"[840, 91701, 42730, 109319, 93710, 77190, 54238, 59164, 96069, 77591]"
114284,"[86884, 25780, 90106, 69957, 2938, 97504, 91674, 106541, 82158, 32776]"
114285,"[8739, 6053, 101919, 26419, 5872, 41622, 44044, 17309, 95319, 82802]"
114286,"[67600, 89304, 16812, 6307, 24227, 60942, 36049, 97601, 90506, 19970]"
114287,"[104449, 79713, 54070, 23669, 423, 76601, 8813, 43914, 43317, 22485]"
114288,"[79102, 52544, 109041, 18616, 107575, 32772, 29541, 93326, 33942, 85768]"
114289,"[93378, 93379, 43221, 57817, 56655, 54438, 88327, 93561, 73411, 65751]"
114290,"[5333, 78123, 34772, 76055, 64548, 81104, 65087, 29941, 58410, 50140]"
114291,"[63008, 99503, 4204, 102699, 97424, 48408, 22602, 92174, 41034, 41925]"
114292,"[105664, 79000, 30492, 96209, 21953, 67081, 98506, 42182, 27964, 11795]"
114293,"[56871, 97682, 102428, 77641, 2514, 6091, 99737, 74473, 102042, 97690]"
114294,"[60565, 91416, 12421, 43214, 109632, 62995, 109358, 2588, 82391, 14905]"
114295,"[12083, 67524, 84597, 47108, 105369, 62164, 97949, 86622, 15622, 15669]"
114296,"[58865, 36503, 17761, 103419, 17216, 89732, 33500, 42200, 74673, 19173]"
114297,"[101281, 55867, 71020, 5900, 90923, 61848, 101863, 42431, 98385, 26668]"
114298,"[13703, 67336, 85421, 49620, 24317, 3111, 102586, 47338, 53546, 41105]"
114299,"[113, 105216, 89520, 25752, 27818, 90363, 66738, 55727, 61550, 48513]"
114300,"[81540, 31950, 66659, 91661, 44096, 40279, 36066, 89440, 16270, 71264]"
114301,"[33747, 65204, 15243, 35590, 36131, 8949, 42577, 65635, 50500, 15363]"
114302,"[81561, 37377, 107713, 84245, 53973, 18920, 78158, 50446, 53390, 10058]"
114303,"[67423, 74295, 104207, 106634, 60827, 64867, 12795, 80565, 89272, 37245]"
114304,"[56590, 66503, 18609, 84675, 43583, 98615, 33572, 48245, 45641, 16125]"
114305,"[25136, 87758, 39441, 13462, 90744, 45276, 63715, 75693, 79965, 70329]"
114306,"[35910, 33986, 8502, 14989, 56803, 9042, 29654, 18955, 35024, 15356]"
114307,"[9569, 69240, 396, 74775, 42802, 102961, 26027, 99294, 82276, 84537]"
114308,"[96950, 57610, 67037, 88705, 6497, 17605, 7932, 94830, 78532, 62280]"
114309,"[4656, 92891, 32143, 32878, 10945, 42690, 5060, 86069, 55137, 4098]"
114310,"[5036, 66992, 86490, 101788, 105405, 76574, 3422, 60282, 34159, 18837]"
114311,"[68991, 71696, 39100, 13721, 37011, 108451, 89171, 57536, 87814, 75179]"
114312,"[16167, 88984, 35366, 34315, 34446, 16577, 2024, 8811, 95366, 70242]"
114313,"[57071, 73618, 87451, 64467, 43522, 80092, 66101, 88106, 98765, 35640]"
114314,"[87472, 65338, 12262, 57265, 7916, 87382, 8304, 74472, 98848, 39199]"
114315,"[32504, 8892, 66713, 95965, 106483, 68213, 79142, 82247, 67809, 41755]"
114316,"[86658, 65442, 42741, 22027, 27207, 103390, 79523, 107001, 4853, 28825]"
114317,"[52891, 57087, 35234, 45955, 19575, 63412, 38262, 53582, 96842, 41568]"
114318,"[108520, 105192, 50568, 23073, 23277, 29874, 94192, 85790, 57788, 38905]"
114319,"[17473, 107819, 55853, 62053, 85197, 88272, 13346, 13759, 75020, 75445]"
114320,"[85782, 100082, 54197, 28434, 24952, 39911, 91906, 8808, 69647, 23491]"
114321,"[107000, 95133, 18804, 47181, 35217, 76311, 36497, 26221, 18015, 96136]"
114322,"[18674, 72890, 37307, 91615, 58207, 0, 95775, 35084, 53493, 9419]"
114323,"[47627, 109247, 64749, 98633, 61587, 11825, 103786, 63744, 6268, 44350]"
114324,"[78265, 82250, 19958, 67083, 12141, 40639, 40125, 5637, 37592, 43744]"
114325,"[87208, 14967, 29374, 65337, 75772, 103317, 7416, 28576, 34025, 26623]"
114326,"[107827, 89346, 105385, 97728, 87920, 9717, 10413, 26135, 15691, 17359]"
114327,"[64128, 21201, 44082, 21591, 80616, 65608, 85064, 99019, 59906, 7709]"
114328,"[61166, 66540, 106013, 77732, 2502, 41925, 38607, 52674, 94483, 2959]"
114329,"[59016, 67983, 15082, 79129, 7602, 32593, 61902, 41340, 39822, 81994]"
114330,"[57336, 60809, 88941, 43731, 38124, 108000, 108295, 108028, 81230, 65695]"
114331,"[79301, 21066, 81398, 73554, 51139, 70861, 66833, 103253, 38091, 72310]"
114332,"[52947, 109728, 95424, 14254, 73880, 101706, 34900, 16045, 9722, 65270]"
114333,"[86215, 55973, 15674, 29701, 77251, 91931, 79901, 750, 107925, 70488]"
114334,"[49353, 57216, 7549, 104684, 55842, 34311, 5826, 51116, 62887, 47964]"
114335,"[61723, 2745, 53186, 2013, 36360, 99956, 97014, 100986, 93463, 47113]"
114336,"[106959, 36100, 107129, 103913, 17885, 37639, 62643, 10339, 123, 64845]"
114337,"[97044, 46975, 40102, 22522, 43039, 109680, 91929, 19277, 61294, 26011]"
114338,"[30010, 55800, 10002, 11954, 107990, 65983, 90105, 27136, 94814, 14285]"
114339,"[97575, 1185, 103233, 109526, 102560, 73805, 2573, 50970, 102542, 79226]"
114340,"[80281, 17834, 80677, 97712, 64579, 16979, 95625, 101419, 97979, 85511]"
114341,"[9703, 29785, 21510, 80950, 92840, 35941, 48983, 38052, 48380, 93704]"
114342,"[1137, 16469, 84902, 59653, 18731, 9879, 73870, 65968, 43656, 29391]"
114343,"[60585, 15906, 56152, 98797, 27937, 47148, 90355, 28703, 91912, 46061]"
114344,"[57860, 89353, 102089, 59763, 90424, 3270, 108058, 93294, 67662, 72439]"
114345,"[28214, 14668, 40873, 94077, 45943, 56883, 61975, 93702, 44996, 11121]"
114346,"[17237, 45713, 53529, 53171, 34944, 42458, 77587, 30804, 46598, 3825]"
114347,"[25952, 99036, 47705, 12348, 31000, 93531, 80852, 67881, 91592, 100990]"
114348,"[22202, 89979, 107550, 24561, 93830, 30829, 105824, 583, 103213, 75670]"
114349,"[54143, 41117, 71778, 56962, 99754, 52664, 106745, 39466, 24055, 41642]"
114350,"[56685, 93651, 46855, 66438, 13419, 54837, 34985, 5427, 90692, 97981]"
114351,"[71030, 81234, 4977, 94448, 92386, 13188, 22975, 52124, 43568, 54199]"
114352,"[8145, 95458, 90184, 52160, 32068, 83173, 51443, 9089, 17930, 43809]"
114353,"[37487, 513, 37659, 15653, 336, 58406, 90287, 52681, 85241, 45665]"
114354,"[35600, 90160, 107125, 54651, 36182, 45886, 30469, 39411, 47496, 18108]"
114355,"[3532, 18549, 17664, 68238, 45533, 63778, 14683, 58600, 92190, 42576]"
114356,"[20557, 102121, 102066, 11907, 24246, 76783, 12023, 59501, 58795, 69014]"
114357,"[39747, 88388, 90364, 61794, 26558, 19094, 49708, 55365, 30605, 8986]"
114358,"[105709, 61927, 6827, 91119, 64289, 48892, 21819, 26720, 11919, 98672]"
114359,"[94575, 99650, 55976, 23809, 5232, 74987, 29824, 50973, 28701, 66759]"
114360,"[63462, 30959, 60992, 103648, 13675, 82339, 50260, 49531, 80623, 64570]"
114361,"[38309, 91918, 48978, 61206, 15353, 55927, 28253, 13205, 20725, 6746]"
114362,"[72518, 7197, 54279, 21063, 27420, 92157, 16484, 32672, 69435, 4993]"
114363,"[38882, 32524, 89445, 36951, 33029, 29922, 34069, 71743, 26099, 13728]"
114364,"[74608, 27328, 90807, 19949, 34842, 88118, 18745, 67127, 17718, 99441]"
114365,"[2387, 15542, 31661, 93615, 64021, 92109, 97267, 100651, 27877, 35739]"
114366,"[50803, 25140, 40910, 71075, 75635, 91489, 11309, 65894, 2241, 21873]"
114367,"[92686, 19102, 15169, 22498, 30197, 1596, 93893, 89451, 60103, 91063]"
114368,"[85270, 79653, 37942, 72766, 30911, 49071, 9230, 61200, 20258, 55214]"
114369,"[12629, 46819, 14605, 57538, 22068, 54117, 106020, 48328, 109276, 16040]"
114370,"[90833, 44076, 28779, 1494, 101866, 30228, 30093, 90112, 81926, 86026]"
114371,"[46843, 97599, 71160, 100646, 50536, 33251, 5546, 43904, 53107, 23004]"
114372,"[56817, 82483, 65803, 4891, 108727, 9495, 28232, 77446, 4373, 60712]"
114373,"[38093, 31789, 36102, 100564, 103181, 13941, 12560, 32392, 33270, 21271]"
114374,"[95380, 41101, 96125, 89896, 15548, 102549, 9920, 24404, 99696, 67622]"
114375,"[78453, 55913, 69234, 49928, 105513, 98178, 2729, 75872, 20211, 40734]"
114376,"[95016, 46616, 70012, 97531, 53761, 30685, 7326, 101465, 15769, 85062]"
114377,"[44702, 6844, 10576, 41636, 27986, 14618, 13105, 3393, 106919, 65848]"
114378,"[67548, 54435, 88600, 51147, 89836, 78844, 49029, 81312, 91055, 27329]"
114379,"[38180, 44217, 79847, 47829, 4446, 105986, 66995, 31867, 24075, 19303]"
114380,"[69366, 81854, 34430, 25878, 53510, 84011, 98618, 19705, 37125, 18396]"
114381,"[31853, 32151, 87892, 77144, 52434, 7692, 59385, 44952, 30054, 221]"
114382,"[23173, 49910, 29209, 76248, 54551, 54553, 101882, 10332, 72913, 59889]"
114383,"[61232, 88874, 105328, 3842, 58472, 7140, 55704, 62032, 7853, 103060]"
114384,"[101131, 97502, 95645, 43527, 68814, 67859, 50839, 28610, 25255, 98012]"
114385,"[2916, 97176, 105026, 41926, 60115, 62282, 29960, 10985, 85956, 88927]"
114386,"[10398, 51132, 50213, 37980, 25984, 54980, 20000, 53734, 50608, 79961]"
114387,"[41411, 48266, 104344, 97396, 5156, 90683, 74877, 105182, 79360, 42400]"
114388,"[84323, 21226, 37254, 42150, 80655, 58341, 59569, 7774, 36178, 68331]"
114389,"[106950, 8113, 56759, 69274, 106518, 32563, 47920, 86795, 9242, 79450]"
114390,"[77409, 48102, 36055, 76655, 95231, 46609, 94153, 88912, 96369, 38359]"
114391,"[6624, 45994, 96233, 30283, 86614, 89102, 34328, 27286, 98217, 53726]"
114392,"[4904, 108358, 78297, 5074, 69928, 5036, 44609, 90950, 94470, 36813]"
114393,"[10596, 58375, 7121, 38428, 53152, 95368, 65567, 64548, 55394, 47863]"
114394,"[80711, 83968, 65214, 21135, 40352, 31568, 5045, 57616, 27732, 20428]"
114395,"[25411, 85323, 73306, 83501, 67043, 42131, 70484, 94310, 88159, 30720]"
114396,"[66389, 41900, 102139, 54715, 25929, 89997, 25522, 10639, 7204, 37112]"
114397,"[37004, 40836, 49908, 87639, 107243, 31612, 87374, 27614, 66236, 56726]"
114398,"[44430, 54671, 82756, 53557, 26582, 22995, 38786, 50668, 78814, 56205]"
114399,"[33266, 69831, 103640, 35533, 3401, 64026, 56563, 68007, 81198, 11646]"
114400,"[103952, 107596, 83461, 100562, 38475, 106712, 54350, 49491, 103393, 24613]"
114401,"[80856, 25615, 66830, 61246, 90767, 102311, 55879, 38268, 33460, 76694]"
114402,"[270, 12230, 75439, 27704, 18377, 54066, 85539, 94073, 42131, 103939]"
114403,"[12358, 99726, 11371, 85637, 105525, 55604, 45221, 109724, 23861, 26734]"
114404,"[103294, 34118, 56828, 16196, 34741, 94393, 109089, 28276, 16542, 36277]"
114405,"[9835, 4240, 85142, 104980, 39682, 93429, 49921, 57539, 3519, 17251]"
114406,"[105157, 5566, 42034, 30103, 107038, 66963, 86863, 88035, 68360, 20572]"
114407,"[93595, 31573, 28696, 59071, 3249, 102194, 85663, 100031, 103635, 81475]"
114408,"[97854, 98142, 80999, 83889, 16200, 84110, 54684, 82987, 65170, 80685]"
114409,"[91127, 52185, 46260, 57754, 61049, 49730, 22621, 93713, 38921, 63907]"
114410,"[80647, 29038, 21467, 85467, 96543, 99905, 1925, 67918, 47609, 29462]"
114411,"[99798, 43909, 79788, 92416, 57063, 59429, 61496, 68504, 88180, 21915]"
114412,"[16935, 26103, 57645, 46413, 78253, 39740, 6101, 96799, 78970, 72088]"
114413,"[69409, 24228, 31109, 55747, 10101, 54935, 844, 31091, 55753, 42610]"
114414,"[21477, 89266, 31479, 22590, 51997, 21027, 57317, 75332, 95634, 61192]"
114415,"[22274, 2955, 44409, 43498, 64023, 18157, 51982, 51365, 93661, 38738]"
114416,"[109111, 53392, 81394, 51363, 66095, 58884, 4679, 18824, 90550, 85955]"
114417,"[87953, 95252, 7957, 42713, 48598, 81124, 56369, 52169, 33874, 28496]"
114418,"[57159, 106234, 78027, 92925, 60176, 29243, 98940, 104638, 81884, 85491]"
114419,"[10609, 62599, 559, 29499, 21073, 33537, 41236, 107578, 9189, 39411]"
114420,"[11601, 5786, 315, 9285, 56964, 102370, 103584, 54993, 80020, 64186]"
114421,"[26287, 54507, 8076, 58833, 5871, 835, 76551, 75682, 96959, 70487]"
114422,"[101704, 2327, 53043, 11177, 43779, 46427, 73929, 79704, 67807, 16767]"
114423,"[72955, 22534, 3475, 16936, 108008, 69778, 85970, 97548, 13681, 32669]"
114424,"[94573, 77333, 26478, 76248, 54551, 80968, 34727, 108960, 49910, 42035]"
114425,"[93118, 11436, 104451, 75371, 85704, 182, 15326, 58574, 80669, 59361]"
114426,"[40157, 73978, 24500, 104382, 203, 106889, 37344, 58810, 69538, 58147]"
114427,"[73732, 75036, 5930, 15990, 51461, 102474, 66850, 79137, 23564, 23055]"
114428,"[61403, 78881, 59126, 10270, 67915, 15089, 34373, 79077, 106884, 65070]"
114429,"[68545, 58930, 56697, 56605, 52465, 91944, 101804, 83259, 41336, 10487]"
114430,"[66194, 34913, 106394, 51694, 26329, 4164, 12771, 104281, 102969, 31646]"
114431,"[97854, 80999, 83889, 84110, 82987, 5426, 98142, 108241, 80685, 16200]"
114432,"[3347, 87319, 56340, 52689, 67191, 103307, 77715, 96858, 22184, 2537]"
114433,"[80091, 90828, 22655, 71725, 14230, 105207, 88656, 32797, 62489, 35194]"
114434,"[25503, 32175, 89067, 20816, 42794, 16645, 285, 47356, 29315, 68086]"
114435,"[50313, 38900, 62493, 94847, 44667, 23023, 17542, 48695, 7099, 108697]"
114436,"[71256, 83377, 96079, 96326, 89693, 12507, 58061, 7472, 19926, 7951]"
114437,"[77836, 79973, 84904, 3824, 51298, 11250, 85001, 96785, 14526, 13276]"
114438,"[33436, 54657, 69249, 26564, 47542, 10965, 54620, 26455, 76872, 98577]"
114439,"[91706, 91924, 43317, 59273, 79119, 91367, 80423, 24996, 11736, 33889]"
114440,"[26418, 37257, 81501, 14688, 43902, 35185, 108290, 53975, 72960, 49298]"
114441,"[87361, 103903, 42919, 102703, 87718, 105699, 93247, 44145, 75569, 63098]"
114442,"[92035, 3871, 109759, 69006, 10137, 6098, 87114, 4578, 70125, 1609]"
114443,"[87865, 88306, 33667, 76055, 34553, 39884, 47256, 7297, 60876, 102060]"
114444,"[100249, 101041, 67327, 40083, 60446, 104507, 81121, 5076, 81366, 17096]"
114445,"[880, 97873, 28298, 73964, 6859, 9207, 31911, 23713, 105619, 45155]"
114446,"[43056, 56385, 93788, 92283, 24228, 53887, 33972, 56321, 85025, 10101]"
114447,"[32587, 50728, 40732, 78747, 70945, 13130, 62960, 85052, 81981, 55804]"
114448,"[122, 100875, 86659, 30890, 80419, 39265, 32770, 15646, 91590, 76458]"
114449,"[14826, 84970, 49040, 36902, 63229, 63414, 13239, 83007, 50637, 55569]"
114450,"[351, 38634, 34054, 93821, 42573, 16650, 56831, 14486, 9932, 29621]"
114451,"[82150, 47732, 107472, 48685, 52816, 90450, 11606, 29706, 45482, 92468]"
114452,"[56201, 43491, 67752, 28708, 20078, 48431, 55857, 90553, 105976, 88342]"
114453,"[48487, 61836, 10517, 52375, 83042, 12475, 88173, 107941, 98186, 29463]"
114454,"[33666, 78261, 44530, 45598, 69663, 35352, 102382, 75884, 50506, 60124]"
114455,"[55472, 42988, 59217, 69770, 50340, 77191, 44320, 71691, 55180, 14866]"
114456,"[90946, 27758, 67977, 5336, 86957, 7545, 32473, 2015, 54349, 61891]"
114457,"[84298, 2735, 73345, 64569, 46811, 82010, 68509, 43538, 48996, 85440]"
114458,"[13625, 81265, 85111, 64604, 54921, 6860, 62229, 87025, 10810, 4587]"
114459,"[44734, 66843, 11825, 81642, 1236, 46093, 92422, 44491, 23293, 36231]"
114460,"[43130, 51187, 69773, 2196, 77906, 61662, 91249, 87995, 95168, 56595]"
114461,"[74912, 99199, 65080, 17134, 72052, 99024, 68285, 14494, 24991, 29405]"
114462,"[46607, 5616, 98028, 31520, 26657, 89032, 85992, 92352, 105592, 107921]"
114463,"[71945, 39779, 39463, 97709, 3382, 35413, 242, 11800, 98718, 79293]"
114464,"[102180, 35604, 11233, 89381, 12094, 9507, 34794, 28555, 2438, 5110]"
114465,"[6358, 10006, 21585, 53352, 77230, 68784, 74271, 88445, 17304, 24733]"
114466,"[64499, 70531, 10425, 107072, 4588, 77663, 93697, 88250, 101119, 13668]"
114467,"[42958, 60384, 76490, 105100, 40495, 84692, 102450, 96398, 35006, 88413]"
114468,"[75215, 3445, 8808, 75714, 97348, 101813, 105421, 28434, 101458, 23686]"
114469,"[88533, 13095, 37474, 64771, 6399, 44848, 88626, 31044, 86815, 61762]"
114470,"[47115, 29305, 56268, 3708, 89208, 34214, 59523, 27638, 66800, 37536]"
114471,"[46312, 78601, 30627, 4053, 67985, 90931, 39633, 50534, 107455, 35354]"
114472,"[73204, 50282, 69473, 89359, 71443, 45192, 39520, 31096, 41193, 17667]"
114473,"[96112, 11329, 86589, 38555, 103584, 41217, 86923, 56964, 33779, 70970]"
114474,"[74442, 27429, 80142, 14861, 51689, 13286, 75990, 66745, 6893, 48504]"
114475,"[92924, 42554, 28929, 23679, 52751, 56608, 23382, 98063, 58270, 56837]"
114476,"[88947, 5949, 14540, 50579, 36648, 79149, 50016, 40546, 85419, 87074]"
114477,"[508, 49797, 24585, 878, 86529, 24983, 10082, 79087, 107929, 104735]"
114478,"[81576, 95073, 47329, 1904, 71088, 81799, 80615, 66689, 88501, 41560]"
114479,"[166, 106004, 60770, 89661, 17791, 35760, 34143, 71243, 80426, 1993]"
114480,"[108244, 45223, 2729, 50003, 22594, 69234, 78453, 49928, 6493, 85746]"
114481,"[32377, 51721, 75937, 6903, 109596, 63212, 4619, 1534, 74164, 21121]"
114482,"[96096, 41805, 76178, 48683, 24769, 99484, 66877, 64972, 51104, 60019]"
114483,"[104127, 28202, 29846, 49353, 40013, 32639, 61366, 48659, 64598, 9260]"
114484,"[88355, 69998, 15898, 43500, 4772, 62534, 23003, 71411, 31630, 61209]"
114485,"[47005, 74252, 78201, 66147, 17150, 49570, 8983, 81124, 20322, 90148]"
114486,"[72011, 15630, 6228, 18243, 52990, 73820, 30274, 88401, 59190, 40069]"
114487,"[31447, 11287, 71505, 19870, 95270, 74131, 94239, 75611, 92400, 40344]"
114488,"[52315, 941, 557, 86025, 38308, 39778, 62063, 61658, 7167, 82435]"
114489,"[17729, 957, 52246, 25493, 105820, 54693, 76151, 59439, 21119, 19558]"
114490,"[79494, 13099, 615, 23608, 100624, 36159, 44880, 18222, 77931, 102061]"
114491,"[50109, 13711, 29410, 70977, 32338, 59403, 85272, 79054, 91728, 60242]"
114492,"[8790, 1413, 55683, 57392, 68423, 102877, 69480, 14005, 43993, 94482]"
114493,"[21055, 64710, 43933, 9950, 45733, 15633, 108176, 78615, 63606, 68164]"
114494,"[107141, 48395, 56146, 84088, 54273, 75580, 40101, 38963, 31907, 85105]"
114495,"[47377, 78892, 43545, 96134, 44502, 49477, 17537, 767, 33833, 35122]"
114496,"[102527, 81985, 15954, 20549, 86522, 108423, 44124, 78488, 105249, 64020]"
114497,"[56383, 47083, 6701, 76387, 66677, 47262, 43719, 92675, 43106, 89361]"
114498,"[96594, 10795, 45999, 96731, 10888, 7330, 79313, 103674, 36941, 19498]"
114499,"[16981, 20065, 17911, 108668, 65525, 37117, 73248, 93986, 62170, 24287]"
114500,"[11832, 90695, 106909, 94738, 25665, 35486, 39641, 17498, 99642, 18253]"
114501,"[8310, 105851, 45324, 33908, 105312, 82561, 25370, 73829, 4926, 7359]"
114502,"[81771, 101662, 10465, 77937, 37425, 20411, 96187, 69940, 12855, 95524]"
114503,"[90502, 51420, 1139, 106790, 87831, 22140, 71519, 77771, 84583, 4505]"
114504,"[5651, 66536, 44099, 49782, 10520, 95853, 45677, 25517, 38742, 72125]"
114505,"[96581, 103427, 31307, 68425, 86596, 47476, 63719, 31163, 55958, 65195]"
114506,"[10781, 25185, 28650, 31977, 26820, 90708, 69668, 16874, 46419, 68248]"
114507,"[26950, 21165, 48325, 47917, 41737, 40402, 26693, 106574, 45112, 8523]"
114508,"[84791, 10675, 108667, 47335, 32571, 49621, 61608, 39581, 9939, 106905]"
114509,"[80293, 3739, 72035, 19603, 14894, 84437, 46111, 40869, 41778, 1048]"
114510,"[97510, 50234, 13930, 97736, 63077, 6034, 37432, 60039, 67112, 52655]"
114511,"[77930, 96201, 84862, 11600, 96254, 37783, 45319, 106045, 87680, 88038]"
114512,"[65113, 52719, 9720, 55539, 101484, 75201, 5871, 45273, 102747, 89813]"
114513,"[14518, 53779, 46799, 67464, 81276, 33364, 22600, 56131, 42344, 7956]"
114514,"[52775, 46176, 29275, 66354, 17808, 65254, 99063, 17517, 40355, 65333]"
114515,"[96467, 35857, 61555, 78678, 23793, 6124, 97250, 79191, 70938, 3403]"
114516,"[54770, 31143, 98019, 64704, 33360, 39696, 87327, 36820, 8173, 88876]"
114517,"[106843, 22691, 97588, 25360, 91662, 89112, 11575, 107867, 54233, 106808]"
114518,"[55580, 8515, 97666, 48602, 88399, 76641, 33876, 72308, 87147, 73530]"
114519,"[49286, 13, 79465, 102251, 102706, 41447, 16172, 53428, 58265, 5762]"
114520,"[10802, 24222, 13438, 78397, 16516, 40494, 70080, 8807, 83680, 42394]"
114521,"[49269, 23738, 68344, 30976, 14207, 41325, 25966, 57574, 99525, 103919]"
114522,"[92296, 99579, 47217, 54558, 98448, 67688, 82894, 33283, 68095, 57685]"
114523,"[106060, 79144, 76402, 1959, 75423, 45779, 45649, 52834, 103670, 25049]"
114524,"[68278, 65332, 77879, 11891, 93948, 33062, 29559, 77992, 14921, 21876]"
114525,"[102459, 17594, 11759, 8648, 65911, 82351, 42041, 105579, 67006, 75916]"
114526,"[6058, 528, 24555, 42755, 57956, 18276, 31708, 12870, 63431, 66138]"
114527,"[103690, 7389, 24084, 99628, 13160, 81770, 27083, 71027, 51879, 98473]"
114528,"[79718, 10954, 6337, 28956, 74993, 35799, 87495, 42256, 19874, 23252]"
114529,"[103537, 16114, 90139, 104779, 97701, 59864, 31947, 53998, 13874, 17424]"
114530,"[16363, 103, 76276, 10836, 86980, 86356, 92997, 45259, 355, 28611]"
114531,"[82663, 53857, 15146, 17027, 96329, 88822, 87242, 60493, 26472, 63088]"
114532,"[98615, 97483, 29332, 39226, 100030, 14224, 29099, 31221, 75637, 50059]"
114533,"[83659, 55039, 63589, 58105, 45580, 6345, 54001, 54364, 91474, 72007]"
114534,"[15843, 87622, 98154, 36386, 81585, 29214, 2687, 30971, 68692, 88332]"
114535,"[62821, 32599, 76801, 103031, 98201, 12394, 21961, 22809, 94159, 44358]"
114536,"[90965, 10983, 68139, 55465, 70924, 75591, 4044, 101130, 15599, 56889]"
114537,"[19420, 2062, 59184, 37511, 11566, 30151, 90011, 84883, 101155, 24340]"
114538,"[99800, 96500, 84015, 4299, 19512, 88308, 70650, 57196, 26102, 105397]"
114539,"[58657, 11122, 50909, 27067, 54543, 16835, 101185, 7348, 67058, 37941]"
114540,"[100484, 90781, 42329, 87573, 3573, 64165, 14697, 19081, 33556, 82748]"
114541,"[26293, 58359, 58711, 59607, 12993, 107416, 69073, 57631, 18670, 91790]"
114542,"[79001, 102723, 14988, 108736, 58726, 38667, 78568, 101913, 87726, 67923]"
114543,"[29960, 39032, 98889, 35092, 3003, 97140, 10985, 85956, 86952, 52083]"
114544,"[64839, 863, 105293, 85408, 899, 98404, 60005, 84650, 100685, 48015]"
114545,"[101287, 74206, 100883, 32910, 76582, 85240, 59439, 71690, 99530, 44277]"
114546,"[29181, 56291, 46184, 5294, 5487, 109665, 101800, 6447, 95648, 80863]"
114547,"[83941, 61379, 98765, 62826, 93003, 97185, 1841, 71855, 18786, 77682]"
114548,"[6610, 82677, 99146, 5594, 80686, 65760, 109220, 86252, 55420, 76386]"
114549,"[85161, 42363, 53324, 100625, 6912, 21577, 34737, 24298, 16933, 59548]"
114550,"[77339, 3585, 88461, 91133, 64576, 74672, 61677, 98483, 97562, 95207]"
114551,"[55148, 109194, 90778, 7138, 105032, 109189, 58096, 26066, 3389, 53586]"
114552,"[73867, 109365, 7977, 22671, 2609, 27381, 26621, 40326, 94053, 86174]"
114553,"[85613, 68850, 59758, 70229, 76235, 93529, 43436, 38435, 106103, 102524]"
114554,"[4853, 59510, 71784, 28825, 93808, 79581, 109202, 56861, 65637, 48155]"
114555,"[25577, 47735, 71908, 13083, 32935, 107571, 76790, 84057, 51304, 9467]"
114556,"[30122, 27878, 17425, 45232, 103378, 7227, 15219, 65518, 49683, 85415]"
114557,"[63398, 25923, 105069, 24390, 89604, 69801, 15299, 11129, 101278, 28937]"
114558,"[32706, 42770, 62117, 3609, 11566, 8678, 84883, 30151, 63366, 24340]"
114559,"[96714, 58481, 21398, 7163, 21886, 86820, 80978, 95528, 78291, 39996]"
114560,"[41021, 736, 25199, 79779, 3672, 71209, 96455, 36256, 52271, 56198]"
114561,"[77168, 88886, 87369, 99080, 106568, 11820, 49182, 49753, 105160, 2189]"
114562,"[88857, 53494, 24247, 96966, 55759, 67383, 86220, 82642, 84652, 12656]"
114563,"[86672, 92256, 71072, 41990, 99284, 88872, 39660, 39248, 54580, 27015]"
114564,"[10815, 77977, 96505, 28585, 76583, 96946, 56810, 91931, 70231, 93882]"
114565,"[7071, 75065, 102409, 5251, 69686, 75304, 99490, 75092, 109481, 77614]"
114566,"[102447, 55734, 58802, 102896, 41035, 102036, 103425, 105027, 54642, 79643]"
114567,"[82743, 83554, 70578, 10030, 69129, 65783, 81405, 3259, 29025, 68448]"
114568,"[82534, 88404, 7758, 56800, 34845, 78463, 20002, 71949, 80061, 87306]"
114569,"[40633, 33010, 38153, 33136, 107048, 10070, 67992, 6236, 73904, 54076]"
114570,"[105386, 14024, 62364, 46632, 51615, 62038, 69980, 18994, 8530, 64811]"
114571,"[22230, 6434, 33761, 37346, 84693, 27731, 67052, 2310, 48649, 54886]"
114572,"[33987, 823, 22259, 36733, 82067, 14392, 76023, 40005, 88147, 3056]"
114573,"[8564, 81545, 61055, 76273, 49087, 61178, 2743, 104004, 11900, 65623]"
114574,"[104606, 85760, 62374, 31893, 59223, 95175, 3378, 12536, 98123, 22843]"
114575,"[98003, 20190, 94258, 68483, 97439, 40845, 854, 56517, 39313, 69221]"
114576,"[21263, 98088, 89637, 18372, 108684, 28164, 36099, 17472, 17880, 791]"
114577,"[72126, 82705, 37007, 29064, 38029, 97593, 47665, 38017, 94959, 66093]"
114578,"[20502, 86186, 67424, 31071, 80553, 65800, 77862, 20582, 70917, 96551]"
114579,"[66941, 9503, 94803, 46182, 56511, 2638, 55156, 108965, 3121, 24109]"
114580,"[108213, 53856, 53134, 49261, 79942, 105305, 71046, 46598, 29404, 26034]"
114581,"[72470, 25236, 88704, 61112, 47315, 59308, 73328, 84017, 36124, 19987]"
114582,"[17534, 84724, 28776, 19356, 98815, 67429, 51618, 9871, 108100, 47794]"
114583,"[45380, 58811, 26356, 45316, 98014, 87307, 39055, 74749, 24111, 35448]"
114584,"[27563, 94448, 92386, 87891, 80231, 20864, 42637, 55257, 59760, 97008]"
114585,"[84771, 14386, 76681, 29786, 19768, 58632, 2752, 30244, 30812, 29964]"
114586,"[84281, 88977, 109236, 103551, 47214, 8240, 32527, 47753, 13115, 106800]"
114587,"[61046, 67412, 66534, 94732, 87627, 53126, 62787, 63224, 93672, 1454]"
114588,"[26875, 38799, 20953, 54604, 108855, 6065, 93708, 3614, 10498, 60652]"
114589,"[78849, 5577, 95386, 65357, 41659, 73693, 4948, 17866, 80265, 45423]"
114590,"[97120, 66543, 65446, 29648, 22135, 98261, 106668, 13252, 42379, 28600]"
114591,"[68118, 65511, 4375, 4796, 62331, 108236, 25308, 27479, 33709, 25365]"
114592,"[77644, 3459, 60662, 40487, 80178, 74551, 103127, 60031, 28007, 33413]"
114593,"[49932, 64895, 39312, 55729, 81672, 5489, 70675, 79238, 71052, 14714]"
114594,"[69314, 9083, 64387, 78515, 11039, 53613, 41241, 6098, 104844, 45078]"
114595,"[26554, 83055, 78665, 20602, 90926, 22240, 37122, 100272, 108604, 83108]"
114596,"[86047, 34886, 41981, 56026, 19694, 63988, 19564, 71549, 22039, 9709]"
114597,"[23303, 51169, 25836, 106915, 11603, 62709, 23918, 17494, 30966, 87525]"
114598,"[91217, 24792, 3386, 70488, 100994, 70231, 21788, 78974, 55973, 750]"
114599,"[84353, 29546, 14385, 33940, 54089, 101786, 55930, 37810, 70422, 96266]"
114600,"[980, 36895, 75316, 87179, 30602, 28277, 79159, 67701, 74753, 5920]"
114601,"[31016, 4495, 41615, 49249, 92240, 33210, 49201, 63442, 62629, 37044]"
114602,"[4999, 109666, 93725, 69815, 5354, 19227, 68791, 90243, 28274, 96300]"
114603,"[85552, 94428, 101574, 88308, 70650, 87780, 48680, 6724, 62119, 53300]"
114604,"[24599, 15433, 82703, 69767, 36311, 87757, 74121, 85168, 51334, 7898]"
114605,"[52653, 12200, 30416, 33081, 66001, 53614, 14307, 103539, 46816, 86502]"
114606,"[436, 28663, 4033, 91657, 6430, 43822, 72989, 92557, 94249, 61283]"
114607,"[1734, 69433, 13917, 31476, 68041, 24258, 91279, 7267, 73027, 46517]"
114608,"[48544, 22946, 38416, 91711, 6584, 15756, 35350, 101454, 90487, 3488]"
114609,"[45896, 63201, 99591, 81582, 53557, 13683, 89535, 56205, 108790, 26582]"
114610,"[76197, 101732, 57563, 102407, 53224, 14892, 95989, 65873, 15866, 64073]"
114611,"[21568, 18748, 87404, 93883, 3012, 39823, 5567, 3381, 65752, 107358]"
114612,"[17987, 24839, 90318, 30750, 5519, 565, 108867, 10547, 61050, 39629]"
114613,"[57299, 31934, 19464, 85795, 14177, 70745, 48366, 89784, 102316, 54100]"
114614,"[83799, 69191, 57054, 45805, 89960, 105467, 50355, 109004, 29583, 12971]"
114615,"[60390, 66962, 84706, 74509, 40315, 41378, 59572, 59014, 108313, 44086]"
114616,"[38545, 18624, 34315, 101797, 6323, 84275, 53470, 106092, 38427, 24195]"
114617,"[95837, 44106, 102540, 83803, 8793, 27731, 81438, 65423, 12660, 67052]"
114618,"[12807, 39453, 21768, 40748, 9705, 57136, 32119, 65291, 29496, 67607]"
114619,"[47125, 28972, 49122, 81562, 25570, 86014, 102043, 97468, 16905, 88032]"
114620,"[101710, 29150, 15112, 105111, 13491, 63120, 75314, 32162, 77111, 40667]"
114621,"[8408, 35820, 30745, 99776, 17993, 91965, 4832, 21484, 47720, 34289]"
114622,"[61718, 82515, 3447, 86772, 26881, 90487, 59044, 9299, 106926, 24040]"
114623,"[91262, 36780, 106206, 76039, 103084, 6577, 55954, 203, 75195, 21189]"
114624,"[91374, 83361, 48514, 57517, 41690, 105483, 51528, 45182, 28647, 63202]"
114625,"[64505, 44786, 24432, 55762, 67805, 35584, 41391, 52488, 22681, 59417]"
114626,"[45128, 94682, 94141, 73917, 33805, 52671, 9870, 47598, 33204, 9534]"
114627,"[14179, 10742, 66421, 79597, 27310, 89461, 50443, 94172, 68212, 17061]"
114628,"[105208, 6021, 17762, 88044, 97526, 29799, 25085, 58160, 52538, 72056]"
114629,"[105530, 92203, 50618, 101785, 7411, 73548, 44834, 61069, 20590, 50581]"
114630,"[34875, 64134, 49528, 99569, 70764, 98282, 24073, 53783, 103758, 54172]"
114631,"[33528, 84915, 16976, 23404, 102380, 77428, 5253, 61636, 66231, 69247]"
114632,"[83053, 53069, 17304, 75203, 49187, 86630, 19616, 42309, 78752, 35327]"
114633,"[79581, 101455, 48155, 65637, 71784, 59510, 4853, 28825, 17211, 36345]"
114634,"[68863, 81115, 9852, 57521, 30405, 105852, 98895, 4141, 82476, 11993]"
114635,"[76630, 49376, 102690, 25435, 24564, 70673, 26547, 64770, 86034, 104302]"
114636,"[100930, 46212, 65194, 108865, 33730, 41067, 26097, 32649, 61269, 69089]"
114637,"[3577, 63569, 45603, 109680, 12899, 109535, 46975, 91929, 22522, 10090]"
114638,"[3136, 106115, 105796, 92045, 37956, 74006, 56838, 30008, 28429, 109050]"
114639,"[34379, 85053, 68937, 25618, 89887, 42828, 46668, 63541, 90509, 79670]"
114640,"[65703, 88950, 75456, 79815, 9250, 41225, 23561, 12251, 32761, 38122]"
114641,"[32519, 30886, 34115, 70931, 26785, 73635, 86098, 108133, 28386, 82133]"
114642,"[1188, 43347, 36019, 98328, 45734, 103014, 875, 105181, 48147, 20163]"
114643,"[73329, 346, 84299, 86053, 29576, 50279, 22511, 96281, 36762, 54476]"
114644,"[65213, 63485, 13002, 77579, 59497, 64527, 28561, 96618, 76584, 66071]"
114645,"[30229, 38313, 66358, 5169, 13655, 70195, 35648, 43524, 17009, 13344]"
114646,"[32690, 25799, 76583, 96505, 42106, 70674, 22040, 20516, 44519, 38981]"
114647,"[31425, 18548, 107537, 42420, 45220, 64561, 102227, 109422, 6396, 77840]"
114648,"[24653, 85, 11919, 96958, 23324, 84921, 64289, 70904, 5693, 58925]"
114649,"[64395, 40256, 90107, 58645, 72376, 21433, 32323, 15579, 4573, 101115]"
114650,"[14072, 108499, 47671, 96113, 104300, 40797, 67487, 103571, 98168, 102895]"
114651,"[78856, 31899, 56440, 65203, 50811, 109471, 50412, 58604, 21087, 40049]"
114652,"[10230, 61075, 7315, 43809, 36808, 8145, 13174, 95458, 107967, 34817]"
114653,"[10597, 27171, 104655, 96977, 96907, 26862, 63357, 30164, 36953, 4580]"
114654,"[98015, 83947, 40317, 80873, 25752, 27488, 73920, 70644, 63793, 98810]"
114655,"[101194, 79674, 47681, 101394, 65605, 64714, 38381, 6226, 97977, 103917]"
114656,"[17540, 109591, 30641, 98421, 38411, 8175, 95737, 58262, 32327, 48164]"
114657,"[99005, 33122, 56599, 52032, 34017, 9252, 25837, 86019, 14784, 6476]"
114658,"[9765, 56660, 61437, 61007, 4665, 97902, 40250, 79354, 49166, 28468]"
114659,"[64000, 36732, 15137, 28072, 54566, 85894, 28432, 22891, 66381, 89935]"
114660,"[67566, 10141, 28289, 103981, 84473, 44033, 32976, 41057, 35121, 71171]"
114661,"[108389, 58881, 70649, 7383, 96121, 86408, 42555, 46821, 108645, 98595]"
114662,"[9051, 64878, 30484, 96719, 18491, 81033, 82692, 95318, 79157, 3226]"
114663,"[82068, 22652, 24101, 83969, 90000, 14672, 90613, 101649, 20411, 12855]"
114664,"[9592, 97181, 59195, 56388, 74540, 973, 28987, 64516, 66561, 26304]"
114665,"[2167, 69859, 74547, 99003, 13660, 28082, 17701, 94914, 6994, 91699]"
114666,"[12880, 84740, 14459, 70717, 101723, 99522, 1438, 42678, 105786, 3220]"
114667,"[3395, 75832, 99191, 86532, 66035, 57992, 22431, 67093, 28245, 46326]"
114668,"[39358, 92470, 108783, 99819, 87926, 73194, 28180, 102913, 48469, 13162]"
114669,"[91103, 27955, 44112, 19692, 73875, 102996, 80979, 44837, 82599, 68573]"
114670,"[47716, 101970, 28375, 63453, 54146, 79365, 47926, 1904, 73391, 6537]"
114671,"[15743, 100183, 50575, 82092, 33708, 37631, 16207, 82865, 40572, 104289]"
114672,"[78110, 36176, 27564, 40771, 71680, 27658, 7461, 93683, 35883, 60899]"
114673,"[6724, 85552, 93647, 72501, 79335, 15409, 94556, 38988, 84939, 51777]"
114674,"[69829, 60920, 20332, 97530, 100120, 99544, 41918, 93531, 25952, 75266]"
114675,"[21577, 53644, 43278, 98679, 36871, 75901, 9893, 75632, 13583, 100781]"
114676,"[56967, 80863, 90181, 22076, 53905, 79120, 36998, 27317, 17337, 72]"
114677,"[24641, 40331, 36075, 77260, 108546, 98847, 23182, 107467, 10186, 99617]"
114678,"[84193, 29744, 82047, 25594, 73126, 27339, 6761, 58813, 39707, 87252]"
114679,"[84033, 37696, 47454, 106019, 2599, 3970, 96987, 66936, 71217, 84037]"
114680,"[96829, 80361, 71734, 1453, 80289, 71057, 27998, 70252, 75339, 88853]"
114681,"[45332, 100031, 33696, 107503, 88151, 62407, 49956, 35790, 8780, 92031]"
114682,"[17376, 3038, 60517, 55950, 36363, 1967, 99308, 85371, 91199, 36311]"
114683,"[101901, 39930, 24002, 71642, 2823, 80502, 24626, 40102, 52388, 103676]"
114684,"[40666, 47504, 91480, 76670, 65435, 75167, 102743, 27735, 24576, 109607]"
114685,"[28250, 51603, 18986, 109437, 70563, 19366, 31098, 20117, 34988, 106339]"
114686,"[76138, 16012, 82272, 75374, 21169, 22405, 11032, 2730, 20736, 68750]"
114687,"[54865, 39142, 31679, 37715, 73468, 25170, 66080, 9451, 64954, 84008]"
114688,"[82856, 65259, 84703, 43340, 92726, 73083, 94405, 74642, 2146, 6989]"
114689,"[53126, 18034, 5246, 108839, 62278, 29917, 3695, 53713, 54619, 42668]"
114690,"[41810, 21541, 49327, 56524, 108084, 78407, 91229, 16713, 108437, 76768]"
114691,"[90974, 45784, 109004, 92450, 104269, 71473, 96348, 4525, 764, 23275]"
114692,"[74564, 105320, 33620, 97856, 70583, 21992, 19478, 72279, 63470, 105164]"
114693,"[55713, 41391, 73453, 52488, 87175, 67681, 18051, 44345, 60413, 31011]"
114694,"[77917, 68164, 108176, 63606, 64710, 9950, 78615, 69469, 95408, 43933]"
114695,"[100783, 11092, 11251, 14966, 24676, 20567, 9922, 79490, 32062, 48137]"
114696,"[109037, 52883, 22004, 1904, 12464, 20600, 98079, 82699, 8190, 43657]"
114697,"[25531, 105642, 106301, 15137, 99200, 106270, 44280, 58767, 2495, 40916]"
114698,"[2598, 108314, 98818, 35387, 37534, 30900, 92349, 28794, 26023, 6717]"
114699,"[96546, 53949, 76666, 99617, 105126, 108546, 62431, 10186, 30106, 40331]"
114700,"[79919, 28735, 96931, 29987, 36563, 43743, 80995, 49027, 58992, 4720]"
114701,"[54189, 70015, 60765, 72966, 11980, 91551, 12963, 91964, 68438, 74489]"
114702,"[97626, 105177, 2616, 89221, 105656, 102259, 29944, 69865, 74852, 30030]"
114703,"[74397, 1690, 77222, 2183, 42768, 86446, 68526, 30682, 65785, 51153]"
114704,"[53821, 94294, 16600, 64396, 77602, 96034, 10405, 11722, 106923, 46166]"
114705,"[71349, 84712, 106316, 44574, 47045, 46582, 45084, 1204, 82007, 105145]"
114706,"[64695, 19684, 41426, 92747, 1397, 55937, 23715, 93037, 14901, 65560]"
114707,"[32975, 103162, 2136, 75139, 9249, 66141, 39380, 43054, 21044, 17357]"
114708,"[102915, 91720, 28029, 46580, 65513, 97222, 61940, 3430, 57217, 802]"
114709,"[30609, 58550, 77348, 61639, 79817, 105548, 12657, 13034, 98722, 60813]"
114710,"[84619, 30156, 52046, 27392, 83453, 58684, 100417, 18015, 64315, 11424]"
114711,"[52005, 34040, 33760, 108119, 17995, 2792, 63726, 43400, 23626, 90768]"
114712,"[28022, 82764, 64642, 93095, 49879, 10845, 54479, 107448, 60771, 4808]"
114713,"[60472, 18172, 95240, 100793, 77598, 13240, 108134, 9047, 93468, 53653]"
114714,"[53722, 46023, 62068, 68539, 76456, 107102, 31794, 44673, 71335, 47683]"
114715,"[22150, 3841, 106056, 86940, 73734, 14922, 24900, 104685, 9319, 32781]"
114716,"[1426, 39140, 66841, 52882, 10617, 27090, 106900, 1202, 93372, 53334]"
114717,"[21961, 85665, 94159, 13545, 59099, 56982, 35205, 21508, 75231, 66194]"
114718,"[31771, 36, 98810, 40317, 98945, 58311, 39478, 29628, 32541, 70644]"
114719,"[27768, 1483, 50247, 75780, 89871, 11969, 61158, 107309, 5832, 97058]"
114720,"[30662, 45466, 34123, 88295, 64902, 36707, 70130, 56939, 48641, 104036]"
114721,"[16091, 15721, 91633, 7874, 54738, 89669, 65647, 88680, 62914, 50136]"
114722,"[99169, 74379, 32855, 59454, 46493, 79554, 48197, 19172, 73791, 109243]"
114723,"[904, 25416, 33036, 29851, 20707, 17930, 66632, 46724, 29974, 4917]"
114724,"[1613, 82870, 71084, 49171, 54070, 69337, 21907, 5119, 82036, 56331]"
114725,"[68772, 64686, 52046, 103544, 49329, 89348, 62016, 32203, 54134, 95244]"
114726,"[58008, 100270, 103, 17756, 6766, 96893, 7807, 44317, 16363, 84621]"
114727,"[51602, 70078, 65275, 4447, 12918, 39200, 34721, 80793, 26628, 28986]"
114728,"[75769, 7979, 3878, 103045, 60405, 23643, 61950, 18422, 1696, 32216]"
114729,"[76382, 94537, 15316, 28494, 60793, 52606, 23721, 19476, 94737, 75080]"
114730,"[98324, 101182, 99106, 5430, 27855, 31605, 106406, 81254, 57284, 62683]"
114731,"[48407, 63871, 60660, 43650, 53232, 71661, 62998, 81834, 103863, 4627]"
114732,"[24716, 38276, 93038, 80908, 43505, 94263, 3235, 101354, 49492, 8158]"
114733,"[95743, 96601, 21127, 46654, 61489, 85312, 68871, 82398, 84150, 63923]"
114734,"[55025, 1305, 27683, 60981, 7285, 32943, 14959, 105962, 82216, 49864]"
114735,"[16766, 12604, 103132, 64226, 8532, 47255, 91661, 53215, 105884, 24640]"
114736,"[98323, 91955, 39416, 96537, 45270, 91351, 100436, 53049, 97690, 70468]"
114737,"[94420, 67858, 28653, 5249, 41728, 93297, 36060, 78195, 43762, 48912]"
114738,"[7665, 36256, 5588, 91324, 87888, 39492, 35812, 46818, 89975, 62079]"
114739,"[18093, 87347, 16508, 78883, 39038, 72665, 13973, 4322, 97352, 25199]"
114740,"[21776, 31140, 4643, 75274, 38665, 57688, 17827, 56510, 30933, 76399]"
114741,"[2631, 5559, 9809, 44905, 6951, 87782, 103366, 51847, 36001, 5631]"
114742,"[69256, 67789, 103519, 59477, 47826, 40412, 89960, 25389, 50947, 39480]"
114743,"[25302, 40547, 29806, 76654, 49734, 106597, 84249, 175, 68412, 18641]"
114744,"[5879, 92761, 27884, 11731, 90623, 105045, 19868, 94630, 94633, 37256]"
114745,"[8999, 85264, 63247, 57040, 75773, 102401, 36429, 12885, 39890, 96561]"
114746,"[61536, 28155, 97007, 65455, 40018, 34352, 59889, 70493, 8542, 10192]"
114747,"[54495, 27397, 107545, 90819, 40561, 12637, 71415, 73819, 104891, 58973]"
114748,"[97759, 59678, 102735, 68473, 21101, 22707, 61142, 54227, 82189, 82694]"
114749,"[100113, 26867, 97561, 68393, 4449, 57407, 20386, 95716, 25067, 83190]"
114750,"[44056, 34438, 81973, 19929, 72910, 27010, 103182, 72411, 49113, 102066]"
114751,"[26832, 78171, 39132, 94499, 19350, 54368, 71502, 37555, 46753, 76800]"
114752,"[9462, 27567, 18027, 78180, 23868, 38470, 41964, 41235, 65532, 53721]"
114753,"[100321, 50958, 75169, 77254, 5828, 69524, 9028, 23652, 37112, 89370]"
114754,"[74557, 23307, 58176, 10194, 106576, 37600, 81139, 7041, 40536, 10132]"
114755,"[23933, 22279, 2091, 31336, 101853, 24327, 100896, 36790, 34600, 8565]"
114756,"[8633, 5380, 109099, 83456, 72633, 70248, 97604, 9173, 94571, 447]"
114757,"[43315, 7611, 10460, 84890, 73784, 28520, 21246, 14907, 101496, 58891]"
114758,"[101288, 23252, 52484, 38914, 93480, 79718, 61059, 69441, 20060, 31560]"
114759,"[23587, 70780, 28778, 65578, 72558, 60534, 98102, 63008, 74832, 3053]"
114760,"[43781, 56597, 93550, 5490, 4377, 75996, 72385, 50320, 85688, 30009]"
114761,"[85257, 65410, 64235, 57231, 22866, 87390, 33462, 63467, 108754, 7587]"
114762,"[1161, 39780, 97076, 20614, 4149, 16361, 36971, 51201, 35498, 28365]"
114763,"[66389, 95619, 37112, 10639, 29929, 3565, 41900, 4469, 25042, 68689]"
114764,"[4098, 19911, 81839, 84596, 41754, 46519, 28774, 13213, 12183, 81419]"
114765,"[66275, 90089, 7833, 11272, 53126, 89373, 90959, 79048, 57348, 73900]"
114766,"[37569, 68328, 48943, 43803, 20681, 29329, 5996, 64716, 98765, 57008]"
114767,"[42112, 97523, 99056, 32399, 17664, 49065, 58462, 19107, 2294, 68167]"
114768,"[103124, 75825, 21330, 106365, 7901, 27032, 64211, 74053, 91144, 13395]"
114769,"[101557, 36164, 93899, 1863, 28390, 12882, 82283, 26681, 82510, 57012]"
114770,"[41189, 34582, 11733, 67807, 86013, 23201, 9424, 23715, 16459, 100203]"
114771,"[101618, 64413, 31756, 101605, 90198, 3341, 47227, 57078, 79717, 86864]"
114772,"[38440, 43734, 50018, 87318, 56272, 9647, 10167, 43645, 53985, 52273]"
114773,"[1337, 82410, 4603, 92445, 40651, 85398, 70486, 69994, 78139, 76851]"
114774,"[34638, 9534, 17456, 104197, 34442, 76780, 30338, 44696, 74302, 27358]"
114775,"[103, 24196, 59438, 30807, 95461, 42032, 27253, 26500, 100270, 68127]"
114776,"[106338, 83872, 101854, 22559, 70330, 107838, 71243, 27994, 101012, 31577]"
114777,"[2498, 16226, 203, 106889, 73978, 53684, 100193, 27610, 13215, 106206]"
114778,"[13035, 17960, 95823, 104276, 96706, 5619, 82183, 5781, 21989, 15200]"
114779,"[8860, 97878, 30875, 66642, 90527, 20114, 8877, 27634, 64638, 40006]"
114780,"[50230, 16103, 58411, 59485, 50452, 100201, 18931, 33260, 64949, 1171]"
114781,"[63999, 67820, 83360, 4011, 31796, 25974, 15524, 9057, 52526, 14777]"
114782,"[48338, 2507, 16330, 29838, 87029, 24769, 13556, 41998, 35065, 61308]"
114783,"[100238, 38860, 6753, 102537, 28611, 6675, 95790, 19630, 85496, 109372]"
114784,"[62581, 77988, 106801, 2022, 74519, 50203, 49031, 4554, 24102, 83637]"
114785,"[59997, 88102, 83885, 25508, 23808, 66584, 85144, 9336, 33116, 61365]"
114786,"[21615, 58388, 51517, 41545, 72808, 57143, 54837, 34985, 35070, 56685]"
114787,"[5200, 93892, 107449, 35974, 60861, 77424, 55385, 63840, 33102, 89308]"
114788,"[26183, 90049, 96983, 34860, 13600, 49605, 48147, 59788, 43723, 83182]"
114789,"[49710, 68822, 69268, 44521, 22937, 49915, 52603, 107835, 84972, 80673]"
114790,"[84837, 19696, 54268, 97656, 82167, 4183, 73746, 15462, 99349, 95040]"
114791,"[84029, 95, 38265, 62739, 68064, 67836, 8547, 102627, 68909, 62712]"
114792,"[37885, 21804, 100266, 22710, 41388, 10606, 71165, 34048, 60844, 45075]"
114793,"[24443, 38875, 25255, 22102, 42412, 67614, 49509, 91048, 36548, 79696]"
114794,"[40531, 98555, 42479, 72873, 17131, 78841, 86300, 94958, 54314, 92693]"
114795,"[89726, 68629, 109089, 88122, 1211, 5900, 16542, 28276, 20733, 61848]"
114796,"[95805, 79394, 37777, 64743, 79678, 50315, 94137, 76355, 31789, 72830]"
114797,"[107080, 75355, 16644, 16991, 77337, 84373, 98530, 49475, 35275, 70530]"
114798,"[102782, 82227, 87324, 94426, 102607, 46764, 96378, 72637, 52814, 71372]"
114799,"[47880, 75192, 49464, 77036, 17689, 79181, 19284, 43931, 8598, 54457]"
114800,"[41964, 27254, 106011, 45889, 94661, 76896, 1738, 56586, 72494, 88298]"
114801,"[12592, 67422, 62934, 36525, 61716, 39069, 50118, 88620, 74129, 41371]"
114802,"[23197, 100702, 95842, 40231, 97723, 57972, 24396, 81293, 26443, 76784]"
114803,"[68135, 105119, 31111, 153, 53196, 11407, 47004, 17653, 1317, 47544]"
114804,"[38875, 24443, 62378, 85030, 105223, 78138, 37191, 88318, 103478, 20489]"
114805,"[87603, 56221, 95943, 85174, 28497, 93433, 67979, 32838, 55276, 10031]"
114806,"[27703, 22172, 100538, 13824, 1901, 77112, 49198, 43813, 54430, 36264]"
114807,"[89039, 78711, 83425, 203, 19979, 58147, 75195, 90192, 100193, 15729]"
114808,"[16676, 66307, 19828, 96568, 52626, 76066, 40282, 18821, 60432, 50358]"
114809,"[87459, 46691, 90540, 20476, 61772, 33405, 77873, 1559, 103387, 90067]"
114810,"[5271, 49126, 63586, 53773, 89087, 842, 78725, 87178, 74075, 92867]"
114811,"[30435, 10256, 4198, 70288, 94845, 30531, 102267, 61141, 7268, 32261]"
114812,"[15806, 45991, 63950, 83484, 25491, 3815, 27684, 46264, 5721, 2677]"
114813,"[103309, 85110, 7223, 100999, 54091, 3920, 61084, 81414, 56520, 49597]"
114814,"[71640, 49083, 75401, 64631, 10208, 57513, 83649, 78207, 100139, 72574]"
114815,"[24586, 70560, 72791, 7680, 96092, 9425, 18998, 85576, 35230, 49562]"
114816,"[697, 67040, 79976, 95996, 43982, 58856, 71528, 54163, 17696, 18879]"
114817,"[71748, 23966, 18818, 7598, 6781, 15495, 56015, 49935, 89411, 26327]"
114818,"[42490, 41929, 48088, 40498, 50811, 75084, 65203, 89422, 5575, 26192]"
114819,"[30638, 15624, 108416, 3792, 3751, 63678, 104740, 97198, 28996, 44713]"
114820,"[68071, 70130, 70594, 32212, 8326, 56939, 8972, 96509, 48641, 33848]"
114821,"[48669, 74693, 103579, 58311, 77276, 27981, 1911, 104425, 106221, 76694]"
114822,"[83288, 93196, 36899, 1654, 104162, 15999, 75155, 43111, 21933, 92708]"
114823,"[19350, 46753, 78171, 39132, 76800, 7640, 71502, 37555, 40960, 100618]"
114824,"[58739, 89520, 74739, 87179, 80930, 71807, 79760, 61813, 101934, 19069]"
114825,"[70345, 91744, 10350, 23326, 94958, 54314, 44685, 21840, 34779, 17131]"
114826,"[4274, 14192, 100696, 19902, 53196, 47544, 106875, 11407, 97844, 85167]"
114827,"[35208, 16004, 51305, 50419, 94399, 1608, 50403, 94035, 102726, 41636]"
114828,"[82351, 105579, 29145, 23783, 61850, 39283, 85115, 35237, 101126, 11225]"
114829,"[55206, 34842, 54168, 48191, 17631, 50591, 81738, 43661, 6338, 21537]"
114830,"[71234, 89093, 34186, 958, 91409, 109683, 108991, 42781, 97469, 89909]"
114831,"[100743, 33399, 52629, 54221, 102411, 29514, 67818, 5825, 24658, 4404]"
114832,"[93924, 8274, 22427, 85465, 105581, 98547, 50165, 106164, 97103, 16133]"
114833,"[8070, 90645, 48179, 42557, 29358, 58779, 53955, 92808, 820, 50559]"
114834,"[54655, 4629, 60119, 13542, 16877, 67062, 61182, 11046, 79468, 93179]"
114835,"[16580, 25734, 29804, 96935, 54557, 21904, 16839, 98440, 75080, 25053]"
114836,"[78600, 5236, 79848, 6365, 73482, 27049, 84500, 69360, 20909, 10938]"
114837,"[9764, 64423, 37418, 4644, 49180, 39698, 75624, 60925, 6483, 97647]"
114838,"[6322, 68303, 70467, 82894, 68253, 35116, 4512, 98361, 30405, 14195]"
114839,"[36859, 91580, 6714, 29002, 68083, 9597, 29286, 37337, 74820, 5800]"
114840,"[46032, 85491, 47337, 19632, 52085, 106705, 97350, 20714, 43660, 8009]"
114841,"[26848, 27819, 68284, 634, 14761, 15462, 36070, 95040, 32554, 52224]"
114842,"[22611, 30391, 88846, 71010, 40511, 102187, 17031, 92544, 68707, 56165]"
114843,"[24116, 50612, 28282, 39362, 23057, 19906, 54627, 50809, 55641, 9293]"
114844,"[98230, 62796, 19166, 105395, 87955, 84637, 30478, 105379, 7790, 105888]"
114845,"[21858, 53237, 85756, 78143, 95847, 14200, 106706, 7677, 56416, 84268]"
114846,"[41251, 37408, 8254, 88275, 46156, 25131, 64786, 73736, 90257, 15780]"
114847,"[2524, 17042, 78510, 51607, 94021, 93576, 47106, 96265, 79351, 21805]"
114848,"[11553, 65672, 25367, 72249, 8798, 90173, 88759, 32223, 100746, 16683]"
114849,"[83521, 68427, 16719, 90111, 93864, 108209, 36698, 64672, 75986, 57120]"
114850,"[74600, 71500, 103253, 69549, 40950, 10110, 1235, 4459, 89867, 37982]"
114851,"[109244, 88266, 66249, 99812, 73226, 94777, 60583, 84553, 34213, 91210]"
114852,"[20625, 65231, 34077, 26179, 84985, 92134, 27619, 107103, 70515, 6067]"
114853,"[73601, 19072, 82244, 64805, 21298, 55444, 100521, 38748, 55110, 68446]"
114854,"[42336, 78899, 50814, 84109, 58982, 60336, 108138, 60226, 48148, 26054]"
114855,"[80085, 20269, 100766, 65765, 18504, 9711, 11832, 82892, 71412, 79581]"
114856,"[64086, 21155, 27031, 11366, 95533, 6658, 37855, 2739, 29531, 74378]"
114857,"[92773, 33089, 74496, 94396, 9202, 26303, 21616, 51642, 71823, 80310]"
114858,"[5010, 53073, 5299, 81515, 109172, 66628, 87850, 121, 16635, 104987]"
114859,"[6838, 72957, 19196, 90942, 86003, 60628, 32040, 60098, 737, 25803]"
114860,"[43833, 85865, 74436, 21215, 43367, 46800, 18356, 107854, 59525, 23595]"
114861,"[35067, 56413, 87076, 39982, 83681, 32331, 22244, 25816, 24882, 62422]"
114862,"[55513, 99529, 63712, 108284, 40025, 20949, 77535, 62310, 20850, 53497]"
114863,"[64191, 14125, 49994, 83033, 71436, 1681, 10017, 97589, 24378, 78838]"
114864,"[72777, 45947, 1705, 56230, 82897, 34966, 75742, 21518, 29006, 34141]"
114865,"[98034, 38318, 24990, 53750, 103723, 94268, 45668, 57903, 43754, 59038]"
114866,"[43418, 18726, 69164, 91235, 52068, 85392, 92207, 15703, 22516, 48807]"
114867,"[79444, 95295, 8334, 48930, 1893, 33694, 34349, 58271, 43089, 32098]"
114868,"[21126, 70568, 89505, 106061, 21547, 17280, 71779, 99607, 50623, 64175]"
114869,"[46532, 104857, 39130, 2115, 18511, 85777, 28321, 98524, 15467, 10478]"
114870,"[66006, 88884, 94465, 94414, 11051, 106566, 28167, 53245, 99985, 50639]"
114871,"[43560, 48302, 91282, 2587, 83036, 84065, 90269, 16204, 7074, 44171]"
114872,"[37957, 28705, 6325, 96265, 79351, 46862, 60745, 49049, 26400, 40182]"
114873,"[78646, 76829, 70013, 61793, 105450, 65764, 46889, 26377, 64593, 100618]"
114874,"[85526, 105441, 109272, 53093, 62711, 107360, 58269, 52162, 59198, 75926]"
114875,"[29243, 42078, 106234, 92925, 60176, 46032, 100947, 20714, 55971, 78027]"
114876,"[5637, 62531, 23148, 89491, 9176, 36610, 2593, 107083, 43744, 82250]"
114877,"[102666, 97739, 59226, 93288, 1609, 4578, 45899, 104647, 468, 8695]"
114878,"[39936, 5726, 88347, 45440, 105757, 45412, 22863, 30891, 49918, 296]"
114879,"[82702, 5195, 27037, 17052, 85275, 89187, 20909, 1395, 87228, 58760]"
114880,"[66221, 12985, 81901, 55782, 66776, 26946, 75143, 68816, 76987, 16159]"
114881,"[9069, 103871, 65716, 16625, 38361, 42110, 66768, 21161, 101486, 85457]"
114882,"[65560, 26151, 54608, 14901, 66954, 19684, 64695, 64261, 47569, 23144]"
114883,"[86821, 10973, 58770, 94196, 102372, 33106, 91192, 32951, 9523, 40192]"
114884,"[4853, 79523, 28825, 86658, 75632, 98768, 84131, 71314, 109202, 42507]"
114885,"[104572, 69821, 106075, 68416, 41905, 27113, 55824, 93756, 45066, 78717]"
114886,"[66397, 106222, 98536, 70649, 80678, 79045, 86294, 31386, 26653, 91981]"
114887,"[65846, 82295, 68477, 12922, 70403, 39436, 60841, 27790, 317, 30474]"
114888,"[58803, 82442, 13996, 108024, 10505, 65854, 95829, 87794, 86842, 90417]"
114889,"[38085, 17251, 39509, 68466, 91415, 18890, 39682, 17024, 14364, 85142]"
114890,"[74196, 74720, 19266, 35388, 27460, 71504, 76074, 93374, 42709, 82056]"
114891,"[35132, 97277, 108138, 58950, 100316, 30192, 60904, 8530, 72719, 53618]"
114892,"[103022, 8331, 47755, 94072, 67902, 75564, 94917, 80109, 55102, 107200]"
114893,"[87618, 64741, 16992, 102673, 11608, 104870, 26625, 24634, 33945, 74541]"
114894,"[26052, 61720, 4158, 11020, 109103, 85864, 25742, 93736, 1250, 104380]"
114895,"[5384, 7390, 48365, 3614, 54604, 48474, 84694, 34958, 35980, 98755]"
114896,"[43505, 101354, 49492, 101095, 24716, 8158, 6901, 93038, 83469, 38276]"
114897,"[48427, 11356, 64539, 50578, 104221, 90381, 14471, 83578, 17594, 5435]"
114898,"[28179, 45992, 26007, 8169, 36948, 101283, 7880, 95316, 108326, 451]"
114899,"[62073, 5423, 8531, 65722, 27763, 38384, 2374, 44273, 14667, 41732]"
114900,"[72653, 54739, 80825, 89878, 5917, 9310, 12824, 31926, 109039, 73859]"
114901,"[30446, 68059, 82075, 15977, 36792, 28548, 11669, 108315, 12064, 57052]"
114902,"[46292, 40881, 41416, 105727, 93418, 47109, 38289, 22344, 109237, 66033]"
114903,"[2387, 97267, 31815, 63392, 75665, 31661, 35739, 93615, 15542, 4561]"
114904,"[83843, 41449, 20268, 27674, 107515, 54556, 3381, 95393, 12558, 59453]"
114905,"[32395, 99861, 109340, 101040, 82689, 13672, 174, 7764, 98302, 48871]"
114906,"[56479, 52280, 48413, 63399, 52142, 3042, 36839, 83498, 62346, 73292]"
114907,"[43366, 33449, 72646, 98750, 7280, 81217, 45767, 85723, 104062, 87864]"
114908,"[9807, 65369, 68024, 8382, 1224, 19679, 72568, 25235, 108580, 18663]"
114909,"[65725, 15240, 41518, 23155, 20153, 54951, 38671, 87075, 7464, 57849]"
114910,"[23522, 102893, 36763, 19786, 44961, 18524, 81219, 1813, 99464, 63376]"
114911,"[92285, 17390, 101358, 70974, 9548, 31860, 69098, 74259, 70525, 44245]"
114912,"[96362, 82383, 67365, 34811, 89757, 20091, 58468, 92060, 107100, 4510]"
114913,"[2387, 31815, 100834, 54992, 37232, 27883, 31661, 97267, 15542, 32146]"
114914,"[92706, 42112, 83108, 19107, 3033, 41384, 46228, 46726, 14894, 58462]"
114915,"[45494, 20709, 94918, 9752, 37917, 63901, 12319, 84171, 14241, 90637]"
114916,"[88884, 66006, 28167, 94465, 53245, 94414, 106566, 11051, 41798, 99985]"
114917,"[52190, 62653, 108412, 53987, 34907, 43721, 652, 7027, 107321, 107667]"
114918,"[84377, 104697, 10397, 80420, 61750, 61286, 99437, 23114, 108745, 101096]"
114919,"[24359, 45392, 43559, 24831, 70596, 33048, 14145, 65421, 20961, 20022]"
114920,"[87648, 77006, 23915, 37505, 28026, 100920, 34954, 13662, 92812, 94196]"
114921,"[53812, 62545, 94824, 61691, 9842, 10601, 97505, 66581, 51182, 50134]"
114922,"[50382, 46275, 71800, 62695, 3206, 75489, 88887, 8601, 94610, 30571]"
114923,"[98833, 75897, 79753, 35796, 541, 6684, 35891, 19427, 87481, 87313]"
114924,"[63653, 14624, 76532, 14400, 54303, 93752, 68302, 46606, 47406, 7011]"
114925,"[57772, 27218, 46033, 103820, 38944, 51390, 32274, 53227, 88312, 28692]"
114926,"[89392, 31338, 70237, 92636, 18211, 75298, 89923, 76398, 85458, 26294]"
114927,"[76217, 65962, 71221, 2708, 68591, 19548, 49410, 41349, 81817, 15483]"
114928,"[103457, 98839, 66607, 27903, 61179, 38958, 50271, 53576, 23744, 107299]"
114929,"[95462, 68081, 19529, 39485, 71534, 106573, 40420, 92157, 15731, 37180]"
114930,"[109741, 76620, 16495, 73702, 64917, 84778, 64367, 18287, 52631, 64904]"
114931,"[25735, 76330, 44464, 39230, 90080, 104675, 44378, 90383, 32464, 10056]"
114932,"[31140, 21776, 4643, 75274, 38665, 51682, 53373, 52609, 30933, 56743]"
114933,"[33997, 34315, 70295, 53470, 91028, 60743, 44630, 52057, 103593, 38256]"
114934,"[21686, 2619, 100823, 13244, 73618, 80280, 55219, 19294, 63882, 48889]"
114935,"[82920, 53039, 89257, 104564, 105200, 55581, 16702, 11176, 94606, 31880]"
114936,"[98849, 46431, 95755, 44162, 97254, 50606, 73132, 24443, 54899, 52664]"
114937,"[42444, 30687, 90140, 48329, 65220, 58899, 19209, 10131, 26427, 75395]"
114938,"[46960, 48515, 99793, 50426, 22195, 33769, 101561, 59305, 4314, 64541]"
114939,"[85337, 53590, 73722, 102173, 109267, 49577, 80443, 70297, 93357, 32122]"
114940,"[63416, 3711, 90179, 60745, 43969, 92911, 68400, 49049, 17458, 53620]"
114941,"[44059, 107298, 104236, 2888, 101145, 14312, 12024, 75335, 86471, 40974]"
114942,"[83543, 49818, 47010, 27929, 102720, 4725, 95137, 44639, 44161, 35315]"
114943,"[89486, 99817, 76838, 28826, 51518, 9103, 17920, 102921, 72162, 99715]"
114944,"[67787, 62226, 85694, 75711, 34771, 20388, 76182, 9978, 102707, 30753]"
114945,"[50201, 3031, 73204, 17182, 100114, 79180, 70646, 39520, 19952, 86652]"
114946,"[65826, 24096, 37980, 88770, 101481, 74510, 15828, 53734, 51132, 82026]"
114947,"[44082, 21591, 15173, 22846, 64128, 80616, 42464, 7709, 99019, 59906]"
114948,"[21675, 13774, 87353, 5183, 1029, 99636, 81199, 42207, 67326, 24510]"
114949,"[77806, 69804, 16384, 35460, 55756, 35620, 95474, 80058, 81833, 21889]"
114950,"[25558, 17863, 102365, 19643, 54461, 91143, 2626, 38163, 77542, 53183]"
114951,"[30537, 44205, 71079, 67279, 16612, 38726, 104275, 80475, 99801, 105411]"
114952,"[36083, 97992, 97301, 29020, 57813, 77748, 101064, 71979, 52108, 49405]"
114953,"[75383, 95955, 59561, 79221, 104376, 44534, 40010, 84741, 106968, 50943]"
114954,"[82833, 16714, 75710, 73484, 72283, 57389, 88375, 96475, 28920, 8318]"
114955,"[43426, 40747, 8796, 7912, 60053, 7599, 34977, 543, 60542, 80187]"
114956,"[82977, 17536, 94616, 78104, 71061, 57517, 45777, 105483, 48514, 8349]"
114957,"[35549, 3961, 97389, 75202, 29495, 210, 50713, 103290, 9761, 29886]"
114958,"[87991, 53036, 10943, 950, 78066, 36016, 73462, 101652, 14009, 30359]"
114959,"[75933, 109588, 60747, 37389, 10464, 74255, 59995, 104303, 55407, 91305]"
114960,"[30832, 47075, 40262, 43562, 66464, 108212, 21277, 28056, 43795, 82269]"
114961,"[50223, 5755, 44266, 102415, 84578, 6847, 11241, 92650, 73775, 62695]"
114962,"[34894, 87280, 34256, 16152, 45099, 49218, 18950, 44688, 33874, 39497]"
114963,"[25577, 47369, 13083, 71908, 84057, 25406, 32162, 47444, 9467, 60696]"
114964,"[82715, 90363, 70498, 75802, 16349, 5513, 6982, 34948, 89963, 46285]"
114965,"[68539, 15264, 53722, 34590, 30722, 102366, 99854, 46023, 104952, 62068]"
114966,"[41726, 21723, 83819, 3304, 42243, 54955, 29775, 17380, 47198, 19079]"
114967,"[24195, 100086, 51746, 72142, 65256, 26610, 81676, 87399, 54659, 6323]"
114968,"[74435, 77740, 52309, 78787, 35060, 59292, 96516, 2688, 71333, 39291]"
114969,"[74299, 73506, 66278, 20598, 30700, 23425, 2260, 62767, 14537, 37315]"
114970,"[16122, 45360, 50154, 8405, 2386, 59290, 72813, 98456, 59859, 69091]"
114971,"[6741, 40186, 106569, 93152, 77267, 22271, 61353, 65858, 76177, 55559]"
114972,"[98403, 108857, 51085, 4244, 99004, 9162, 7543, 91387, 81783, 61689]"
114973,"[75447, 79544, 45327, 103360, 64963, 46023, 47806, 31176, 88228, 70168]"
114974,"[17220, 45303, 95857, 38219, 75203, 59030, 53882, 108896, 16864, 3100]"
114975,"[52043, 105604, 69786, 74880, 4533, 81105, 50989, 53628, 14866, 49365]"
114976,"[25626, 51904, 102147, 44555, 37537, 94377, 56573, 79405, 81778, 89355]"
114977,"[50136, 72836, 37951, 67966, 70670, 90379, 17097, 34793, 49740, 97754]"
114978,"[13506, 68353, 56105, 6511, 109014, 68594, 53758, 75895, 1126, 58817]"
114979,"[82712, 101029, 11143, 76462, 45400, 57140, 55779, 50327, 18524, 73604]"
114980,"[5912, 26040, 20216, 57399, 101902, 73467, 32869, 47746, 66754, 75605]"
114981,"[17642, 86661, 45251, 65132, 13348, 88004, 2996, 1747, 42677, 28699]"
114982,"[85667, 25138, 86902, 101591, 55306, 81200, 54701, 99903, 79574, 12081]"
114983,"[41846, 57711, 50760, 65571, 103104, 108387, 1711, 12140, 27731, 107303]"
114984,"[5469, 988, 67091, 76600, 76537, 34011, 101542, 36022, 86432, 42266]"
114985,"[70088, 56834, 48386, 97959, 85995, 15791, 9332, 68992, 46922, 49229]"
114986,"[101128, 2522, 99901, 43343, 7012, 21311, 88141, 93475, 16406, 109318]"
114987,"[101644, 55024, 40026, 45430, 61801, 15265, 25439, 50410, 61637, 71980]"
114988,"[109379, 23595, 93286, 22281, 74436, 32260, 14374, 83208, 82570, 3791]"
114989,"[56150, 72913, 13998, 76635, 10924, 40435, 24949, 77521, 80650, 91716]"
114990,"[32739, 37496, 55531, 2890, 40959, 89562, 82929, 64168, 82434, 32300]"
114991,"[4137, 57294, 97744, 106613, 93917, 74604, 109137, 58100, 90954, 58731]"
114992,"[24164, 52470, 101002, 54725, 48639, 99016, 4765, 76308, 65925, 27247]"
114993,"[96672, 32608, 50717, 31682, 1164, 84398, 45424, 61065, 75170, 340]"
114994,"[14900, 88923, 24916, 57380, 24592, 76926, 74195, 34362, 36721, 7349]"
114995,"[38219, 59030, 106479, 45303, 88445, 83053, 53069, 92755, 890, 42309]"
114996,"[85268, 1853, 94857, 41222, 87407, 58367, 102520, 80456, 42752, 61790]"
114997,"[9222, 66580, 43967, 79998, 82058, 43429, 87388, 46910, 17374, 17016]"
114998,"[66605, 45517, 86252, 55420, 65573, 41179, 71990, 52044, 109220, 40640]"
114999,"[71192, 103235, 55208, 109390, 104154, 91450, 81586, 8196, 105393, 19244]"
115000,"[32888, 437, 10850, 85988, 101811, 72036, 58027, 58752, 71348, 17548]"
115001,"[5551, 54283, 1524, 103472, 40552, 41079, 37871, 89295, 8003, 107076]"
115002,"[81025, 73648, 83364, 77496, 48915, 97496, 84531, 35197, 36015, 79964]"
115003,"[35956, 34406, 7182, 64456, 9269, 38335, 10709, 3349, 57977, 18080]"
115004,"[20475, 11960, 106621, 11456, 20210, 100528, 6526, 13392, 109756, 107135]"
115005,"[35561, 32337, 48383, 30179, 83629, 37993, 33266, 59245, 22013, 89292]"
115006,"[74813, 78056, 22357, 33858, 52564, 15766, 101198, 38693, 41967, 70680]"
115007,"[55391, 59269, 5436, 47079, 87174, 77647, 42389, 35443, 43947, 82863]"
115008,"[19239, 108063, 74455, 74363, 62542, 9416, 43615, 7883, 40306, 1008]"
115009,"[23359, 56742, 91333, 17637, 72216, 32012, 104343, 102241, 90446, 58095]"
115010,"[16997, 36135, 97970, 45217, 34264, 30485, 76925, 74900, 95741, 20499]"
115011,"[4069, 54913, 95750, 59761, 87328, 33869, 98434, 108824, 62138, 27122]"
115012,"[74174, 42335, 44057, 69514, 19255, 90012, 1620, 65280, 75976, 75243]"
115013,"[71531, 38828, 35725, 102575, 49828, 27579, 68640, 107678, 104979, 61713]"
115014,"[72443, 109771, 15882, 29086, 41036, 16352, 50326, 82769, 52861, 17666]"
115015,"[45609, 98855, 43234, 61980, 54200, 2737, 105871, 97659, 100506, 6303]"
115016,"[62653, 52190, 107667, 15598, 43721, 95538, 29795, 83284, 34907, 29946]"
115017,"[26, 104536, 18958, 50235, 29567, 100961, 12668, 92890, 95617, 77291]"
115018,"[71643, 58329, 67142, 61704, 54622, 70914, 94027, 78003, 58660, 11160]"
115019,"[47102, 64193, 99108, 37817, 105086, 2670, 13989, 105292, 14995, 148]"
115020,"[29671, 7662, 88672, 99897, 12998, 88160, 50697, 61324, 49561, 97051]"
115021,"[46075, 96725, 74332, 65379, 95142, 54378, 88750, 76376, 53260, 64823]"
115022,"[17780, 63300, 84445, 56887, 70123, 4136, 25767, 86784, 51479, 93868]"
115023,"[34361, 103434, 92841, 82895, 74070, 37015, 77123, 73826, 6806, 38124]"
115024,"[38010, 3651, 47915, 50844, 43636, 75066, 33568, 103301, 59582, 78017]"
115025,"[36702, 7662, 22936, 34846, 90834, 29671, 48015, 60225, 81780, 22607]"
115026,"[69310, 93881, 66284, 81946, 67609, 25912, 36072, 8756, 23496, 80003]"
115027,"[108246, 5964, 22751, 88201, 24479, 19877, 58243, 50614, 43153, 5646]"
115028,"[12027, 88806, 38470, 98131, 58548, 41306, 91667, 63951, 59917, 18027]"
115029,"[17204, 46411, 17110, 76753, 30155, 109224, 101694, 59363, 41884, 93677]"
115030,"[46751, 107703, 1074, 23703, 86746, 50148, 23607, 65083, 49863, 95338]"
115031,"[10506, 63481, 57169, 93315, 18693, 43004, 80150, 88389, 73636, 56729]"
115032,"[49869, 36157, 54469, 53701, 11625, 44081, 54689, 29070, 74057, 53361]"
115033,"[100161, 62677, 102561, 38072, 106116, 98858, 8514, 53649, 55306, 25138]"
115034,"[101348, 34459, 31674, 55842, 109347, 92228, 62384, 3177, 95189, 94559]"
115035,"[38646, 24186, 17515, 1360, 24904, 106722, 33529, 88905, 47460, 15618]"
115036,"[65920, 42339, 43871, 29403, 58580, 13497, 97152, 53721, 68019, 46314]"
115037,"[51891, 62763, 96033, 92954, 6232, 76441, 101959, 88199, 52112, 69483]"
115038,"[4003, 105071, 102954, 95649, 77918, 39454, 84319, 29226, 18636, 32625]"
115039,"[38785, 43260, 96250, 107521, 90670, 73019, 71883, 107205, 44449, 94828]"
115040,"[5430, 67662, 103589, 33690, 11622, 19905, 89328, 78499, 59763, 22145]"
115041,"[46807, 25475, 105337, 96533, 46141, 91424, 233, 57288, 80377, 74109]"
115042,"[50984, 83154, 62168, 4203, 63051, 49874, 91195, 65486, 8085, 62343]"
115043,"[5654, 64293, 25138, 66499, 37780, 74954, 8645, 3499, 89788, 86902]"
115044,"[102172, 70062, 74078, 25987, 92513, 66258, 73161, 20481, 20936, 46375]"
115045,"[75506, 76920, 65264, 34462, 13656, 3393, 44295, 71547, 87816, 26893]"
115046,"[1028, 43381, 95194, 4949, 72302, 79706, 40000, 37602, 34820, 75739]"
115047,"[35622, 101330, 24183, 37247, 32100, 109136, 22743, 48720, 5637, 105682]"
115048,"[29877, 26116, 91943, 9488, 37371, 87253, 17926, 41025, 59695, 67119]"
115049,"[75493, 89996, 97098, 54430, 100538, 28923, 55228, 39426, 29588, 16614]"
115050,"[57129, 87478, 35061, 36903, 43713, 47532, 1081, 46618, 45647, 83658]"
115051,"[73540, 102280, 63226, 69491, 108718, 64939, 97149, 96971, 50144, 107979]"
115052,"[93473, 38751, 3670, 96820, 32985, 83172, 23504, 44156, 42100, 66306]"
115053,"[39717, 95910, 25160, 100428, 56225, 52066, 3064, 108032, 78226, 81357]"
115054,"[33756, 46439, 8252, 86070, 88594, 95470, 24609, 64017, 69254, 70089]"
115055,"[109514, 30018, 22269, 27442, 79253, 70429, 99588, 109195, 7592, 37107]"
115056,"[40531, 74567, 78391, 60746, 98555, 78841, 68114, 42479, 79980, 60640]"
115057,"[98831, 58917, 57485, 57486, 55034, 43815, 8967, 104817, 102524, 37143]"
115058,"[80446, 15902, 25004, 38201, 75520, 3923, 72735, 106488, 92385, 9597]"
115059,"[26234, 91483, 42859, 13081, 4448, 44714, 105299, 67373, 6884, 2262]"
115060,"[49564, 53572, 18428, 11268, 72151, 3344, 91769, 47300, 51361, 105835]"
115061,"[53582, 16600, 5163, 18432, 11077, 70579, 85506, 56427, 15522, 74661]"
115062,"[12938, 84219, 36821, 44488, 70264, 39809, 67037, 88705, 26442, 28918]"
115063,"[54786, 87308, 61094, 80259, 76922, 85221, 97986, 79293, 45232, 62507]"
115064,"[92523, 98162, 32012, 93823, 91333, 64407, 94334, 47638, 97715, 10691]"
115065,"[36789, 2227, 55620, 95026, 89210, 88739, 93980, 75789, 5057, 1141]"
115066,"[12586, 19374, 95278, 70642, 74370, 64386, 44293, 3810, 46755, 90571]"
115067,"[89759, 81669, 77628, 77555, 15201, 56491, 42987, 55745, 61008, 86191]"
115068,"[92639, 71575, 23814, 41877, 22336, 105503, 22391, 101879, 14887, 10050]"
115069,"[94588, 89706, 72902, 100599, 59204, 52028, 68645, 41611, 106655, 52387]"
115070,"[48405, 35797, 43318, 12324, 92158, 70488, 55973, 107925, 750, 45447]"
115071,"[78114, 82498, 69170, 42582, 98758, 89897, 77982, 88425, 39099, 88081]"
115072,"[53275, 103109, 51301, 6131, 87276, 12864, 1589, 16218, 11662, 104461]"
115073,"[78986, 99258, 29232, 331, 85490, 22331, 27535, 100642, 93606, 53581]"
115074,"[65587, 91239, 54396, 31849, 27452, 22704, 81766, 81456, 44199, 74333]"
115075,"[37594, 35174, 21762, 24019, 26625, 62076, 7028, 103759, 64828, 69692]"
115076,"[2697, 9509, 43076, 108836, 2952, 74758, 38421, 94698, 3350, 5851]"
115077,"[64497, 50191, 67331, 107051, 66782, 39589, 23273, 80565, 24307, 106203]"
115078,"[43295, 87617, 38638, 40613, 13222, 35466, 61952, 79031, 90084, 15407]"
115079,"[85362, 93459, 89415, 81857, 66804, 79892, 46608, 35765, 81756, 60230]"
115080,"[77240, 82053, 57222, 38558, 36000, 17806, 88230, 82013, 6217, 72873]"
115081,"[18076, 87001, 106839, 20676, 88550, 9476, 107817, 13706, 109498, 106570]"
115082,"[29626, 53168, 54084, 33919, 4378, 90818, 40263, 108495, 78033, 13142]"
115083,"[97329, 10881, 58572, 100207, 90982, 21117, 52109, 18515, 8664, 55389]"
115084,"[105823, 98944, 38360, 24219, 67495, 8379, 82141, 9807, 91801, 56463]"
115085,"[15162, 6975, 13838, 78884, 72369, 39916, 39490, 19309, 74648, 45231]"
115086,"[55422, 80931, 5673, 98531, 59942, 37622, 75490, 88437, 23223, 90752]"
115087,"[33977, 79752, 77931, 107973, 88834, 14114, 86790, 38140, 48477, 6781]"
115088,"[24363, 54770, 103795, 85771, 62976, 25027, 95618, 52099, 78740, 74281]"
115089,"[25548, 27144, 92900, 74713, 105863, 29384, 18264, 3648, 73092, 13427]"
115090,"[41989, 44894, 6775, 109447, 13798, 98231, 22599, 55091, 94674, 93564]"
115091,"[92163, 94136, 57584, 54903, 33083, 58959, 63183, 13158, 1408, 26424]"
115092,"[39910, 65432, 92081, 16929, 44098, 48371, 104044, 48117, 52095, 105482]"
115093,"[62434, 95263, 39056, 79665, 101248, 101021, 108270, 93197, 107471, 94432]"
115094,"[82739, 12645, 46562, 41653, 28002, 6863, 21283, 1329, 80103, 33103]"
115095,"[74393, 16541, 27639, 79434, 28926, 91207, 56057, 33363, 62588, 22369]"
115096,"[87817, 11637, 94328, 78035, 17245, 84388, 9050, 85793, 11935, 14815]"
115097,"[23761, 80645, 23511, 41188, 49145, 22585, 67482, 2315, 80880, 35675]"
115098,"[33600, 109043, 64753, 52344, 73386, 21834, 77173, 10921, 75831, 102641]"
115099,"[100254, 59445, 72014, 62706, 17006, 54793, 8821, 67160, 68993, 91658]"
115100,"[86020, 12984, 74155, 90599, 88813, 4966, 91020, 37958, 94398, 98984]"
115101,"[57407, 4449, 26867, 100113, 99721, 23801, 108682, 5774, 102480, 13429]"
115102,"[32856, 23439, 81528, 91521, 102783, 48787, 8473, 35800, 70081, 14078]"
115103,"[70806, 87195, 94812, 8364, 99914, 86901, 37095, 22818, 108206, 23759]"
115104,"[22746, 67876, 44197, 32785, 68988, 107961, 15218, 60919, 57875, 89352]"
115105,"[45273, 1688, 89813, 44583, 971, 89169, 75682, 108891, 35532, 43103]"
115106,"[49892, 13597, 106547, 94068, 55416, 51615, 18620, 25739, 62189, 49855]"
115107,"[39971, 18617, 69150, 13943, 57846, 36238, 34479, 9642, 61753, 12825]"
115108,"[26298, 44497, 27687, 64768, 65597, 15046, 34701, 81440, 41888, 106174]"
115109,"[95719, 3292, 49518, 27646, 103672, 16211, 75074, 40363, 106903, 97599]"
115110,"[50472, 17134, 42585, 74912, 56171, 86982, 11022, 105491, 99199, 105611]"
115111,"[75430, 85015, 77719, 98524, 56661, 39130, 23400, 56977, 106826, 15416]"
115112,"[13772, 51741, 137, 90995, 41927, 39933, 8913, 68944, 68899, 52735]"
115113,"[94001, 7718, 66528, 61706, 67530, 85533, 51570, 80034, 70267, 31429]"
115114,"[81690, 51653, 52958, 22254, 74660, 30118, 12611, 63051, 9184, 24558]"
115115,"[2279, 61066, 28606, 21790, 75753, 103916, 74125, 30409, 104175, 64222]"
115116,"[17901, 41727, 20607, 92102, 28564, 109169, 71572, 73447, 77489, 61456]"
115117,"[46527, 109230, 83826, 80611, 36291, 54451, 56227, 61142, 4564, 87759]"
115118,"[7047, 7494, 98504, 53326, 56256, 85438, 24480, 91052, 16074, 18697]"
115119,"[107533, 30246, 361, 78969, 6892, 89184, 107891, 99526, 44169, 98455]"
115120,"[13211, 73967, 47256, 77916, 105415, 26553, 48670, 100988, 72490, 60876]"
115121,"[19853, 83950, 64700, 75406, 89789, 10707, 27729, 101869, 79023, 78132]"
115122,"[42436, 78909, 47921, 4237, 95867, 34502, 63492, 66539, 68677, 43952]"
115123,"[51357, 103130, 88606, 53174, 27134, 90694, 63441, 37869, 14726, 19531]"
115124,"[103120, 3827, 43814, 79319, 67950, 105087, 58291, 61985, 103588, 65632]"
115125,"[9048, 96516, 2688, 71333, 78820, 20325, 61287, 87668, 71621, 83949]"
115126,"[42243, 49121, 104129, 83819, 31995, 71465, 14444, 99838, 2950, 60970]"
115127,"[24479, 108246, 52438, 43153, 102852, 56401, 88201, 22751, 107660, 97562]"
115128,"[43993, 14005, 69480, 28230, 8790, 1413, 68423, 48833, 102877, 96521]"
115129,"[107971, 88973, 43889, 7564, 47917, 64580, 98909, 57159, 43660, 45815]"
115130,"[25079, 108666, 44364, 71001, 38417, 48919, 46398, 20856, 95318, 15076]"
115131,"[26160, 107529, 71654, 16083, 2037, 106778, 68051, 8976, 72858, 72161]"
115132,"[69826, 31384, 15915, 55462, 56332, 22478, 35566, 51818, 26413, 71098]"
115133,"[56807, 106746, 63352, 78416, 76514, 22675, 81850, 14218, 105844, 25369]"
115134,"[24017, 91750, 72293, 75449, 78752, 73836, 10539, 86630, 53882, 108355]"
115135,"[8041, 67157, 30319, 82115, 38943, 89569, 1448, 35917, 91236, 13763]"
115136,"[53584, 30651, 82038, 5199, 52289, 78099, 57112, 95443, 76848, 52821]"
115137,"[39857, 109173, 4860, 105750, 27066, 68607, 100880, 45797, 86980, 5870]"
115138,"[79358, 32918, 33860, 68018, 84170, 93363, 77622, 35540, 94688, 64827]"
115139,"[22352, 5666, 29329, 17903, 62459, 49051, 46233, 77435, 26982, 59755]"
115140,"[36717, 1335, 43751, 88412, 101880, 10624, 62566, 68928, 33244, 67951]"
115141,"[63336, 44543, 88460, 62878, 40207, 46045, 26898, 5027, 103849, 25217]"
115142,"[70363, 99922, 35640, 82564, 100468, 38438, 57071, 29205, 100819, 3927]"
115143,"[59129, 23890, 101286, 103169, 11182, 5833, 76325, 35960, 14980, 74580]"
115144,"[73621, 63611, 63882, 44066, 61166, 94728, 109024, 86824, 21134, 107944]"
115145,"[22759, 33197, 105529, 78801, 35282, 100477, 37514, 53483, 73922, 44450]"
115146,"[4721, 3504, 97268, 65003, 35569, 15165, 66772, 76192, 83633, 81182]"
115147,"[40917, 96265, 79351, 99807, 28705, 59376, 103174, 69558, 43373, 40182]"
115148,"[51119, 93392, 75666, 57554, 58027, 15962, 17844, 101497, 77831, 63246]"
115149,"[300, 72145, 53263, 27930, 35301, 42942, 55070, 9973, 71062, 99078]"
115150,"[105518, 20672, 13839, 105120, 91368, 97389, 76369, 16408, 9761, 40507]"
115151,"[20169, 7417, 13643, 54033, 60516, 46520, 70695, 38892, 63456, 24888]"
115152,"[105043, 57750, 37727, 32684, 35968, 11266, 13265, 21458, 31445, 40332]"
115153,"[48120, 28889, 2108, 87454, 1423, 39296, 42509, 65632, 19024, 3224]"
115154,"[94326, 15227, 22460, 83068, 32520, 24392, 87231, 93609, 71903, 75645]"
115155,"[58015, 102788, 69751, 51431, 22775, 22613, 11527, 62592, 39059, 95593]"
115156,"[86767, 23169, 26926, 89542, 20511, 25615, 88051, 54544, 61421, 108594]"
115157,"[106084, 74267, 105716, 72334, 96350, 53411, 44698, 59638, 51431, 61478]"
115158,"[34313, 72924, 45844, 73789, 109017, 39061, 71112, 3554, 73964, 108711]"
115159,"[80083, 79312, 74423, 93296, 73516, 68325, 88123, 35305, 94082, 79570]"
115160,"[59087, 19470, 16949, 75371, 60117, 68363, 107988, 11574, 43113, 56309]"
115161,"[65368, 92341, 10486, 78927, 44865, 36965, 103349, 57182, 24125, 91400]"
115162,"[37384, 33686, 31683, 107043, 108915, 65702, 67571, 45422, 100918, 52586]"
115163,"[26819, 36293, 64358, 68460, 95899, 41896, 31465, 29824, 62354, 38312]"
115164,"[79826, 13747, 91468, 5719, 58289, 33163, 62872, 5987, 94322, 82056]"
115165,"[24403, 48960, 65701, 37680, 79975, 12929, 73337, 104519, 31339, 67233]"
115166,"[24382, 55910, 42252, 64483, 90552, 2371, 66551, 10161, 43246, 47602]"
115167,"[43204, 57273, 88125, 87368, 7622, 19070, 754, 99602, 76518, 4955]"
115168,"[61142, 34381, 6780, 21101, 91553, 40622, 36291, 109230, 54227, 28514]"
115169,"[99303, 42438, 49323, 37982, 62387, 86367, 84080, 107809, 84173, 14935]"
115170,"[8936, 68218, 53799, 108133, 81688, 46767, 27071, 19986, 8105, 19936]"
115171,"[100243, 54008, 21154, 81828, 57658, 93707, 72925, 73515, 25746, 36689]"
115172,"[9714, 91441, 62718, 32683, 66809, 80960, 40827, 3461, 42290, 84225]"
115173,"[65327, 60962, 39676, 35603, 71622, 91384, 76835, 68013, 87862, 35120]"
115174,"[45486, 86293, 109131, 68630, 49238, 48194, 1522, 14205, 80840, 10298]"
115175,"[25315, 12857, 96206, 67097, 41814, 90593, 24912, 86560, 39033, 102318]"
115176,"[105185, 104894, 76707, 108662, 21494, 22519, 7409, 79328, 18683, 108254]"
115177,"[107392, 79616, 96783, 92788, 65397, 4660, 49343, 61869, 65799, 50808]"
115178,"[48195, 30293, 37697, 82752, 14599, 75159, 98455, 29971, 78969, 6892]"
115179,"[75016, 45416, 85788, 43196, 82239, 46387, 12826, 42096, 72484, 52828]"
115180,"[23990, 77023, 91017, 19052, 90584, 105784, 52506, 20359, 43027, 108140]"
115181,"[26171, 5863, 100043, 37003, 42721, 22407, 109569, 61027, 67019, 2081]"
115182,"[9380, 9048, 1954, 96516, 15850, 41595, 95634, 61192, 59284, 57317]"
115183,"[60782, 109139, 36019, 98868, 64904, 10079, 96028, 108591, 64917, 43347]"
115184,"[94997, 42183, 102801, 79051, 105709, 97385, 3905, 6177, 87557, 4181]"
115185,"[84878, 28593, 82486, 73768, 17407, 275, 29525, 58321, 40175, 74656]"
115186,"[29732, 86488, 90580, 39084, 107824, 107543, 39706, 79857, 99322, 102442]"
115187,"[87569, 58099, 12731, 6012, 62421, 40742, 85388, 31128, 98988, 37296]"
115188,"[6133, 105265, 49427, 38368, 25420, 63853, 4726, 61052, 97915, 47157]"
115189,"[23615, 60438, 56994, 40661, 78816, 75197, 1323, 87526, 66506, 68108]"
115190,"[50686, 70933, 29418, 12912, 77955, 104975, 38095, 107237, 10390, 81287]"
115191,"[49605, 90049, 19359, 55848, 83182, 107016, 26183, 51257, 63236, 22714]"
115192,"[57483, 14975, 30830, 72992, 6370, 27433, 81271, 101873, 20285, 3552]"
115193,"[81146, 33356, 99056, 64625, 92801, 83061, 14217, 103798, 63619, 10072]"
115194,"[66412, 33903, 90151, 45806, 73629, 33378, 75776, 95085, 66298, 67895]"
115195,"[26616, 68975, 360, 27245, 72226, 73828, 71825, 61942, 82384, 64900]"
115196,"[77117, 50264, 92473, 38424, 49406, 105056, 40161, 55484, 89249, 56750]"
115197,"[16425, 89429, 26176, 82457, 67337, 13491, 46119, 10677, 77111, 75314]"
115198,"[78395, 42351, 85867, 17389, 31233, 46666, 31130, 11863, 88470, 51079]"
115199,"[44113, 21410, 14833, 78252, 49357, 81993, 28918, 94830, 64756, 87201]"
115200,"[51330, 98589, 53957, 61611, 6830, 4686, 102088, 32223, 18873, 96252]"
115201,"[22117, 109413, 21450, 16306, 97704, 67168, 93844, 90428, 90077, 36992]"
115202,"[104229, 46992, 63158, 17382, 86741, 11095, 105242, 4942, 34399, 4321]"
115203,"[82118, 32645, 18611, 19382, 39228, 27743, 81337, 20341, 32106, 13712]"
115204,"[38525, 13258, 28480, 99329, 90780, 6829, 71301, 14976, 33407, 81283]"
115205,"[28036, 100091, 93506, 86889, 76977, 7553, 29469, 102418, 105622, 89138]"
115206,"[68328, 37569, 20279, 96790, 57008, 48943, 43803, 77694, 63101, 54468]"
115207,"[65176, 46668, 42828, 30291, 79670, 109150, 30597, 104580, 36590, 99119]"
115208,"[103373, 32109, 7075, 102441, 94246, 89110, 99701, 40448, 66064, 107020]"
115209,"[5226, 107169, 86717, 49361, 101600, 72936, 98543, 85325, 74084, 33505]"
115210,"[68414, 62562, 68031, 12951, 51650, 7045, 83193, 86694, 77077, 3429]"
115211,"[21473, 104141, 35171, 25233, 95043, 108088, 22419, 11375, 14362, 87578]"
115212,"[15204, 86218, 79643, 76848, 106871, 82038, 34238, 50439, 103772, 18477]"
115213,"[54374, 11752, 15424, 31034, 10200, 6729, 84594, 52072, 84263, 42096]"
115214,"[27355, 8180, 5376, 52842, 106393, 85876, 43058, 42151, 30165, 12025]"
115215,"[87976, 60131, 70740, 61114, 78840, 61765, 15948, 80242, 28452, 36934]"
115216,"[81066, 84708, 53598, 28520, 85546, 63329, 94945, 89629, 41212, 13526]"
115217,"[64774, 61528, 34224, 16200, 63675, 98142, 93998, 84110, 31896, 74886]"
115218,"[57694, 36387, 16812, 44925, 81635, 24699, 102439, 65146, 39932, 77432]"
115219,"[96685, 25520, 76931, 86657, 75812, 47218, 62731, 35931, 77817, 58572]"
115220,"[35251, 83894, 10949, 76663, 51012, 85000, 33879, 107197, 63585, 75176]"
115221,"[37341, 57750, 61741, 94755, 105043, 74087, 59667, 67741, 25175, 77711]"
115222,"[82625, 64005, 72848, 100707, 32031, 12441, 4156, 62810, 53809, 52567]"
115223,"[87816, 44702, 3820, 5610, 41636, 35208, 16004, 15106, 106795, 48782]"
115224,"[95820, 66521, 71616, 6074, 62472, 6520, 48190, 104452, 54092, 90540]"
115225,"[37747, 101574, 96500, 84147, 105397, 25428, 73475, 105885, 48680, 85730]"
115226,"[50678, 19456, 106842, 6288, 62089, 5859, 65767, 70129, 48255, 80890]"
115227,"[23512, 91875, 6052, 19308, 64771, 63184, 35212, 59580, 47241, 107531]"
115228,"[37201, 99410, 79378, 17692, 91919, 67604, 101026, 81925, 48981, 62035]"
115229,"[56668, 104124, 76237, 95342, 20673, 108041, 79547, 5469, 91951, 82747]"
115230,"[39425, 84049, 61445, 88364, 27301, 10044, 23399, 108622, 104025, 98643]"
115231,"[49408, 28869, 36912, 18870, 105905, 28058, 21916, 85381, 9479, 44268]"
115232,"[25369, 14218, 9894, 97455, 23834, 70937, 11740, 78416, 75961, 63352]"
115233,"[45337, 102967, 106550, 29937, 61778, 68364, 55180, 85140, 103511, 87924]"
115234,"[52389, 11743, 54562, 32908, 459, 46903, 49860, 84967, 10915, 63407]"
115235,"[99646, 52, 54760, 45936, 79283, 96957, 26160, 72978, 101681, 103641]"
115236,"[43693, 905, 26650, 21259, 5351, 108301, 19838, 26738, 9117, 58397]"
115237,"[84466, 87933, 15037, 92434, 37314, 44530, 90788, 51286, 8146, 75154]"
115238,"[9500, 107800, 56772, 78797, 77706, 92309, 48358, 30403, 97960, 24039]"
115239,"[108758, 69295, 80784, 67360, 45211, 46729, 26485, 8730, 102189, 41012]"
115240,"[89990, 71326, 40360, 104032, 19607, 93693, 28015, 96795, 30927, 70939]"
115241,"[5084, 79765, 82146, 89419, 6737, 87308, 94238, 20685, 54786, 55746]"
115242,"[21573, 106528, 108980, 61283, 11497, 97689, 54618, 102580, 101219, 13462]"
115243,"[19803, 95371, 99717, 34955, 37807, 95366, 17319, 18928, 14190, 41351]"
115244,"[80819, 65123, 84105, 101285, 27784, 36715, 81154, 51799, 15081, 43199]"
115245,"[35801, 5947, 40847, 57428, 64452, 92798, 98342, 105419, 36695, 57741]"
115246,"[98042, 106918, 32607, 71782, 89713, 47574, 106117, 5054, 14483, 30384]"
115247,"[90419, 96182, 51268, 25506, 32078, 11185, 40018, 42035, 80532, 32157]"
115248,"[104724, 32302, 43004, 102045, 56729, 6177, 27037, 20909, 48444, 72979]"
115249,"[101482, 67329, 99698, 50752, 41379, 38626, 101460, 21339, 5007, 43963]"
115250,"[4457, 83610, 101403, 101365, 44930, 91245, 67499, 36281, 50528, 68867]"
115251,"[29737, 71651, 15648, 84728, 87528, 72009, 78017, 46087, 75066, 50844]"
115252,"[45582, 91030, 96753, 6618, 12297, 29104, 49488, 64536, 47824, 96659]"
115253,"[28343, 35354, 38897, 78014, 22112, 90323, 77968, 63077, 28813, 80907]"
115254,"[4797, 72834, 56026, 23247, 102199, 71549, 22039, 96432, 50209, 9709]"
115255,"[73002, 50070, 95494, 41994, 86604, 27148, 21399, 98511, 75883, 20831]"
115256,"[66377, 56353, 9985, 80276, 105689, 47220, 38878, 30794, 81186, 1463]"
115257,"[87040, 35511, 64116, 54552, 80782, 45590, 24820, 5008, 105768, 64834]"
115258,"[96643, 31681, 48614, 34287, 58039, 86556, 51606, 55512, 42992, 94038]"
115259,"[64463, 54631, 5988, 5189, 73303, 15440, 101493, 88656, 108210, 43534]"
115260,"[105039, 70310, 18178, 13872, 78775, 51963, 6079, 71360, 225, 84844]"
115261,"[4878, 79691, 49105, 59158, 545, 86489, 94810, 3986, 85414, 33352]"
115262,"[41909, 94074, 37286, 90744, 17087, 49253, 70329, 39101, 59611, 39394]"
115263,"[63970, 28134, 23135, 74012, 94932, 26639, 52126, 60918, 72907, 11234]"
115264,"[691, 8062, 22557, 56670, 97526, 101607, 36812, 92628, 48322, 28601]"
115265,"[11135, 109403, 103925, 101252, 107188, 38935, 66865, 73187, 35483, 79479]"
115266,"[54108, 89006, 13567, 37449, 100534, 38566, 58799, 21214, 30619, 92062]"
115267,"[40038, 11687, 14316, 40188, 57065, 54637, 39691, 103397, 104448, 66922]"
115268,"[102707, 77885, 33080, 86914, 12512, 85694, 75711, 62226, 9978, 78643]"
115269,"[9078, 30740, 47041, 41827, 18704, 17361, 87628, 40579, 77455, 104841]"
115270,"[95062, 83557, 75764, 76225, 56548, 106446, 27882, 85959, 40844, 104945]"
115271,"[77344, 80667, 69136, 53337, 11417, 47382, 25024, 95305, 24569, 96038]"
115272,"[13218, 22420, 18629, 32073, 8389, 51525, 94778, 30623, 67309, 93745]"
115273,"[71807, 55506, 106446, 75252, 87063, 13835, 42165, 51949, 51868, 95062]"
115274,"[62795, 40186, 27905, 7345, 90401, 108032, 78226, 106569, 23829, 71062]"
115275,"[19302, 19504, 83279, 92422, 10375, 98633, 1236, 64749, 11825, 17557]"
115276,"[55302, 70059, 6163, 90004, 102903, 105961, 25785, 58020, 39485, 31379]"
115277,"[38421, 104916, 14556, 76419, 64101, 16859, 50897, 88519, 7799, 91702]"
115278,"[3016, 23846, 24172, 37463, 103823, 27133, 89712, 23530, 47486, 11093]"
115279,"[57835, 42692, 9509, 9269, 27085, 64686, 43076, 49329, 107619, 101550]"
115280,"[191, 2554, 83920, 87149, 77343, 68591, 45498, 64273, 58242, 40730]"
115281,"[77398, 104541, 70039, 75149, 83412, 9671, 51956, 107958, 22327, 1569]"
115282,"[34964, 11804, 89238, 15944, 68214, 83618, 68997, 105961, 38042, 72826]"
115283,"[59901, 68985, 61834, 105072, 86764, 27466, 96697, 70647, 22891, 97850]"
115284,"[40474, 19290, 84095, 96521, 36991, 91373, 67405, 62952, 76598, 15121]"
115285,"[61407, 87333, 92532, 105821, 94978, 65188, 87199, 77994, 4414, 50113]"
115286,"[34077, 96340, 18319, 20625, 65231, 70515, 6067, 26179, 11780, 92134]"
115287,"[13029, 24263, 95324, 12211, 102226, 96714, 75698, 66853, 99337, 26260]"
115288,"[64376, 27825, 96363, 106702, 95765, 88921, 52058, 105700, 40545, 30782]"
115289,"[51544, 31942, 5727, 56544, 81465, 20181, 19945, 25866, 80901, 72771]"
115290,"[53469, 85708, 25821, 52433, 45032, 34303, 77446, 64619, 65407, 22507]"
115291,"[86335, 56485, 93703, 54373, 65463, 37178, 102786, 87879, 94609, 18600]"
115292,"[90157, 59780, 104569, 7343, 106000, 100471, 11487, 13524, 64420, 38015]"
115293,"[22311, 18134, 68738, 61439, 41079, 105863, 37871, 98050, 89331, 1524]"
115294,"[35614, 85977, 63327, 56117, 81602, 12204, 102230, 63896, 28920, 83007]"
115295,"[22413, 103095, 49792, 33380, 98070, 10856, 25352, 84276, 77805, 65172]"
115296,"[91752, 50515, 102522, 49340, 90604, 25313, 80265, 102661, 92318, 100403]"
115297,"[81724, 99553, 90397, 47474, 70897, 14864, 8284, 32852, 22161, 93023]"
115298,"[43474, 72376, 49685, 5472, 101115, 65281, 15579, 96368, 63732, 103531]"
115299,"[104489, 82727, 50448, 14511, 17717, 76335, 2425, 15321, 84213, 61692]"
115300,"[97693, 107211, 23798, 14331, 103854, 37995, 19992, 4411, 11274, 3260]"
115301,"[93066, 12093, 9481, 91081, 53115, 29143, 11336, 68945, 40548, 105333]"
115302,"[34905, 75145, 44745, 30468, 15526, 38515, 28645, 104892, 8178, 103388]"
115303,"[96398, 102450, 98741, 105456, 99012, 98285, 4594, 33412, 84692, 36635]"
115304,"[58159, 34906, 33975, 5976, 2280, 34064, 15875, 82187, 31449, 36766]"
115305,"[22522, 46975, 97044, 63569, 91929, 28915, 109680, 26011, 3577, 7844]"
115306,"[33982, 77458, 41729, 30657, 41165, 11394, 59715, 39691, 102834, 12091]"
115307,"[69481, 19466, 103763, 107436, 74697, 9912, 23272, 29689, 48398, 23089]"
115308,"[100327, 12999, 5255, 36018, 75602, 32840, 39730, 30568, 45255, 100684]"
115309,"[64146, 37204, 47245, 39085, 76884, 11506, 88459, 104057, 20819, 31587]"
115310,"[62347, 8173, 26326, 87327, 64669, 30608, 31300, 59643, 98019, 72304]"
115311,"[69430, 107823, 106658, 68526, 104819, 74397, 1690, 94979, 66712, 34364]"
115312,"[67035, 7450, 55813, 27618, 63286, 7757, 68492, 57290, 77027, 44498]"
115313,"[24925, 92458, 108743, 60841, 74590, 70965, 70054, 11878, 29166, 66910]"
115314,"[79515, 1480, 71583, 100537, 94840, 6934, 100653, 18699, 67868, 9202]"
115315,"[84307, 71923, 60547, 32341, 8066, 46585, 55753, 54356, 4419, 51923]"
115316,"[59320, 6302, 48440, 102284, 3281, 108713, 89309, 59313, 22571, 40528]"
115317,"[11234, 71807, 55506, 358, 37284, 79555, 16014, 38180, 79847, 8858]"
115318,"[66925, 102473, 2014, 50337, 23624, 74457, 100708, 66694, 35554, 80824]"
115319,"[19637, 1452, 60481, 71669, 52894, 4011, 43342, 25974, 108894, 52526]"
115320,"[101194, 64714, 34678, 5312, 100242, 79674, 47681, 3940, 74177, 30620]"
115321,"[98657, 73108, 46677, 35391, 61842, 77808, 6788, 10950, 6104, 2180]"
115322,"[48449, 85447, 103353, 81534, 102141, 2824, 101248, 101021, 55482, 108270]"
115323,"[56379, 8983, 45016, 14395, 46816, 88933, 15404, 59093, 94536, 102455]"
115324,"[26544, 11850, 1173, 50915, 85497, 47330, 19189, 88346, 48989, 68487]"
115325,"[22700, 52244, 72943, 59339, 57936, 35585, 56630, 32769, 107404, 63541]"
115326,"[4973, 86261, 100839, 51699, 10513, 13902, 83779, 34751, 80763, 41737]"
115327,"[108749, 56120, 40607, 35199, 55368, 20220, 20571, 84551, 42098, 86187]"
115328,"[73898, 93181, 78535, 5893, 20336, 33479, 56197, 47492, 7663, 81490]"
115329,"[13517, 95282, 96840, 92719, 9115, 52710, 72477, 72025, 32685, 5164]"
115330,"[80204, 49613, 48258, 19898, 51331, 81042, 62043, 2397, 72853, 69549]"
115331,"[11907, 26390, 107427, 50605, 64048, 24246, 76783, 42092, 52189, 68820]"
115332,"[8895, 94769, 66889, 107851, 22563, 24907, 43284, 107609, 29211, 90490]"
115333,"[82634, 38144, 68932, 13664, 101242, 37526, 25737, 14968, 28800, 91541]"
115334,"[10266, 29433, 57172, 5840, 16, 34822, 12290, 13038, 10583, 66741]"
115335,"[28271, 70021, 57524, 101591, 98152, 23070, 14397, 22206, 22543, 3803]"
115336,"[35906, 96509, 26004, 44159, 91885, 70130, 78908, 95186, 87795, 80507]"
115337,"[67387, 80664, 82241, 57931, 50090, 8312, 14268, 57228, 75237, 94047]"
115338,"[72873, 17131, 94958, 54314, 12681, 78841, 98340, 42479, 40531, 18209]"
115339,"[27952, 57476, 32753, 58798, 100383, 64748, 89831, 37411, 14501, 25117]"
115340,"[19174, 5411, 20789, 45235, 84712, 70148, 47045, 46582, 47730, 40951]"
115341,"[92582, 106336, 36731, 31840, 108697, 49790, 64433, 36110, 96469, 53594]"
115342,"[103264, 90133, 26518, 31187, 36636, 5201, 88385, 63728, 38076, 92811]"
115343,"[38422, 10088, 61709, 2893, 57656, 46204, 7963, 22573, 48320, 24317]"
115344,"[18080, 79073, 3735, 4886, 93440, 35507, 51171, 624, 45984, 85163]"
115345,"[19430, 80957, 63694, 1429, 85198, 78491, 31414, 71943, 37868, 38155]"
115346,"[9008, 103091, 47918, 15918, 100809, 102958, 30550, 7463, 103508, 55870]"
115347,"[67875, 17176, 35346, 22996, 10941, 78294, 627, 94410, 41742, 19138]"
115348,"[64257, 69366, 70262, 101808, 91536, 36578, 81854, 103304, 88426, 9829]"
115349,"[68508, 15084, 91991, 7186, 59479, 13875, 31730, 97870, 5851, 50897]"
115350,"[59187, 27836, 99613, 26365, 106829, 54283, 70198, 23014, 98536, 41079]"
115351,"[72907, 108363, 106302, 1622, 19607, 55613, 98793, 51337, 318, 50226]"
115352,"[47815, 63223, 93942, 23613, 92246, 13786, 90964, 27669, 77445, 76934]"
115353,"[30423, 28292, 20785, 49196, 64291, 8420, 73745, 3548, 26824, 55673]"
115354,"[99571, 89719, 27570, 101267, 29987, 20610, 50727, 22036, 95344, 77520]"
115355,"[105302, 100686, 42592, 76072, 10513, 76482, 33234, 85540, 47337, 4149]"
115356,"[91844, 46164, 11045, 62749, 68428, 84475, 95496, 3065, 28114, 55717]"
115357,"[59730, 45568, 83809, 51042, 108007, 86491, 48336, 13200, 79669, 16060]"
115358,"[108472, 75038, 49337, 19187, 64094, 91586, 39984, 84393, 109410, 96075]"
115359,"[35182, 21264, 62212, 69921, 84636, 19125, 89373, 83534, 98079, 61309]"
115360,"[43438, 19845, 85814, 41733, 30503, 104430, 26899, 13030, 62455, 34488]"
115361,"[67937, 32081, 29080, 39290, 65462, 83882, 983, 72350, 87456, 79510]"
115362,"[71864, 107535, 101594, 75238, 96304, 86394, 76864, 42752, 3486, 2192]"
115363,"[70593, 63410, 45982, 5866, 79331, 78065, 77223, 97748, 92644, 89080]"
115364,"[46936, 49960, 17875, 54016, 3408, 15032, 20527, 83478, 32297, 5714]"
115365,"[97446, 65924, 61364, 85035, 38811, 20290, 11814, 86418, 95640, 7489]"
115366,"[47839, 25335, 99096, 25901, 77404, 41370, 57035, 98706, 57306, 101017]"
115367,"[89394, 88055, 14476, 49867, 1091, 23028, 47137, 34515, 19339, 95564]"
115368,"[33635, 11381, 1166, 101224, 54254, 21796, 44352, 9989, 104993, 16062]"
115369,"[17837, 59803, 73322, 96843, 43229, 24881, 21824, 67017, 5290, 39216]"
115370,"[90854, 51192, 93275, 9899, 4368, 50846, 64485, 49875, 11300, 8094]"
115371,"[37447, 99566, 90337, 46052, 36869, 14293, 96370, 60025, 173, 18409]"
115372,"[21632, 93676, 42237, 9476, 106839, 20676, 45608, 88550, 39710, 88111]"
115373,"[96338, 59979, 48041, 52017, 3672, 55606, 78387, 4834, 72665, 76338]"
115374,"[78035, 11637, 17245, 11935, 19125, 54441, 36672, 53734, 35848, 79002]"
115375,"[28324, 95194, 4949, 93320, 10201, 37979, 79706, 40000, 37602, 43381]"
115376,"[104749, 12185, 93961, 73371, 90138, 77485, 39532, 30436, 4158, 85775]"
115377,"[352, 61982, 23304, 85656, 90222, 106227, 57946, 91253, 41902, 14689]"
115378,"[69871, 51603, 28250, 109140, 84041, 78876, 74861, 82890, 3937, 66780]"
115379,"[53448, 94604, 93528, 32010, 107087, 31378, 36802, 11715, 2391, 77826]"
115380,"[64032, 105086, 81737, 86786, 25391, 20607, 34055, 44640, 13071, 87908]"
115381,"[30075, 760, 70688, 38471, 22677, 86473, 81408, 31331, 101915, 76131]"
115382,"[99238, 62478, 39847, 65835, 82544, 30680, 41424, 8155, 26979, 59743]"
115383,"[14766, 14313, 27189, 23958, 32019, 45729, 12895, 102435, 27210, 44552]"
115384,"[64040, 88498, 74977, 96440, 14399, 14631, 87978, 100604, 49437, 67255]"
115385,"[19034, 94000, 66440, 85484, 79409, 90371, 94483, 66540, 74574, 55026]"
115386,"[60644, 40796, 61403, 9866, 69677, 22285, 109155, 79304, 34373, 100397]"
115387,"[21574, 38833, 45670, 102493, 44453, 98156, 46841, 92565, 88525, 25328]"
115388,"[87046, 105005, 40878, 105910, 14820, 79347, 77221, 99166, 96969, 35149]"
115389,"[9117, 108301, 58397, 26650, 43693, 45692, 37076, 83414, 21242, 21259]"
115390,"[6954, 1928, 69664, 13435, 52062, 62858, 108277, 24945, 41352, 19982]"
115391,"[6486, 6175, 33642, 39135, 61868, 69896, 93611, 35529, 92486, 64270]"
115392,"[81615, 66292, 52173, 81879, 14352, 94572, 89144, 16102, 102343, 45642]"
115393,"[85833, 20928, 34602, 44133, 44641, 56328, 49949, 11873, 4301, 21665]"
115394,"[107120, 6634, 41829, 31247, 33196, 74740, 8950, 91514, 58365, 43643]"
115395,"[91675, 59279, 16190, 48618, 79086, 51394, 32990, 21692, 28324, 1521]"
115396,"[102097, 97686, 49691, 58902, 67590, 18760, 22205, 23816, 105245, 90413]"
115397,"[50172, 44137, 84399, 65514, 53016, 85070, 59500, 95516, 23047, 11086]"
115398,"[104699, 86603, 19682, 41735, 10544, 93764, 69587, 41385, 32614, 69732]"
115399,"[81595, 100622, 9942, 56985, 55647, 108199, 104596, 46203, 21516, 27491]"
115400,"[60547, 84307, 85815, 27889, 68021, 61016, 8066, 72368, 42610, 54935]"
115401,"[80712, 12284, 64680, 58843, 94851, 87121, 31567, 15962, 59791, 71179]"
115402,"[36284, 1292, 28448, 2715, 18047, 95407, 8304, 11322, 90047, 11131]"
115403,"[35937, 66426, 78065, 70972, 103514, 68585, 71019, 1727, 67977, 93016]"
115404,"[38861, 28330, 74342, 94288, 33646, 6346, 6200, 91425, 36320, 18911]"
115405,"[86762, 73347, 83942, 99716, 87984, 77277, 62801, 84451, 39270, 30428]"
115406,"[64925, 30967, 91949, 68262, 28425, 108473, 36450, 65591, 72156, 98916]"
115407,"[841, 106291, 24689, 52472, 11596, 10520, 70175, 53595, 59576, 67800]"
115408,"[73207, 40281, 54028, 37081, 41857, 45445, 1899, 60611, 49415, 31740]"
115409,"[105683, 10533, 49663, 68155, 39270, 30428, 93914, 1237, 73347, 3338]"
115410,"[57564, 47855, 6346, 96287, 27980, 75851, 226, 77957, 102547, 54344]"
115411,"[47522, 78369, 36714, 14520, 39197, 83729, 5286, 23700, 89369, 43777]"
115412,"[11620, 67524, 42765, 85532, 66599, 47022, 15622, 11907, 24192, 62164]"
115413,"[92620, 78046, 107574, 36921, 46200, 53483, 56919, 66705, 70331, 33197]"
115414,"[57603, 5468, 81609, 16100, 60333, 19792, 72384, 57908, 14379, 92795]"
115415,"[46318, 38126, 76000, 97287, 23185, 46466, 73826, 6806, 95573, 78271]"
115416,"[82148, 75713, 9997, 32588, 235, 97143, 87295, 19781, 104851, 17369]"
115417,"[33575, 18331, 76533, 6324, 7215, 106322, 98012, 90654, 86865, 99247]"
115418,"[107706, 94606, 27400, 13113, 101406, 65836, 80033, 62030, 72702, 85023]"
115419,"[102818, 3394, 35377, 28838, 84156, 70180, 95484, 17581, 67640, 18926]"
115420,"[52068, 69164, 23709, 32979, 27396, 48807, 18726, 45204, 91715, 22516]"
115421,"[9803, 67085, 13460, 50236, 37397, 59196, 29036, 58651, 105052, 100664]"
115422,"[86647, 84679, 77186, 69504, 43962, 38349, 84850, 69252, 51516, 50364]"
115423,"[83859, 39185, 57916, 71912, 86645, 43838, 109192, 43785, 86704, 49641]"
115424,"[77447, 45032, 32942, 65407, 52433, 51658, 85708, 25821, 75061, 83450]"
115425,"[55898, 60517, 62469, 5756, 52405, 43250, 42041, 60122, 41483, 8648]"
115426,"[6007, 84755, 55582, 60277, 48983, 92153, 7942, 9703, 36249, 29860]"
115427,"[73963, 20913, 83298, 99127, 67318, 9419, 87066, 37073, 98949, 23411]"
115428,"[107932, 54968, 93547, 1964, 107439, 70703, 21458, 107683, 79613, 30778]"
115429,"[73577, 101339, 94046, 104389, 70843, 13707, 22665, 50377, 38095, 50196]"
115430,"[59352, 68846, 31141, 33255, 50836, 13162, 100647, 90121, 83483, 55761]"
115431,"[108580, 21474, 68505, 73076, 3698, 48776, 108070, 5099, 43284, 65266]"
115432,"[67609, 63708, 80003, 20200, 67220, 12642, 64769, 72198, 11464, 55392]"
115433,"[91759, 792, 63039, 59506, 52805, 12161, 52660, 52163, 55843, 90344]"
115434,"[108855, 70640, 77118, 106979, 33795, 69320, 48365, 4475, 56818, 83684]"
115435,"[103508, 6695, 5185, 99336, 60538, 88077, 33100, 86794, 47351, 61296]"
115436,"[76835, 55850, 2238, 77119, 74674, 38936, 35896, 24743, 51522, 86582]"
115437,"[104414, 98920, 89837, 39714, 86295, 35741, 34819, 3417, 94758, 32303]"
115438,"[89236, 109684, 56522, 45838, 103720, 5565, 98548, 108691, 5833, 88248]"
115439,"[72391, 104808, 42747, 82768, 45077, 91818, 82063, 82458, 23980, 8533]"
115440,"[105984, 79590, 27266, 106180, 96022, 59084, 13685, 70597, 86920, 49858]"
115441,"[75126, 3148, 71356, 18451, 96997, 84826, 5281, 26874, 78319, 108527]"
115442,"[107529, 26160, 26208, 2037, 8976, 34055, 42541, 78073, 4201, 31857]"
115443,"[34239, 27047, 70870, 12273, 37025, 5304, 18165, 86534, 82285, 31944]"
115444,"[9071, 4204, 28778, 10799, 1717, 90457, 75103, 60534, 94006, 40831]"
115445,"[101948, 97877, 24085, 17934, 42422, 105023, 12178, 57587, 90724, 46244]"
115446,"[74911, 103622, 108214, 66216, 16092, 85385, 69731, 37297, 77920, 58486]"
115447,"[72536, 61621, 101246, 53091, 45067, 5159, 1955, 103365, 45052, 85489]"
115448,"[63982, 51447, 101412, 2381, 73930, 85799, 81431, 66027, 46709, 82459]"
115449,"[34226, 48669, 83957, 21834, 77276, 62611, 76694, 64809, 25615, 33618]"
115450,"[108975, 33613, 37938, 105135, 7312, 109267, 94576, 43245, 47002, 75206]"
115451,"[32401, 65845, 3737, 7943, 26669, 103992, 62708, 91525, 26786, 43651]"
115452,"[5577, 105233, 41659, 18148, 59834, 78849, 49416, 34064, 53220, 6464]"
115453,"[74049, 22634, 34677, 21460, 77361, 101457, 11267, 81510, 55616, 21671]"
115454,"[83976, 61497, 71456, 16954, 44688, 20322, 102289, 28168, 1824, 84035]"
115455,"[65002, 20415, 17319, 88012, 26078, 105115, 79917, 43341, 82910, 16167]"
115456,"[43282, 2360, 104626, 84577, 8308, 76277, 60955, 49940, 88591, 27477]"
115457,"[358, 37284, 87179, 61813, 17109, 24075, 96134, 80089, 78892, 16014]"
115458,"[91852, 98883, 65851, 36152, 7256, 102095, 72703, 76822, 92471, 58000]"
115459,"[40343, 53351, 73430, 72784, 95342, 89539, 82928, 70462, 41695, 77983]"
115460,"[67947, 46178, 68811, 88343, 38335, 102568, 48028, 34406, 7182, 10709]"
115461,"[71533, 102147, 89355, 23372, 51904, 44162, 50084, 97254, 72900, 68814]"
115462,"[86622, 63702, 32199, 36549, 36938, 83878, 40584, 4658, 45535, 43969]"
115463,"[52408, 106296, 39018, 68443, 72883, 53153, 63276, 27248, 31535, 7302]"
115464,"[8296, 41758, 12818, 18814, 59737, 109101, 380, 55142, 51557, 64050]"
115465,"[86529, 24983, 24585, 878, 49797, 42376, 21960, 46129, 83992, 43688]"
115466,"[51659, 85606, 75525, 35564, 79681, 3585, 97360, 50904, 22640, 97391]"
115467,"[69050, 92140, 12670, 19819, 103049, 49728, 47904, 98190, 43805, 78527]"
115468,"[26929, 102949, 65904, 95430, 4219, 65650, 62414, 93065, 37405, 3449]"
115469,"[67783, 58893, 71631, 20356, 72228, 58577, 67434, 36819, 28928, 7019]"
115470,"[6943, 66680, 73028, 43713, 38820, 54295, 90705, 1081, 47532, 60697]"
115471,"[49493, 5098, 13901, 63804, 59198, 87633, 67000, 101408, 53093, 56458]"
115472,"[64375, 52923, 50951, 83563, 31284, 40021, 2830, 54824, 105685, 8302]"
115473,"[26092, 95606, 105191, 75161, 68294, 49111, 3956, 12907, 52466, 80941]"
115474,"[73541, 83992, 19170, 2580, 18020, 82545, 62436, 86966, 59708, 106872]"
115475,"[92551, 26705, 9154, 82398, 97004, 56549, 69269, 46654, 36947, 95743]"
115476,"[58272, 37810, 54599, 57859, 29546, 21626, 70268, 69242, 61390, 1740]"
115477,"[40193, 38617, 3191, 12461, 29876, 75004, 41075, 42762, 4077, 63661]"
115478,"[10836, 103, 16363, 86356, 86980, 69679, 30015, 15749, 50963, 58008]"
115479,"[74213, 71002, 73749, 37471, 101324, 99136, 95834, 22949, 15434, 64154]"
115480,"[65375, 25354, 103653, 12158, 18195, 35241, 5993, 14736, 46794, 16651]"
115481,"[66268, 74578, 20538, 60994, 97401, 34034, 25193, 1581, 46382, 90887]"
115482,"[31359, 61534, 15606, 19117, 10203, 72913, 76635, 10924, 36073, 59337]"
115483,"[35789, 108811, 71652, 96691, 88446, 10880, 5234, 48622, 32411, 23470]"
115484,"[53745, 8813, 82036, 23066, 92581, 21432, 106099, 51237, 54635, 34696]"
115485,"[13079, 86960, 51651, 33606, 47854, 108123, 55318, 83901, 41437, 48138]"
115486,"[48387, 32554, 85216, 50009, 2260, 43292, 6441, 97656, 14968, 88697]"
115487,"[99461, 51205, 99277, 103247, 107053, 66267, 76005, 34018, 27288, 87529]"
115488,"[646, 50610, 93216, 8861, 20213, 74165, 37963, 87100, 92331, 90884]"
115489,"[10464, 104303, 29395, 63595, 66023, 106912, 9655, 2271, 74255, 37389]"
115490,"[49798, 61507, 59683, 90646, 106258, 77362, 62211, 73936, 71604, 41674]"
115491,"[76644, 98835, 94824, 6137, 29284, 85245, 89700, 98334, 78754, 93601]"
115492,"[9069, 107162, 102215, 65716, 42485, 73872, 16625, 21161, 47487, 82612]"
115493,"[45573, 82207, 17076, 75913, 98586, 27522, 59931, 4402, 87177, 102039]"
115494,"[62, 107205, 20050, 92316, 70764, 751, 11559, 26141, 103742, 35236]"
115495,"[43119, 76687, 26995, 33317, 100491, 30191, 79277, 2328, 68133, 5567]"
115496,"[28738, 12567, 107586, 28026, 33686, 31683, 50974, 49264, 87648, 11458]"
115497,"[3045, 59303, 13110, 45129, 63188, 81318, 36666, 40403, 55899, 59546]"
115498,"[35807, 92223, 47923, 55083, 15052, 43017, 71724, 20622, 15276, 34330]"
115499,"[75443, 54731, 42257, 27377, 38324, 10068, 45103, 70495, 37165, 104758]"
115500,"[108483, 59432, 71266, 38583, 81731, 66964, 46154, 26761, 103187, 63055]"
115501,"[39016, 90823, 21424, 44139, 65733, 39472, 18022, 52954, 32883, 85481]"
115502,"[52335, 83722, 17149, 51480, 35167, 28855, 106117, 17879, 74874, 6260]"
115503,"[31130, 11863, 51079, 79751, 90845, 71035, 45836, 32755, 31233, 88470]"
115504,"[41906, 23649, 54086, 95598, 79332, 12770, 6905, 107863, 19717, 87022]"
115505,"[77389, 52300, 70194, 22061, 43102, 73100, 11264, 67862, 49172, 31136]"
115506,"[40870, 7083, 74565, 107125, 81974, 72639, 38322, 103255, 78952, 70141]"
115507,"[44616, 838, 81308, 44862, 61738, 25149, 13930, 38334, 100137, 58934]"
115508,"[63005, 56478, 86806, 58518, 2942, 48912, 1823, 73627, 17325, 81458]"
115509,"[45895, 64562, 27833, 72967, 40726, 70058, 78914, 4559, 41448, 42605]"
115510,"[59786, 18904, 35458, 98244, 15181, 18383, 3557, 69809, 99089, 100066]"
115511,"[45245, 71506, 96952, 64513, 100450, 38804, 5000, 109753, 86098, 90208]"
115512,"[5034, 71929, 90640, 65236, 77850, 71803, 99431, 81963, 22051, 55360]"
115513,"[18859, 53798, 50382, 71118, 70478, 29564, 71800, 85377, 88887, 8601]"
115514,"[81110, 42913, 3953, 76129, 61524, 35100, 85659, 10805, 99237, 36336]"
115515,"[81574, 89392, 63429, 79181, 35719, 26294, 17689, 47880, 92636, 70237]"
115516,"[103517, 69841, 45364, 43736, 6270, 78302, 76120, 56169, 32007, 14906]"
115517,"[16589, 103600, 83866, 3883, 23676, 8430, 32896, 56490, 83646, 94404]"
115518,"[103774, 97607, 72616, 86890, 84171, 87969, 64647, 66403, 20709, 74918]"
115519,"[102323, 11482, 54725, 73853, 31953, 103739, 47902, 29726, 27247, 24152]"
115520,"[62016, 79471, 38708, 10111, 36497, 36324, 45392, 74505, 67645, 81992]"
115521,"[52792, 52675, 18327, 85576, 60980, 62013, 42493, 9425, 85636, 18998]"
115522,"[49891, 20362, 33075, 14855, 38105, 62554, 85573, 6960, 84640, 102796]"
115523,"[59157, 28025, 48649, 27731, 67052, 29453, 22230, 23492, 43569, 13905]"
115524,"[67225, 19052, 40238, 54401, 76945, 56359, 49943, 52506, 42059, 24294]"
115525,"[39566, 28759, 82119, 66833, 23911, 69822, 95321, 17783, 62336, 61638]"
115526,"[34352, 45108, 97007, 40018, 99231, 51332, 99597, 92874, 32157, 109660]"
115527,"[90757, 91012, 6899, 39272, 39353, 76978, 44881, 5849, 60967, 103627]"
115528,"[20820, 86077, 109274, 42839, 55839, 11168, 17270, 43914, 65499, 107624]"
115529,"[18093, 54109, 5159, 10720, 88260, 46094, 13973, 33367, 2281, 79549]"
115530,"[52541, 1996, 18384, 56373, 79128, 101210, 69544, 81285, 17153, 37713]"
115531,"[13708, 7850, 60670, 24898, 94368, 73394, 51780, 74967, 58962, 92933]"
115532,"[92882, 19610, 28061, 3138, 87105, 98293, 66797, 46747, 70458, 60379]"
115533,"[21636, 24165, 1951, 30853, 48196, 25211, 50073, 95500, 33330, 3132]"
115534,"[108687, 32419, 30629, 14932, 70589, 71573, 41314, 10667, 32267, 107356]"
115535,"[93379, 56655, 54438, 44093, 58679, 83164, 44790, 72747, 36091, 21903]"
115536,"[93775, 69570, 72283, 12204, 61465, 57389, 19212, 96475, 103537, 79989]"
115537,"[44757, 58854, 69875, 49132, 41998, 82183, 88901, 14983, 41594, 66478]"
115538,"[83363, 30420, 92140, 87179, 80089, 30535, 61813, 33892, 27986, 93618]"
115539,"[87035, 83468, 108189, 17609, 14624, 90896, 76881, 86035, 26514, 10647]"
115540,"[98827, 12515, 59094, 1062, 102372, 58666, 79289, 102207, 101093, 18405]"
115541,"[13258, 39635, 81283, 49350, 3605, 70070, 79845, 14976, 38525, 38327]"
115542,"[88193, 57327, 97341, 67141, 61770, 24282, 60567, 4543, 62365, 81021]"
115543,"[72261, 15843, 98154, 88067, 90861, 77857, 1330, 96020, 91369, 43349]"
115544,"[73831, 80001, 36914, 100524, 98397, 19995, 19463, 109523, 89943, 81301]"
115545,"[60401, 64514, 55920, 43793, 578, 50646, 76872, 109360, 55421, 106348]"
115546,"[55884, 57395, 4395, 101906, 28490, 51070, 108999, 4223, 37831, 38252]"
115547,"[20263, 85124, 19077, 58960, 44060, 27844, 102498, 33994, 37087, 16365]"
115548,"[13371, 2962, 67434, 95890, 58893, 65606, 77487, 53818, 29582, 84066]"
115549,"[36110, 52995, 49790, 73446, 87020, 92875, 8786, 41960, 60195, 109469]"
115550,"[10229, 99964, 58028, 194, 73221, 59540, 36263, 92105, 65976, 37056]"
115551,"[22294, 69382, 33383, 80808, 45081, 77928, 82496, 30325, 88353, 98882]"
115552,"[45067, 53091, 72536, 61621, 85489, 103365, 45052, 1955, 5159, 39249]"
115553,"[100270, 97745, 103, 59438, 59755, 32181, 77847, 49087, 102552, 13709]"
115554,"[4826, 78458, 84904, 17904, 69142, 69415, 79973, 41373, 86938, 8839]"
115555,"[35637, 86609, 73585, 34942, 96043, 49079, 33263, 92974, 102409, 7516]"
115556,"[63677, 25581, 66676, 91485, 15289, 38215, 61376, 107561, 17703, 104205]"
115557,"[40189, 37102, 33331, 65640, 59745, 86158, 17167, 36313, 60637, 5299]"
115558,"[103147, 98548, 49915, 11472, 28982, 68168, 103392, 2587, 44171, 2811]"
115559,"[29289, 11748, 99212, 96811, 81633, 56210, 50072, 100680, 18207, 47498]"
115560,"[103117, 17221, 25527, 34041, 40009, 32322, 54858, 93652, 36118, 20007]"
115561,"[79381, 91707, 11362, 89737, 32517, 90155, 51371, 34057, 21557, 24557]"
115562,"[100799, 12371, 70778, 99091, 65173, 77946, 97677, 79887, 97732, 55076]"
115563,"[64236, 11836, 21196, 52863, 33597, 20080, 54381, 90761, 40556, 23510]"
115564,"[106611, 60629, 6491, 2346, 29982, 31800, 83605, 60818, 86409, 38070]"
115565,"[62264, 48489, 3602, 22868, 90213, 91670, 7183, 83930, 79431, 36226]"
115566,"[83639, 77967, 64391, 13595, 81140, 88462, 34150, 57672, 37520, 85451]"
115567,"[87285, 67986, 1926, 88056, 26948, 85964, 42040, 98016, 7405, 14260]"
115568,"[63112, 46373, 46100, 84448, 5841, 105931, 42756, 68008, 79545, 71522]"
115569,"[40985, 65106, 3615, 68087, 74308, 73217, 28182, 50824, 70643, 43744]"
115570,"[39124, 94597, 24875, 1718, 107540, 92797, 99945, 47528, 16129, 38713]"
115571,"[59129, 47093, 28672, 90791, 35960, 51266, 59707, 23890, 74580, 10869]"
115572,"[16755, 105048, 33866, 87018, 20832, 5880, 8766, 38363, 89581, 103448]"
115573,"[46376, 73641, 828, 11174, 74551, 83242, 26404, 86932, 1297, 31399]"
115574,"[10512, 9039, 53225, 99149, 28492, 29602, 36605, 87507, 28013, 47021]"
115575,"[23737, 89778, 92889, 81107, 86783, 9818, 42325, 76396, 52699, 134]"
115576,"[56150, 13998, 59649, 37797, 26195, 4315, 9882, 33709, 21693, 98400]"
115577,"[5765, 20711, 58685, 76639, 80791, 67428, 13789, 84167, 100950, 70892]"
115578,"[64784, 94967, 87552, 16178, 40683, 64716, 4744, 1394, 20400, 80725]"
115579,"[81526, 65047, 99999, 2965, 15698, 18968, 38167, 101792, 35656, 50188]"
115580,"[29961, 90644, 81449, 10788, 100611, 89233, 13833, 78537, 94728, 48520]"
115581,"[101085, 81287, 28881, 70843, 39316, 3715, 71560, 76672, 28666, 85857]"
115582,"[65663, 36764, 73843, 29493, 28839, 22525, 39335, 8880, 95377, 23560]"
115583,"[51413, 44511, 109722, 29995, 66806, 85115, 14799, 34219, 23783, 33237]"
115584,"[3449, 86834, 60202, 66839, 30431, 56433, 102853, 94467, 63380, 17564]"
115585,"[49774, 108363, 24560, 104507, 17135, 6743, 3616, 19607, 98267, 68813]"
115586,"[16348, 5724, 28812, 54615, 23397, 97541, 22770, 67691, 90516, 26566]"
115587,"[47682, 70648, 49604, 106175, 81580, 7829, 105302, 45406, 45676, 62880]"
115588,"[19942, 67773, 5017, 20140, 78304, 78545, 64172, 15019, 41512, 8263]"
115589,"[31528, 31340, 95665, 49458, 47387, 18684, 1913, 74550, 105807, 104063]"
115590,"[47294, 90819, 102976, 81819, 14383, 102155, 58973, 60930, 36053, 46613]"
115591,"[73985, 37320, 6966, 96509, 47926, 85757, 87795, 60515, 54115, 622]"
115592,"[71477, 108080, 34166, 24903, 72484, 52828, 23078, 40798, 38657, 82239]"
115593,"[59090, 87227, 45581, 36217, 13735, 94944, 96476, 30422, 97726, 99334]"
115594,"[82597, 24590, 63710, 18138, 11606, 106971, 107754, 3015, 82150, 45166]"
115595,"[48605, 42889, 105474, 86255, 29444, 29310, 46406, 16385, 9895, 17320]"
115596,"[98675, 59350, 99397, 47702, 90500, 20507, 62255, 37220, 13498, 88700]"
115597,"[32960, 28370, 38338, 90197, 79242, 30591, 102424, 84906, 20631, 55587]"
115598,"[29897, 98056, 45106, 44353, 72685, 37031, 18756, 77126, 27393, 83753]"
115599,"[66377, 56353, 9985, 80276, 105689, 47220, 38878, 30794, 81186, 1463]"
115600,"[66424, 27044, 54381, 101754, 33597, 21993, 25265, 80714, 22129, 105936]"
115601,"[49043, 72969, 11317, 18916, 19728, 46302, 19623, 88087, 56874, 4852]"
115602,"[31661, 82321, 2387, 64021, 15542, 92109, 77684, 4585, 100651, 97267]"
115603,"[49284, 70673, 30803, 17882, 58607, 8490, 77030, 59530, 74888, 79644]"
115604,"[13296, 14211, 51410, 17276, 44517, 31452, 75547, 82589, 29234, 28233]"
115605,"[40640, 52044, 99146, 43870, 22201, 71990, 45517, 86252, 55420, 65573]"
115606,"[108497, 93762, 105551, 73451, 76186, 38970, 4873, 73188, 98541, 63520]"
115607,"[95583, 29140, 72478, 68041, 76037, 18988, 31476, 67476, 13917, 69433]"
115608,"[58960, 20263, 13471, 41506, 60010, 106031, 35775, 11701, 97976, 85124]"
115609,"[13592, 53914, 45280, 15545, 56409, 3676, 82691, 31266, 18734, 103779]"
115610,"[10292, 70211, 72005, 20723, 107837, 19950, 85794, 55577, 14970, 25785]"
115611,"[44676, 97581, 31634, 20094, 16018, 52025, 7253, 74495, 9022, 66840]"
115612,"[74620, 109435, 13654, 108674, 39521, 100168, 91192, 43395, 74583, 80577]"
115613,"[44293, 3562, 53704, 95278, 73257, 62025, 101931, 90571, 19374, 64386]"
115614,"[75596, 97950, 97891, 82717, 43391, 79778, 68043, 15238, 11159, 13210]"
115615,"[87235, 33634, 14355, 98535, 105181, 22888, 11864, 103816, 9840, 19193]"
115616,"[34143, 68635, 9798, 61888, 63271, 34470, 52191, 59133, 23900, 106004]"
115617,"[31535, 63750, 24790, 20051, 38326, 93202, 25115, 35506, 32473, 54349]"
115618,"[68023, 68435, 29004, 40699, 73785, 31924, 31589, 71253, 97162, 67861]"
115619,"[47777, 38680, 91511, 95861, 69048, 69222, 25011, 104252, 74851, 78773]"
115620,"[55765, 7731, 108247, 87441, 45876, 38045, 3240, 14307, 26250, 4807]"
115621,"[40324, 108298, 26434, 85789, 35069, 96272, 31198, 8689, 52303, 18599]"
115622,"[880, 97873, 28298, 33899, 1564, 31911, 9207, 6859, 35362, 105619]"
115623,"[24615, 71785, 11813, 59265, 60985, 61020, 54433, 88818, 51334, 86211]"
115624,"[46161, 47528, 93501, 67179, 108842, 102946, 109537, 100037, 94597, 24875]"
115625,"[82011, 56470, 10377, 1779, 25112, 102243, 100384, 3792, 3751, 20314]"
115626,"[90914, 30682, 2116, 67415, 105467, 56498, 38208, 1766, 51153, 75091]"
115627,"[82491, 3031, 27394, 58764, 28423, 34542, 60508, 33247, 50201, 82909]"
115628,"[55740, 72326, 46335, 56674, 59321, 62468, 40292, 65992, 58173, 70574]"
115629,"[47900, 49601, 10043, 86974, 48762, 6670, 47954, 107374, 106214, 7473]"
115630,"[37803, 42939, 103744, 87864, 50599, 99219, 88892, 22496, 86126, 32008]"
115631,"[72379, 532, 77793, 105643, 94338, 31064, 18962, 9347, 50398, 80607]"
115632,"[97509, 13197, 1265, 67019, 76747, 6898, 79067, 48475, 60776, 42721]"
115633,"[14041, 44211, 53475, 91429, 61771, 48047, 40798, 99391, 28818, 71248]"
115634,"[3697, 31664, 103229, 51099, 71255, 81935, 33148, 70911, 81995, 26541]"
115635,"[40093, 23489, 60454, 65011, 70373, 64875, 9558, 74932, 36586, 104835]"
115636,"[102533, 85990, 62172, 51300, 58175, 97734, 67605, 85219, 50123, 98777]"
115637,"[29946, 91465, 64592, 108313, 44086, 99806, 88668, 15754, 66962, 60390]"
115638,"[59412, 10687, 101564, 104387, 95901, 75544, 44394, 29411, 13384, 17745]"
115639,"[99122, 7360, 43918, 82510, 57012, 49846, 108066, 24928, 17728, 62530]"
115640,"[101052, 28917, 109266, 3077, 42948, 27231, 3173, 37139, 4826, 11992]"
115641,"[1105, 23660, 54988, 30473, 68637, 65384, 73001, 55559, 22271, 109209]"
115642,"[68308, 7380, 50318, 12310, 99030, 31485, 2533, 93930, 24584, 16303]"
115643,"[23981, 91635, 109473, 75634, 31763, 100416, 1397, 41426, 26886, 70831]"
115644,"[69644, 2593, 2900, 9193, 22743, 63596, 37247, 94443, 92978, 62531]"
115645,"[81321, 84196, 3045, 72921, 81318, 36666, 97835, 64002, 67188, 82201]"
115646,"[77938, 54398, 42386, 64242, 89472, 84579, 35741, 3417, 82409, 57116]"
115647,"[73930, 96959, 97888, 82459, 45545, 10618, 71040, 2913, 46071, 1688]"
115648,"[23223, 3239, 34354, 67793, 75259, 58396, 30972, 5734, 35795, 778]"
115649,"[89173, 86498, 14302, 95880, 57992, 12599, 57731, 102492, 57083, 84295]"
115650,"[99750, 33420, 80311, 39120, 28334, 86238, 95427, 20441, 103179, 64342]"
115651,"[43388, 71262, 18189, 83090, 18651, 76841, 72270, 84885, 59891, 100648]"
115652,"[103345, 31501, 16133, 22427, 56052, 41360, 93924, 53876, 72339, 103755]"
115653,"[39779, 837, 95710, 16372, 109355, 102224, 97986, 16617, 61989, 79329]"
115654,"[93148, 31072, 32263, 85399, 13699, 28729, 87932, 49206, 94824, 52673]"
115655,"[68148, 79263, 72488, 8714, 65508, 83304, 100696, 96406, 13324, 98308]"
115656,"[86976, 11601, 9285, 86589, 38555, 103584, 54993, 97202, 80020, 67460]"
115657,"[9738, 98172, 43437, 73689, 3856, 17974, 77935, 46554, 101974, 1817]"
115658,"[98261, 5100, 57870, 65446, 1817, 14255, 29648, 92726, 89672, 99070]"
115659,"[98632, 99281, 87950, 73624, 103258, 23174, 76360, 42498, 42230, 51733]"
115660,"[91468, 86697, 108749, 70119, 20571, 101708, 80682, 88384, 73109, 20220]"
115661,"[44889, 109550, 104365, 90836, 97540, 17309, 4496, 29215, 48150, 92576]"
115662,"[27206, 96749, 46908, 72799, 11837, 13107, 102741, 13273, 56299, 86200]"
115663,"[49925, 53372, 6422, 103292, 97374, 83862, 60018, 80499, 80849, 86680]"
115664,"[100039, 13978, 35087, 80394, 23115, 29965, 13329, 68940, 67047, 78312]"
115665,"[13459, 69295, 108758, 26485, 52328, 47817, 107597, 81127, 28986, 22862]"
115666,"[867, 37855, 25424, 12378, 2487, 86964, 107206, 96706, 55305, 61123]"
115667,"[5420, 18897, 93823, 71743, 26099, 92523, 47638, 49155, 95749, 1974]"
115668,"[68919, 10294, 92655, 30183, 73325, 14574, 106762, 48886, 19307, 44571]"
115669,"[68758, 39867, 57387, 82541, 57135, 5144, 67094, 96371, 95642, 73403]"
115670,"[99737, 74473, 91955, 97690, 53049, 57244, 69067, 28873, 93937, 70468]"
115671,"[69508, 103705, 75418, 109377, 83260, 63250, 87339, 97587, 63730, 82302]"
115672,"[1725, 23588, 25738, 104232, 85160, 44493, 66366, 34203, 47034, 39302]"
115673,"[64541, 65999, 21692, 2681, 59305, 56830, 22195, 46960, 92922, 4949]"
115674,"[63555, 4168, 63790, 36537, 27080, 49228, 87326, 37530, 81980, 52410]"
115675,"[61096, 55319, 680, 44244, 22013, 60826, 37209, 17243, 98986, 89788]"
115676,"[86772, 51340, 48232, 39206, 57470, 67471, 106698, 81237, 6078, 6705]"
115677,"[45962, 67520, 82554, 23413, 89552, 95181, 8668, 62834, 84661, 66124]"
115678,"[94255, 103954, 85532, 42750, 108780, 94080, 23564, 92658, 66087, 84067]"
115679,"[17094, 80986, 24709, 68893, 14144, 39932, 51907, 10553, 61480, 44923]"
115680,"[28006, 90720, 4993, 107954, 34126, 62931, 49626, 53900, 58609, 46201]"
115681,"[15132, 20816, 63791, 25503, 92825, 89067, 62806, 285, 95747, 52737]"
115682,"[92842, 15379, 268, 58206, 106992, 67136, 46999, 25169, 93080, 104346]"
115683,"[99995, 54711, 78659, 67425, 91, 55240, 10892, 108589, 38712, 108215]"
115684,"[83576, 62900, 26288, 102974, 51976, 4570, 1829, 99331, 50297, 80978]"
115685,"[62394, 102291, 18226, 50554, 90565, 66318, 82589, 5578, 106820, 85592]"
115686,"[10016, 94048, 71199, 103535, 10580, 84634, 82717, 56164, 1026, 15238]"
115687,"[64478, 101789, 2496, 56425, 38254, 20472, 30529, 91826, 24187, 62365]"
115688,"[46042, 45434, 78715, 1587, 70522, 97234, 67235, 89232, 39963, 23813]"
115689,"[40936, 91408, 9687, 3243, 53935, 84134, 9293, 82620, 30107, 101474]"
115690,"[79226, 102560, 97575, 1185, 102542, 33652, 81620, 85889, 21144, 15095]"
115691,"[12206, 31495, 109235, 8276, 85583, 7226, 15977, 47250, 48749, 27698]"
115692,"[23956, 56520, 104658, 90121, 56439, 31361, 75074, 40363, 29719, 95553]"
115693,"[45083, 520, 3455, 89009, 68524, 42174, 80175, 75679, 12400, 34388]"
115694,"[80884, 9486, 12169, 77057, 70399, 10220, 70642, 46755, 45926, 29387]"
115695,"[69882, 92865, 105372, 5328, 12800, 15261, 18574, 36814, 12624, 12567]"
115696,"[11540, 97068, 84125, 55246, 91457, 79656, 43803, 29329, 98765, 97185]"
115697,"[52541, 1996, 53964, 19444, 39716, 85907, 49883, 95329, 60889, 25630]"
115698,"[30982, 79289, 19622, 22473, 97032, 87273, 70807, 3960, 32632, 68832]"
115699,"[30055, 87834, 8936, 68218, 75278, 47440, 34635, 82222, 94306, 4631]"
115700,"[35396, 94189, 96183, 73951, 33901, 47600, 32508, 90743, 44806, 39922]"
115701,"[8099, 102607, 46764, 38317, 17734, 84793, 54662, 262, 107516, 90668]"
115702,"[94159, 44659, 43681, 9070, 61362, 89384, 66918, 84069, 26567, 45673]"
115703,"[66622, 59724, 107989, 98119, 13929, 55972, 3261, 80196, 5255, 80042]"
115704,"[79719, 46418, 89396, 99526, 5252, 26240, 33525, 51118, 49117, 75332]"
115705,"[73663, 46514, 33072, 45063, 79034, 99242, 85678, 103072, 101727, 101273]"
115706,"[103397, 40188, 54637, 14316, 40038, 70173, 96564, 4078, 51053, 12016]"
115707,"[48183, 56012, 108497, 52000, 100633, 24342, 65780, 14934, 76186, 108532]"
115708,"[15030, 102728, 30282, 4122, 105444, 2042, 103556, 6312, 82922, 89209]"
115709,"[57936, 52244, 90509, 63541, 98477, 93734, 59339, 77853, 107404, 37274]"
115710,"[28900, 83339, 38056, 52642, 25713, 66117, 93563, 106791, 25181, 14532]"
115711,"[56769, 65941, 29641, 37523, 525, 64115, 106541, 27759, 53318, 76959]"
115712,"[52490, 28132, 15338, 88105, 30497, 54798, 20606, 88202, 35588, 31320]"
115713,"[13787, 30229, 103000, 5857, 101724, 10615, 77104, 80895, 86302, 1508]"
115714,"[102724, 17727, 89255, 60000, 67152, 71812, 13307, 82582, 11416, 75473]"
115715,"[71137, 83807, 108781, 58777, 45152, 66448, 89401, 86083, 63041, 35314]"
115716,"[21060, 6855, 29903, 39504, 92663, 29754, 14875, 1648, 34389, 77935]"
115717,"[28452, 53611, 31157, 64558, 84144, 17281, 14430, 70740, 97290, 8126]"
115718,"[71021, 26699, 79278, 57893, 83704, 89993, 89371, 16782, 84664, 96814]"
115719,"[6863, 46562, 12027, 104833, 6924, 16920, 27580, 100765, 2536, 36473]"
115720,"[57872, 22861, 55766, 8570, 107569, 14115, 5544, 5986, 27, 47531]"
115721,"[71908, 17502, 13083, 25577, 93973, 84789, 9467, 62512, 19844, 47444]"
115722,"[13006, 24842, 94456, 51358, 77825, 37695, 78140, 35102, 59536, 47517]"
115723,"[86304, 94715, 79705, 24938, 18222, 48752, 77263, 23734, 78179, 56509]"
115724,"[20674, 85393, 86909, 58275, 102841, 7324, 43956, 88562, 25769, 107225]"
115725,"[43889, 17710, 25953, 45815, 35359, 21017, 47615, 36181, 57159, 98909]"
115726,"[11193, 84047, 48418, 104777, 64660, 23667, 5119, 75221, 103813, 20867]"
115727,"[2348, 14908, 92597, 41851, 26667, 95611, 98486, 46638, 77907, 105535]"
115728,"[25049, 31407, 102044, 97739, 82920, 45899, 79815, 102666, 85282, 71576]"
115729,"[28937, 82983, 79195, 22400, 44333, 84816, 98527, 89604, 50300, 92543]"
115730,"[10464, 104303, 63595, 66023, 29395, 2271, 106912, 37389, 74255, 72265]"
115731,"[109077, 96343, 66380, 9483, 81077, 75926, 36413, 102479, 86868, 52162]"
115732,"[103512, 79399, 51256, 21919, 37646, 7064, 87519, 85247, 92639, 71575]"
115733,"[91012, 45301, 39353, 61002, 42020, 92735, 23851, 8644, 30337, 92369]"
115734,"[73054, 22917, 40070, 54582, 9346, 103975, 108755, 61595, 44126, 57309]"
115735,"[86266, 48421, 80959, 34753, 40751, 107073, 44715, 35636, 109084, 76564]"
115736,"[53738, 102498, 66590, 24679, 44060, 76836, 61946, 9108, 102664, 42120]"
115737,"[79146, 36224, 65135, 77040, 39523, 68294, 82560, 70749, 63674, 65929]"
115738,"[14211, 51410, 82589, 29234, 44517, 13296, 17276, 80934, 1162, 78782]"
115739,"[52953, 95811, 15407, 3740, 76834, 64180, 63860, 5841, 58309, 64176]"
115740,"[25136, 92422, 40494, 1236, 66843, 87758, 90744, 40824, 107536, 83802]"
115741,"[52632, 105266, 89544, 37399, 22934, 10472, 59377, 14153, 41104, 21011]"
115742,"[105509, 79289, 21901, 83232, 102372, 70044, 25272, 12289, 45699, 6678]"
115743,"[12502, 10870, 52151, 14607, 13018, 9240, 30297, 58136, 5088, 14452]"
115744,"[25785, 102884, 17945, 38402, 45702, 6696, 90004, 55577, 8511, 48898]"
115745,"[37418, 9764, 64423, 4644, 37983, 74015, 60925, 6483, 94042, 67864]"
115746,"[96294, 62253, 56358, 11949, 17060, 37756, 88097, 44170, 99585, 91223]"
115747,"[106406, 31605, 98324, 43574, 58522, 28374, 83267, 2068, 74626, 98919]"
115748,"[75491, 3218, 72980, 96399, 64437, 46085, 63968, 4029, 29451, 78041]"
115749,"[50112, 25562, 20621, 81806, 96014, 75205, 61826, 73600, 63287, 1096]"
115750,"[67071, 46193, 7426, 22122, 70346, 72308, 17808, 29275, 83783, 66354]"
115751,"[57280, 8324, 5888, 53343, 52047, 26949, 8867, 35039, 105928, 19847]"
115752,"[99963, 79579, 86101, 41862, 105306, 109067, 67324, 105587, 30721, 63502]"
115753,"[107167, 61413, 29072, 71675, 87336, 62793, 40418, 26566, 22419, 68918]"
115754,"[11655, 28564, 105292, 65498, 68665, 86621, 61930, 5305, 4262, 61456]"
115755,"[104419, 84957, 103282, 103359, 100754, 22255, 94736, 50784, 77782, 54371]"
115756,"[85600, 39494, 48168, 100366, 46850, 65909, 98110, 82973, 54881, 92762]"
115757,"[54708, 92624, 83945, 57467, 30585, 53678, 63947, 91896, 108756, 54483]"
115758,"[12206, 8276, 104327, 98057, 64338, 14287, 69883, 109235, 108315, 12064]"
115759,"[64549, 70236, 55924, 77380, 13169, 59269, 54801, 79521, 895, 55666]"
115760,"[91189, 92913, 27672, 86994, 35800, 57156, 93828, 108646, 23439, 42370]"
115761,"[93279, 52469, 31457, 20661, 36740, 25687, 33467, 11632, 66439, 33142]"
115762,"[15453, 26706, 36095, 45877, 105529, 35282, 78801, 62092, 96745, 105483]"
115763,"[42492, 104263, 38264, 16519, 107839, 83708, 58651, 105052, 9186, 52373]"
115764,"[68432, 17642, 81373, 45251, 73539, 68152, 63159, 42245, 104928, 62631]"
115765,"[59664, 73462, 53957, 87991, 53036, 108266, 105917, 950, 14757, 67900]"
115766,"[30535, 83435, 37284, 93618, 82598, 91686, 8445, 358, 61813, 77698]"
115767,"[37191, 1828, 105223, 62378, 85030, 48923, 50084, 1112, 76378, 21454]"
115768,"[61572, 23876, 48816, 9642, 84901, 78580, 46866, 78684, 42702, 69150]"
115769,"[16391, 31416, 56481, 23128, 47225, 68343, 16920, 46216, 46253, 82739]"
115770,"[47735, 32935, 17299, 35213, 83105, 108556, 50083, 25577, 105111, 57515]"
115771,"[32343, 55356, 95066, 82288, 20520, 109609, 21530, 77129, 53625, 47977]"
115772,"[2083, 78429, 21296, 1770, 47344, 6335, 64973, 81260, 15064, 31714]"
115773,"[51118, 57026, 49378, 41282, 80254, 66989, 13059, 14311, 19460, 3964]"
115774,"[57008, 43803, 68328, 37569, 91659, 1394, 73089, 1653, 17845, 77694]"
115775,"[51700, 70546, 28993, 73413, 43531, 55787, 43303, 11805, 53689, 71200]"
115776,"[100686, 76072, 102874, 83064, 106705, 81525, 106175, 104638, 81884, 46561]"
115777,"[60309, 60489, 6087, 39748, 11012, 23123, 49974, 8232, 56875, 71253]"
115778,"[10613, 96798, 15657, 38336, 60577, 36578, 104332, 26131, 15074, 87749]"
115779,"[74988, 64644, 105690, 71850, 68182, 79693, 45838, 14436, 98701, 90791]"
115780,"[92054, 84450, 42341, 24512, 60639, 49262, 9233, 11634, 29674, 107612]"
115781,"[39650, 71130, 57344, 105167, 93154, 105975, 34937, 62183, 2574, 74357]"
115782,"[78453, 55913, 69234, 49928, 105513, 98178, 2729, 75872, 20211, 40734]"
115783,"[26650, 58397, 21259, 9117, 70265, 103480, 88983, 54228, 83414, 43693]"
115784,"[29589, 91427, 39235, 75177, 86083, 10560, 75437, 21953, 48268, 21213]"
115785,"[104302, 19141, 30734, 35545, 55809, 102041, 4259, 7693, 4669, 15738]"
115786,"[9564, 88211, 28156, 88895, 109636, 3367, 26286, 55280, 24596, 41265]"
115787,"[89468, 97767, 49892, 51615, 94068, 18620, 66923, 79622, 70520, 17802]"
115788,"[71211, 83923, 44016, 101524, 25225, 73976, 108280, 79571, 35943, 102665]"
115789,"[42121, 48964, 78892, 93806, 59806, 95293, 61002, 96134, 28736, 30337]"
115790,"[69340, 56979, 82440, 99480, 36383, 73567, 70772, 106026, 70257, 62747]"
115791,"[2603, 47175, 6755, 104694, 83043, 98009, 92737, 64437, 13092, 39755]"
115792,"[47466, 69049, 8638, 29302, 21125, 473, 68677, 66539, 61062, 12211]"
115793,"[67836, 68064, 34996, 2982, 62739, 84029, 95, 16311, 67006, 14281]"
115794,"[90696, 26056, 93778, 37001, 59717, 75346, 97546, 82566, 67232, 64188]"
115795,"[106227, 69398, 83875, 90222, 14310, 41336, 48790, 90562, 24554, 25932]"
115796,"[42940, 44170, 13763, 60482, 46866, 104187, 53166, 91236, 63521, 66733]"
115797,"[88411, 2032, 103057, 73297, 39907, 72726, 105725, 18559, 107867, 71663]"
115798,"[52002, 101048, 87160, 80244, 32558, 55536, 74219, 7713, 77672, 55991]"
115799,"[84803, 42331, 7311, 46424, 3732, 47890, 85790, 2007, 94957, 3319]"
115800,"[47562, 52352, 5883, 26876, 90656, 43419, 3670, 8319, 14295, 66226]"
115801,"[97496, 58964, 45868, 83055, 78665, 20602, 97297, 57722, 97956, 30275]"
115802,"[60979, 47722, 24215, 5984, 9559, 1038, 98363, 57697, 95700, 40213]"
115803,"[69280, 6530, 11076, 66089, 8215, 14664, 40092, 44552, 60819, 9559]"
115804,"[72415, 41884, 103112, 46735, 101850, 61992, 23096, 88226, 25968, 30982]"
115805,"[94345, 44865, 70613, 74098, 48632, 78455, 70994, 25504, 73498, 7771]"
115806,"[20442, 91334, 60935, 74443, 86431, 77328, 5579, 76786, 68888, 101259]"
115807,"[74941, 98983, 1145, 85707, 94491, 57721, 30553, 99389, 87525, 11603]"
115808,"[7873, 11018, 89428, 83742, 21679, 84919, 6178, 777, 18250, 27184]"
115809,"[81442, 33196, 43643, 58365, 31247, 74740, 8950, 107120, 6634, 41829]"
115810,"[38643, 47260, 102104, 44661, 44510, 97989, 9340, 57470, 6078, 2818]"
115811,"[5849, 69092, 64552, 39272, 14044, 102222, 55466, 84809, 76787, 52379]"
115812,"[28426, 29432, 77817, 94175, 96685, 50193, 84722, 75812, 76931, 11031]"
115813,"[60683, 30224, 44941, 79448, 53397, 19383, 87499, 39434, 93662, 27904]"
115814,"[73690, 64668, 99627, 13798, 93564, 37929, 77181, 78870, 57453, 19934]"
115815,"[78931, 94052, 96531, 10536, 46907, 51627, 66933, 50957, 11132, 101671]"
115816,"[85120, 74949, 40271, 31356, 27545, 53420, 47407, 53292, 67924, 28975]"
115817,"[2333, 69516, 108321, 72337, 97548, 104652, 7059, 34929, 105588, 14803]"
115818,"[49428, 4952, 39327, 1722, 58972, 57948, 61149, 52175, 62571, 46885]"
115819,"[45463, 101488, 74449, 66461, 12069, 45130, 37862, 100517, 43358, 47837]"
115820,"[70146, 53018, 90784, 28577, 76283, 64762, 66084, 76613, 68153, 19738]"
115821,"[10943, 73462, 950, 101652, 37663, 9669, 1414, 81262, 59664, 78066]"
115822,"[10913, 83534, 75521, 38289, 32602, 30307, 12935, 103730, 59735, 17563]"
115823,"[37613, 70207, 37199, 108931, 49720, 99438, 40918, 102508, 27491, 9394]"
115824,"[58184, 102601, 70840, 82208, 56243, 16951, 35129, 77155, 105374, 41578]"
115825,"[59970, 52623, 72337, 90224, 72076, 73273, 8246, 104652, 28287, 12758]"
115826,"[34533, 28669, 100922, 67470, 4098, 105227, 37967, 72984, 27617, 77633]"
115827,"[103390, 74760, 92288, 23642, 93234, 1921, 85339, 76888, 86020, 81100]"
115828,"[91457, 97068, 94213, 108970, 26118, 70357, 62826, 93003, 59047, 95201]"
115829,"[91880, 70869, 106798, 42461, 75999, 100162, 18429, 39400, 20698, 11565]"
115830,"[34932, 95343, 35107, 17408, 88629, 107236, 69155, 90362, 60274, 19585]"
115831,"[3111, 54872, 96910, 53546, 88279, 10713, 24299, 58380, 20617, 43655]"
115832,"[20061, 39347, 25801, 106993, 93097, 84370, 84130, 9334, 95359, 100573]"
115833,"[44209, 76408, 74776, 47367, 80920, 30018, 22269, 35446, 49487, 711]"
115834,"[102720, 4725, 86520, 57469, 95137, 25971, 27929, 80919, 91358, 100955]"
115835,"[65914, 82996, 10240, 102127, 73326, 67768, 55777, 101025, 79352, 50857]"
115836,"[26041, 75441, 39158, 74726, 31454, 93583, 81484, 82366, 82847, 53066]"
115837,"[74515, 53944, 86963, 103486, 38466, 42958, 100772, 19979, 84692, 25784]"
115838,"[85546, 63329, 13526, 11755, 1506, 80086, 15666, 104335, 101496, 24703]"
115839,"[6660, 56144, 76079, 35206, 86080, 90814, 28858, 83194, 11561, 35592]"
115840,"[75859, 1239, 99263, 90507, 52696, 43167, 82671, 54106, 95481, 2300]"
115841,"[63410, 45982, 70593, 79331, 5866, 78065, 77223, 70996, 23581, 92644]"
115842,"[65671, 84615, 7978, 95584, 72426, 57372, 35013, 105919, 108898, 42722]"
115843,"[767, 32818, 42165, 65085, 8294, 13835, 71366, 13864, 79003, 107636]"
115844,"[95940, 56106, 73490, 20193, 17215, 27109, 20814, 21440, 51223, 20630]"
115845,"[89897, 9673, 1182, 39099, 88081, 70147, 107519, 13053, 106512, 48533]"
115846,"[50909, 27067, 40609, 1084, 63312, 68969, 54543, 61642, 37643, 101185]"
115847,"[38661, 55378, 86963, 100193, 83425, 22248, 92079, 19979, 75018, 76039]"
115848,"[8109, 42224, 31274, 9602, 78083, 70150, 45765, 88124, 44154, 15884]"
115849,"[60888, 78792, 4579, 88315, 99965, 63735, 66252, 76837, 8, 69278]"
115850,"[36558, 94392, 18421, 83076, 100651, 106299, 20028, 71480, 86270, 36898]"
115851,"[38875, 24443, 70922, 26307, 79696, 19756, 51904, 38349, 21438, 46431]"
115852,"[42475, 20857, 45267, 37259, 14129, 44504, 99079, 100682, 30910, 63004]"
115853,"[41575, 49346, 17992, 85261, 50684, 88212, 8509, 49120, 101845, 17603]"
115854,"[78481, 20638, 27942, 19429, 72438, 33998, 49512, 32863, 50907, 71776]"
115855,"[907, 36374, 792, 84339, 102197, 86777, 44096, 58586, 18442, 63076]"
115856,"[85832, 84825, 51782, 94638, 91550, 57912, 88081, 14157, 52425, 18137]"
115857,"[64896, 13167, 80192, 22886, 40735, 107547, 10468, 16994, 8693, 81440]"
115858,"[81217, 28184, 14841, 89640, 101518, 2177, 104709, 22797, 43936, 22358]"
115859,"[61609, 42206, 92026, 3225, 26776, 9476, 109498, 78456, 59493, 92336]"
115860,"[53756, 45738, 96268, 59223, 46597, 44891, 22843, 6538, 42699, 39751]"
115861,"[86467, 26728, 63655, 101480, 98845, 98221, 107240, 52806, 18814, 49862]"
115862,"[81938, 2730, 21496, 7998, 41319, 92530, 24544, 11423, 6712, 78729]"
115863,"[81742, 80068, 17034, 99872, 60864, 1689, 84944, 44447, 38268, 98522]"
115864,"[37868, 86270, 50404, 34192, 20028, 2134, 104976, 37945, 43557, 47723]"
115865,"[64033, 55292, 54503, 7204, 71514, 65731, 77640, 63032, 62054, 9998]"
115866,"[14184, 61089, 55305, 64086, 11366, 77200, 4289, 58127, 66442, 51348]"
115867,"[65257, 40584, 7964, 52018, 52730, 67558, 46153, 32199, 58369, 104284]"
115868,"[8356, 67065, 41702, 101969, 26177, 22500, 61281, 70313, 101956, 30813]"
115869,"[76129, 60184, 61524, 3953, 10805, 67834, 8923, 68614, 20778, 42913]"
115870,"[62802, 83234, 40685, 55408, 50346, 38728, 9220, 46691, 7628, 6747]"
115871,"[75561, 49576, 66440, 13051, 94000, 72472, 66540, 19034, 21123, 74574]"
115872,"[82886, 88638, 13606, 51180, 25182, 66258, 74598, 19231, 108739, 65885]"
115873,"[19694, 71549, 22039, 50209, 23247, 41981, 56026, 9709, 1213, 27904]"
115874,"[52634, 97453, 31098, 67636, 63622, 83225, 57006, 44494, 36322, 51603]"
115875,"[99143, 78756, 70506, 47743, 1443, 13617, 22964, 732, 72091, 5534]"
115876,"[79771, 39547, 85776, 37178, 86335, 94609, 87879, 65463, 18600, 60158]"
115877,"[75476, 22523, 23658, 107879, 101136, 91026, 76082, 13022, 7814, 37473]"
115878,"[74736, 3244, 85695, 37455, 45254, 36388, 68973, 106181, 82144, 48970]"
115879,"[19913, 99550, 52697, 20836, 3059, 75995, 88151, 33696, 66373, 49851]"
115880,"[32147, 76946, 37282, 41720, 4671, 72795, 70784, 45539, 99477, 22424]"
115881,"[76062, 62982, 96083, 26339, 42637, 94800, 2025, 63979, 48843, 73563]"
115882,"[100000, 49799, 8942, 39350, 89727, 73772, 31916, 87708, 97396, 55607]"
115883,"[71780, 35156, 71240, 20347, 106384, 107061, 61121, 30642, 81505, 78244]"
115884,"[83429, 75639, 82091, 8876, 43950, 36526, 42300, 79406, 72606, 47629]"
115885,"[38729, 40998, 81376, 72139, 70407, 19076, 64117, 26437, 67504, 63168]"
115886,"[51083, 62939, 88071, 13859, 46317, 84885, 73985, 29910, 88529, 66279]"
115887,"[83009, 9659, 73060, 81880, 81131, 39436, 68477, 12922, 18196, 914]"
115888,"[27660, 10060, 571, 77673, 81155, 66963, 20572, 97443, 101445, 88035]"
115889,"[11619, 70815, 49777, 83348, 105351, 12203, 32828, 11222, 55994, 65909]"
115890,"[95095, 8050, 90759, 80936, 48546, 15508, 85092, 2880, 42600, 45633]"
115891,"[55710, 31565, 78043, 68667, 25327, 45735, 65958, 90270, 70086, 89277]"
115892,"[72089, 55802, 21869, 782, 96889, 43589, 29849, 39212, 69300, 58388]"
115893,"[77754, 35341, 105394, 4997, 86044, 22054, 4146, 23913, 53267, 95939]"
115894,"[30731, 7894, 42370, 32158, 45477, 32856, 26019, 91521, 33509, 40740]"
115895,"[7064, 14950, 101588, 88395, 103512, 4029, 2465, 20510, 90524, 89707]"
115896,"[38336, 98108, 41695, 13503, 59021, 31138, 15074, 59034, 88747, 109337]"
115897,"[108290, 48983, 85752, 54981, 14688, 6007, 47139, 27269, 7942, 46705]"
115898,"[65036, 86405, 18874, 15797, 68592, 12068, 36455, 44636, 15035, 106418]"
115899,"[43349, 101968, 23054, 61310, 99339, 43315, 2363, 70975, 98592, 53823]"
115900,"[89859, 65458, 91157, 415, 7415, 34537, 27700, 43577, 42816, 108079]"
115901,"[52163, 55843, 59506, 27337, 58586, 4765, 91759, 104174, 84339, 52660]"
115902,"[70156, 42768, 8153, 66379, 54870, 105178, 31432, 5867, 49038, 74397]"
115903,"[14997, 90330, 106924, 74197, 14342, 91430, 34425, 33910, 86353, 50653]"
115904,"[29519, 69363, 77807, 15272, 12364, 8256, 63872, 68035, 79061, 7346]"
115905,"[2589, 80417, 30781, 60238, 108194, 85808, 65128, 20482, 74517, 19892]"
115906,"[41105, 68181, 87550, 67036, 65668, 92479, 35372, 51246, 82234, 43653]"
115907,"[20281, 58967, 61504, 97138, 77560, 53277, 41064, 36838, 43150, 13719]"
115908,"[54717, 45049, 17165, 65334, 95055, 104475, 27772, 82626, 6825, 82253]"
115909,"[90488, 102085, 51384, 7787, 92763, 70416, 17511, 46946, 48840, 67098]"
115910,"[13385, 1984, 44565, 103404, 12727, 31819, 64871, 93651, 46855, 97981]"
115911,"[80812, 37349, 16523, 53001, 100494, 38357, 76286, 11213, 51145, 75260]"
115912,"[97682, 69067, 28873, 102428, 66169, 77641, 18545, 91955, 309, 34693]"
115913,"[81655, 5174, 90021, 54312, 37172, 7533, 71247, 6130, 99175, 63293]"
115914,"[52514, 107687, 4925, 80683, 44602, 17310, 74778, 92832, 24798, 1426]"
115915,"[55721, 107991, 31834, 585, 63281, 53263, 47701, 69773, 43807, 72329]"
115916,"[102617, 28227, 104096, 64864, 8850, 59586, 15357, 85407, 9388, 96113]"
115917,"[22984, 71584, 89574, 57565, 90524, 17029, 46085, 61513, 13235, 77703]"
115918,"[40292, 5821, 44072, 2245, 80097, 25804, 17242, 81226, 47656, 45945]"
115919,"[69116, 69074, 1226, 63082, 37185, 12920, 96642, 820, 94132, 100003]"
115920,"[215, 68263, 19220, 102266, 98732, 56834, 29751, 14962, 36203, 48386]"
115921,"[14588, 86399, 52497, 79906, 53259, 98039, 64976, 44143, 36551, 27112]"
115922,"[4877, 106343, 5992, 7802, 71659, 44343, 50019, 29113, 19307, 109001]"
115923,"[91611, 28054, 19359, 96430, 26183, 90049, 71712, 49605, 34939, 4579]"
115924,"[30678, 102787, 85376, 49454, 77276, 41588, 57947, 40846, 38500, 50027]"
115925,"[58235, 7492, 93390, 29756, 83424, 9641, 81948, 5516, 52805, 10263]"
115926,"[68897, 96224, 87436, 17597, 36219, 46007, 109314, 106053, 6660, 78680]"
115927,"[34855, 75594, 97002, 6309, 104725, 27676, 55294, 26505, 98289, 38572]"
115928,"[18646, 86676, 14024, 6517, 46632, 62038, 100448, 14081, 14951, 64334]"
115929,"[52768, 53692, 20335, 75435, 37840, 47562, 85165, 99384, 40533, 23007]"
115930,"[101916, 44125, 87302, 22483, 66075, 48819, 75015, 29611, 37819, 46891]"
115931,"[22547, 75327, 40309, 92356, 45471, 82936, 14102, 15965, 71971, 45512]"
115932,"[108221, 7735, 55227, 40422, 99622, 91817, 8747, 3401, 80627, 81198]"
115933,"[97789, 26834, 75004, 69678, 70895, 22850, 85925, 37814, 98685, 66219]"
115934,"[8780, 105543, 49516, 18860, 103046, 2092, 17955, 97360, 22640, 89092]"
115935,"[86861, 90100, 23494, 32074, 23955, 51687, 305, 11781, 41628, 82942]"
115936,"[103667, 83689, 85054, 109510, 41858, 107616, 105451, 38410, 29204, 7946]"
115937,"[100996, 67869, 48619, 43819, 14760, 59512, 39538, 42448, 102183, 19548]"
115938,"[92163, 13158, 57584, 1408, 99462, 94136, 64792, 58841, 54903, 63183]"
115939,"[6647, 10223, 12190, 55906, 28612, 95758, 8630, 27680, 46446, 56395]"
115940,"[99154, 2832, 48368, 40307, 20385, 18028, 67721, 56546, 63975, 56145]"
115941,"[4280, 18139, 11952, 64330, 18978, 80140, 20218, 64838, 37721, 89408]"
115942,"[92045, 3136, 20575, 109050, 3336, 37956, 29610, 73216, 60842, 84617]"
115943,"[68988, 102867, 31146, 15218, 22746, 21716, 2561, 93181, 70447, 32272]"
115944,"[748, 99697, 74242, 105181, 5182, 51622, 53390, 10058, 88651, 72693]"
115945,"[8484, 69581, 36580, 4678, 2834, 3140, 7030, 42603, 63558, 41838]"
115946,"[37844, 109141, 88086, 26336, 36427, 8881, 71367, 57063, 103053, 90220]"
115947,"[25268, 8070, 106335, 42557, 90645, 50559, 95420, 27522, 94687, 46410]"
115948,"[107428, 81123, 52393, 70572, 2079, 101245, 8971, 73823, 36405, 71231]"
115949,"[43499, 104038, 100608, 80755, 52538, 30730, 89836, 72293, 101607, 78844]"
115950,"[76460, 84173, 51889, 53489, 96954, 15508, 16144, 27847, 75295, 27314]"
115951,"[56265, 18732, 78954, 56801, 11144, 4984, 39147, 94653, 71820, 88568]"
115952,"[45702, 51327, 50101, 12152, 48898, 59264, 61740, 55960, 61632, 87224]"
115953,"[79213, 46098, 70426, 98855, 61418, 100506, 24170, 61980, 82221, 31785]"
115954,"[48840, 32258, 99293, 75125, 4346, 99129, 42271, 39205, 100587, 65841]"
115955,"[61348, 2592, 68899, 41927, 137, 56206, 13772, 87081, 27613, 95600]"
115956,"[53113, 54988, 10153, 19281, 76273, 36792, 80404, 1105, 63514, 24806]"
115957,"[51498, 26631, 44985, 13514, 83977, 68606, 10154, 85855, 82976, 69180]"
115958,"[93900, 89492, 80853, 47491, 103971, 5603, 50763, 56128, 33207, 16055]"
115959,"[47004, 106875, 10790, 53196, 47544, 85167, 1317, 68541, 68135, 38618]"
115960,"[64767, 16833, 73259, 108047, 71350, 97560, 82425, 43537, 35170, 6865]"
115961,"[68472, 40379, 104264, 86284, 69000, 10543, 11143, 53806, 19319, 63125]"
115962,"[49617, 96967, 7010, 5376, 60541, 37798, 92688, 57993, 43058, 45300]"
115963,"[4690, 47234, 106126, 79939, 40173, 105278, 10005, 104778, 71301, 3615]"
115964,"[38939, 12910, 27489, 16724, 96190, 32886, 90972, 91022, 14874, 5543]"
115965,"[54132, 37146, 51583, 92737, 23572, 28297, 18487, 37266, 22249, 83043]"
115966,"[71363, 2403, 15229, 65792, 89140, 31325, 65414, 54636, 95250, 60574]"
115967,"[49878, 75332, 48577, 46418, 30464, 64743, 92071, 34274, 11261, 17751]"
115968,"[105005, 48729, 79347, 87046, 14820, 79313, 45165, 69370, 103674, 36941]"
115969,"[4124, 19839, 53006, 50759, 103984, 103148, 18766, 74696, 108819, 31922]"
115970,"[56202, 69830, 57874, 87608, 38345, 86207, 58172, 63791, 43940, 28879]"
115971,"[70347, 99916, 52176, 103936, 52082, 12485, 11897, 33135, 88367, 26384]"
115972,"[69672, 42707, 86972, 17826, 7276, 77464, 2248, 54900, 5458, 47222]"
115973,"[27453, 78848, 70055, 1791, 65222, 31734, 88040, 45515, 78815, 36035]"
115974,"[77021, 61620, 27727, 102951, 37476, 12947, 82540, 29598, 101935, 23507]"
115975,"[40972, 95840, 77194, 98763, 5653, 35465, 97059, 64272, 85882, 20670]"
115976,"[13347, 82032, 58237, 56327, 29520, 106207, 108298, 10627, 40324, 47634]"
115977,"[41364, 17242, 63233, 40292, 2245, 23531, 40025, 20949, 66056, 33195]"
115978,"[80743, 17449, 104988, 84722, 21859, 20982, 29088, 81499, 92245, 23290]"
115979,"[57076, 100392, 14266, 104673, 89700, 8672, 71329, 47390, 36968, 81043]"
115980,"[83850, 5607, 74956, 50453, 80368, 44701, 78914, 7326, 24687, 106938]"
115981,"[78932, 43871, 21312, 53092, 53721, 60571, 9150, 97152, 79792, 34426]"
115982,"[67298, 81253, 99325, 10082, 71087, 46183, 74274, 69536, 85821, 104735]"
115983,"[56199, 29229, 99420, 100594, 10332, 77521, 55941, 87440, 23396, 34284]"
115984,"[2091, 24719, 45379, 16240, 42727, 46047, 75215, 19191, 36790, 12254]"
115985,"[24653, 98094, 98703, 23795, 98464, 17815, 59560, 92706, 84921, 84155]"
115986,"[22936, 38681, 60225, 34846, 32033, 25400, 36702, 29053, 90834, 60241]"
115987,"[69178, 26111, 90374, 98170, 53769, 64229, 88462, 33609, 10732, 15386]"
115988,"[24694, 9389, 37831, 38670, 73884, 52517, 108999, 101520, 89570, 52859]"
115989,"[9792, 4838, 62859, 61855, 13827, 87505, 21744, 47830, 77582, 85069]"
115990,"[93907, 16777, 71533, 55532, 97254, 80257, 90799, 44162, 91921, 2939]"
115991,"[246, 77367, 21395, 68708, 77869, 3247, 108100, 17560, 46777, 66603]"
115992,"[7332, 99565, 35940, 6902, 40719, 21321, 80807, 14560, 85559, 2160]"
115993,"[82326, 41904, 52713, 29596, 97790, 35654, 33050, 5536, 61899, 7789]"
115994,"[61815, 41277, 25259, 83696, 91152, 86832, 10354, 101604, 64259, 58630]"
115995,"[7574, 83789, 12787, 104409, 43263, 7745, 80428, 40124, 95894, 35196]"
115996,"[33310, 37043, 81590, 75445, 13231, 62103, 44466, 39593, 11657, 55610]"
115997,"[33598, 26328, 21387, 43858, 54486, 105130, 47867, 54746, 104045, 46665]"
115998,"[49483, 73980, 86329, 80744, 5839, 17025, 65622, 52604, 13398, 53980]"
115999,"[42041, 70812, 73799, 58195, 37304, 77906, 26525, 61662, 3312, 41355]"
116000,"[94807, 41919, 52721, 40915, 69252, 93499, 67849, 97400, 22579, 60095]"
116001,"[75620, 58710, 46513, 74286, 98754, 22408, 72985, 32073, 55115, 75235]"
116002,"[104526, 83896, 5860, 18822, 105251, 33921, 63131, 59124, 45752, 74705]"
116003,"[39101, 76541, 32547, 70329, 62433, 90744, 55210, 80800, 8951, 46823]"
116004,"[46752, 63292, 46505, 86510, 53327, 100894, 50379, 107046, 65284, 57834]"
116005,"[18827, 23295, 86539, 80951, 5272, 90244, 69812, 74921, 14764, 33067]"
116006,"[57223, 44151, 11080, 4001, 60229, 103393, 15523, 3180, 1157, 14311]"
116007,"[51132, 37980, 26409, 53734, 10398, 50213, 65826, 24096, 54980, 101481]"
116008,"[6189, 105884, 107903, 67886, 77222, 50931, 41083, 75112, 20999, 73927]"
116009,"[22677, 94654, 70688, 81408, 22228, 80962, 31331, 72678, 32813, 18171]"
116010,"[73511, 71621, 61287, 78820, 51997, 78938, 95634, 61192, 9048, 34429]"
116011,"[57071, 10674, 35640, 73618, 43522, 100468, 16924, 88106, 73996, 59976]"
116012,"[63061, 67388, 920, 86068, 48704, 28961, 95846, 24048, 40694, 11251]"
116013,"[10611, 5049, 18198, 78190, 78185, 77237, 96847, 54446, 19375, 50918]"
116014,"[67437, 64128, 92589, 85064, 7709, 21591, 90022, 106635, 92652, 76983]"
116015,"[65771, 4661, 55079, 16506, 51931, 14763, 52036, 107455, 80818, 67985]"
116016,"[11791, 812, 38303, 28592, 35281, 101267, 86437, 69007, 95119, 891]"
116017,"[84005, 4607, 70101, 62585, 36147, 40197, 96138, 8229, 29810, 44241]"
116018,"[6989, 17934, 68421, 43340, 74642, 40672, 84703, 65259, 92748, 92726]"
116019,"[87607, 33687, 107418, 57091, 34378, 41009, 8746, 29771, 20830, 91989]"
116020,"[17360, 15743, 52166, 76554, 18250, 70383, 16222, 27945, 43992, 68926]"
116021,"[49516, 18860, 3585, 20812, 26497, 105543, 103046, 44344, 102852, 94261]"
116022,"[95361, 63970, 14931, 35296, 7032, 95317, 17096, 53654, 60191, 16507]"
116023,"[21688, 51887, 75207, 63259, 40115, 102708, 36503, 104113, 24603, 74051]"
116024,"[13691, 77624, 75795, 8832, 85901, 39598, 103489, 57328, 108573, 55082]"
116025,"[96475, 13606, 82833, 72283, 56117, 57389, 63327, 108739, 28920, 16714]"
116026,"[100929, 44556, 47345, 5885, 2043, 56081, 5105, 64027, 65580, 38809]"
116027,"[62861, 39618, 47628, 70009, 13496, 25409, 46820, 32202, 105350, 42771]"
116028,"[96474, 52402, 35905, 107460, 87450, 97275, 83367, 82, 19450, 38370]"
116029,"[103597, 97885, 27591, 10816, 55986, 38800, 92773, 21616, 78949, 48767]"
116030,"[20285, 90225, 62706, 45579, 8419, 54052, 72014, 85437, 72255, 81762]"
116031,"[88236, 65770, 6549, 12426, 35573, 84101, 94145, 51427, 1937, 34030]"
116032,"[67447, 89907, 89441, 30567, 15125, 99193, 39069, 49534, 18391, 42338]"
116033,"[252, 29550, 79406, 52772, 73318, 19546, 77890, 27452, 31420, 506]"
116034,"[105368, 66726, 71789, 23749, 31302, 6518, 28687, 36715, 36014, 59489]"
116035,"[40873, 12661, 74125, 14668, 61975, 100559, 94077, 45943, 85431, 84478]"
116036,"[39866, 16466, 76832, 95843, 42248, 56006, 64518, 24623, 74025, 18166]"
116037,"[77614, 7071, 99490, 75065, 5251, 18553, 53775, 92781, 102409, 75304]"
116038,"[103392, 28982, 86162, 51370, 100858, 25347, 98548, 103147, 11472, 90027]"
116039,"[59473, 15468, 20450, 55724, 102791, 79941, 92037, 68580, 73220, 53348]"
116040,"[71748, 18818, 107335, 5084, 49683, 7598, 56015, 15495, 26327, 23966]"
116041,"[109043, 73386, 64753, 52344, 26774, 61246, 104016, 96305, 86358, 85871]"
116042,"[65925, 19258, 44080, 95396, 156, 12486, 26952, 74641, 90191, 96925]"
116043,"[54493, 99873, 12758, 25305, 8246, 105588, 71690, 89663, 84016, 40123]"
116044,"[37540, 24022, 47889, 38480, 15643, 39096, 30467, 50962, 106379, 65853]"
116045,"[65276, 6825, 13572, 13646, 71095, 96720, 94183, 83274, 70755, 43504]"
116046,"[58683, 16341, 27054, 13934, 58670, 108360, 48032, 103234, 98613, 24879]"
116047,"[78636, 42372, 50377, 103781, 104389, 31699, 101339, 50196, 70819, 59542]"
116048,"[10659, 95722, 28129, 14565, 36094, 10582, 55515, 19975, 63819, 102411]"
116049,"[51381, 104780, 40151, 105482, 59555, 104044, 54979, 79528, 39910, 99179]"
116050,"[91430, 28641, 52940, 63187, 52888, 64067, 104364, 13487, 59835, 53513]"
116051,"[78332, 28560, 6084, 58667, 80235, 64822, 6881, 77532, 52388, 92682]"
116052,"[65865, 19448, 54954, 84021, 82152, 59771, 46034, 103614, 25719, 28540]"
116053,"[82318, 58379, 55220, 56633, 54034, 75714, 22191, 12066, 80095, 66803]"
116054,"[88462, 83639, 64391, 81140, 13595, 57672, 34150, 91229, 77967, 52428]"
116055,"[42813, 51241, 101218, 82090, 49825, 9961, 71044, 65219, 30960, 53131]"
116056,"[30815, 55988, 16627, 10746, 1883, 98272, 69845, 85666, 106220, 101600]"
116057,"[66341, 90805, 83307, 45665, 8249, 2717, 36364, 4013, 82404, 12769]"
116058,"[76258, 73580, 3575, 87950, 98632, 11418, 7260, 86558, 70279, 76930]"
116059,"[103805, 93006, 73505, 1349, 31502, 23982, 72631, 39318, 32780, 43748]"
116060,"[5718, 103616, 6686, 37134, 57803, 45477, 80084, 107902, 17156, 90164]"
116061,"[67843, 79537, 36325, 67693, 26159, 80448, 22908, 102541, 9735, 36303]"
116062,"[82440, 62747, 106026, 56659, 86063, 56979, 83743, 109500, 27579, 5950]"
116063,"[70505, 38777, 52414, 27587, 96132, 69923, 8557, 105345, 53711, 65767]"
116064,"[106275, 12081, 99903, 24927, 56723, 38857, 93591, 95548, 65892, 29486]"
116065,"[101117, 49719, 96059, 12392, 40162, 87229, 12745, 77927, 83618, 72826]"
116066,"[83325, 86484, 79908, 45489, 55240, 10892, 89060, 106433, 91751, 44834]"
116067,"[104276, 44757, 15200, 17960, 13035, 21989, 60736, 82183, 4722, 5781]"
116068,"[78824, 51340, 66102, 26576, 48232, 39206, 105137, 70564, 39196, 37851]"
116069,"[1539, 10286, 23929, 37070, 79932, 80380, 44747, 101794, 31405, 6956]"
116070,"[22438, 69716, 63235, 19815, 531, 93588, 37501, 99765, 36845, 90741]"
116071,"[29321, 64916, 53119, 34412, 64141, 4507, 37135, 29872, 22516, 19816]"
116072,"[83211, 25545, 32856, 41233, 78364, 81343, 30731, 7894, 3474, 19927]"
116073,"[2360, 95914, 17660, 49929, 104626, 69528, 29693, 14014, 43282, 79617]"
116074,"[75648, 62024, 92639, 71575, 52706, 90699, 21001, 106246, 61466, 23814]"
116075,"[45602, 101620, 86714, 94661, 76896, 10853, 41235, 75157, 8414, 42476]"
116076,"[74977, 60745, 104212, 49049, 26396, 49437, 86890, 63135, 95596, 24579]"
116077,"[72269, 26706, 85996, 15102, 18009, 46872, 53518, 35080, 61946, 9108]"
116078,"[92430, 102451, 69863, 96003, 10295, 12147, 55030, 7452, 76665, 26882]"
116079,"[6104, 98657, 45438, 6788, 34803, 55060, 83666, 6224, 75724, 64842]"
116080,"[24623, 12101, 77392, 99406, 73771, 12389, 97555, 79557, 76832, 87090]"
116081,"[11862, 38670, 56271, 22989, 85641, 103018, 39636, 45725, 61439, 55992]"
116082,"[60812, 31127, 6365, 51797, 44328, 102265, 12700, 29796, 22533, 101327]"
116083,"[83508, 80782, 63384, 52559, 24820, 80301, 81098, 56751, 49049, 105768]"
116084,"[92966, 74908, 99015, 77128, 35362, 20733, 8516, 98157, 32201, 76609]"
116085,"[5639, 11698, 13466, 78574, 56545, 95022, 46368, 23466, 14539, 12788]"
116086,"[57852, 54161, 59082, 73679, 62605, 107216, 39709, 61393, 24619, 91854]"
116087,"[79709, 62259, 34959, 40950, 13209, 24251, 14492, 16984, 70379, 17523]"
116088,"[42564, 102851, 101980, 99993, 37410, 44998, 38561, 51283, 65868, 24596]"
116089,"[60054, 2365, 99114, 62868, 66177, 48393, 73889, 73997, 93852, 54764]"
116090,"[50708, 15062, 58889, 30060, 73842, 82399, 18030, 45748, 9131, 51932]"
116091,"[31141, 33255, 102310, 13162, 101440, 26657, 24361, 105592, 35697, 9169]"
116092,"[15560, 109124, 81621, 50981, 68425, 24121, 79814, 39687, 68768, 43496]"
116093,"[86855, 51185, 67717, 23145, 88480, 105547, 99576, 104410, 53925, 10523]"
116094,"[2548, 44648, 95139, 32079, 81708, 85909, 82765, 14927, 73913, 9491]"
116095,"[50669, 96785, 52676, 8044, 100691, 17551, 71154, 57142, 46690, 40347]"
116096,"[71789, 38177, 76249, 102434, 109457, 43199, 95233, 57537, 96344, 33983]"
116097,"[35309, 19954, 72483, 14092, 18536, 3702, 32475, 29590, 99375, 44157]"
116098,"[51330, 61611, 98589, 4581, 81262, 91560, 53957, 88759, 49736, 89477]"
116099,"[27723, 54758, 79040, 69454, 52548, 104874, 106288, 35360, 89617, 24221]"
116100,"[28618, 108211, 2925, 30733, 96554, 25533, 99937, 43619, 96581, 92196]"
116101,"[35018, 19112, 91421, 18037, 94859, 92342, 17416, 72703, 86010, 80519]"
116102,"[31891, 106530, 43945, 48431, 104968, 104633, 93063, 34400, 99161, 10876]"
116103,"[84583, 65794, 90502, 51420, 106790, 87831, 4505, 1139, 22697, 65621]"
116104,"[32511, 27152, 22219, 61776, 53559, 25378, 112, 23465, 107195, 608]"
116105,"[32884, 89227, 80179, 27484, 5984, 76778, 100288, 10806, 14219, 44090]"
116106,"[34002, 22635, 87225, 65015, 8700, 9546, 97733, 30312, 102284, 48440]"
116107,"[84040, 102262, 106241, 50303, 52230, 97382, 83851, 38278, 20579, 27407]"
116108,"[11272, 51099, 7833, 17199, 84024, 66275, 29607, 7827, 85905, 72419]"
116109,"[28965, 2933, 70115, 23548, 72175, 9052, 64941, 75346, 49383, 102619]"
116110,"[43664, 51558, 60889, 34074, 14379, 105063, 76288, 47101, 69302, 3654]"
116111,"[8999, 85264, 63247, 57040, 75773, 102401, 36429, 12885, 39890, 96561]"
116112,"[76633, 88511, 68839, 107384, 67995, 89541, 90883, 86464, 103454, 55243]"
116113,"[101705, 13927, 4181, 40338, 74159, 58954, 108322, 104473, 9852, 56462]"
116114,"[37141, 97803, 22485, 69666, 49173, 43900, 105674, 97262, 74617, 39264]"
116115,"[98359, 60642, 36062, 90066, 81683, 56564, 12715, 97028, 30130, 13257]"
116116,"[76186, 56012, 62805, 98980, 38970, 18794, 98541, 48183, 94179, 105838]"
116117,"[32812, 31469, 73613, 70719, 109479, 14746, 27363, 44487, 20433, 35624]"
116118,"[75124, 90859, 29267, 44773, 34761, 74647, 59765, 53548, 65653, 94891]"
116119,"[35479, 103936, 47346, 105067, 81786, 72770, 6723, 94959, 86353, 66093]"
116120,"[18553, 22305, 11175, 53812, 20043, 10601, 66581, 75002, 2985, 59967]"
116121,"[76246, 93140, 86475, 96373, 34357, 33061, 15145, 103528, 14749, 70444]"
116122,"[42364, 93318, 12297, 27280, 29433, 14062, 60972, 33611, 25373, 42742]"
116123,"[37476, 27727, 102951, 12947, 61620, 97498, 101935, 77021, 80441, 51002]"
116124,"[77988, 30864, 59637, 19379, 4861, 50467, 86880, 87239, 48452, 49127]"
116125,"[102993, 36531, 74815, 55219, 47128, 32251, 19352, 33142, 8288, 78537]"
116126,"[57803, 13521, 105146, 103616, 48441, 17833, 5718, 80084, 81528, 41233]"
116127,"[7976, 55485, 75796, 48558, 69864, 73269, 66210, 3290, 70456, 55945]"
116128,"[85776, 94609, 65463, 86335, 100013, 87879, 104683, 37178, 62554, 18600]"
116129,"[36721, 74195, 34362, 84807, 65286, 72043, 76926, 8765, 36798, 27154]"
116130,"[34250, 61202, 105181, 55938, 72055, 88883, 107713, 73218, 38452, 24468]"
116131,"[64409, 77469, 7281, 24272, 37148, 90188, 37521, 109324, 5818, 101744]"
116132,"[105995, 5823, 48197, 8150, 73791, 88337, 96664, 70259, 512, 83112]"
116133,"[67891, 98757, 85582, 96970, 102294, 78771, 63378, 85046, 27317, 17337]"
116134,"[42696, 43675, 10348, 91559, 22635, 106881, 100844, 30312, 29970, 68392]"
116135,"[104107, 37428, 49732, 31564, 20809, 61691, 73273, 82846, 5, 97058]"
116136,"[106466, 28333, 67359, 106541, 6567, 105713, 32998, 85759, 84498, 15844]"
116137,"[23337, 91639, 53990, 58929, 30238, 96460, 72627, 18445, 105098, 52378]"
116138,"[93958, 101621, 8557, 69221, 70307, 27533, 47177, 106240, 94874, 55255]"
116139,"[30542, 45182, 63369, 83361, 37885, 105483, 57517, 7501, 83536, 63685]"
116140,"[88203, 11123, 10537, 83101, 12236, 45481, 53223, 13452, 81931, 79295]"
116141,"[98355, 16726, 104041, 15996, 31721, 94153, 44387, 69190, 72045, 36247]"
116142,"[59719, 74160, 69956, 11208, 97477, 46908, 23988, 46299, 106265, 23861]"
116143,"[62710, 2223, 27200, 97784, 29777, 101047, 42813, 6708, 65005, 50288]"
116144,"[19266, 35368, 10018, 54687, 50262, 16362, 95379, 73201, 86455, 90188]"
116145,"[108652, 47198, 97123, 2506, 51657, 23263, 31995, 19562, 50342, 27279]"
116146,"[4364, 17650, 54464, 63669, 20131, 6980, 33817, 1227, 87443, 84094]"
116147,"[79352, 7467, 44299, 86824, 63330, 72787, 62923, 38167, 56930, 61181]"
116148,"[62154, 75824, 9707, 3914, 52628, 63068, 16622, 58976, 57968, 31371]"
116149,"[35094, 2645, 73391, 64338, 14287, 7518, 21217, 27698, 31495, 12889]"
116150,"[68704, 73465, 49714, 12297, 77298, 91030, 47453, 96753, 10266, 80643]"
116151,"[74612, 65631, 73882, 6651, 100002, 42817, 4702, 30358, 51557, 75215]"
116152,"[25008, 87805, 106032, 91909, 23847, 70905, 81386, 25122, 63472, 77243]"
116153,"[74495, 34810, 95275, 98479, 89043, 89071, 6055, 49667, 108713, 22571]"
116154,"[3310, 2292, 21213, 17104, 99118, 102815, 96172, 104118, 42628, 30194]"
116155,"[12784, 13240, 107355, 27325, 17489, 21530, 44858, 100826, 46606, 90124]"
116156,"[43270, 90499, 14309, 16520, 29721, 82690, 31099, 72527, 7588, 52155]"
116157,"[90279, 60125, 87555, 34755, 37736, 25939, 108984, 66782, 36360, 2857]"
116158,"[52958, 50789, 73959, 26526, 24177, 35000, 24558, 54363, 67159, 41100]"
116159,"[43391, 79778, 75596, 41274, 11690, 54202, 40084, 68043, 97003, 11159]"
116160,"[71743, 26099, 89445, 42979, 31612, 1974, 72410, 2723, 36951, 66236]"
116161,"[63975, 39554, 23995, 10499, 20385, 89350, 70185, 74282, 29848, 13198]"
116162,"[53563, 78537, 22322, 87005, 11782, 52200, 77941, 61709, 2893, 14894]"
116163,"[79661, 45685, 80493, 5739, 83874, 86232, 66017, 54485, 12019, 85394]"
116164,"[30700, 31958, 99124, 706, 32099, 1606, 50922, 108808, 39037, 67852]"
116165,"[100203, 34582, 8959, 7931, 41189, 105977, 23201, 86013, 100192, 107268]"
116166,"[42561, 83440, 60766, 32658, 5214, 4450, 19325, 14567, 97606, 105790]"
116167,"[109536, 72561, 68266, 23202, 59575, 40571, 22061, 14651, 54429, 106137]"
116168,"[22051, 83126, 71803, 58016, 108732, 81911, 71929, 68192, 55369, 65236]"
116169,"[69885, 104062, 64352, 17262, 21677, 28122, 20544, 45767, 82854, 43936]"
116170,"[62078, 43690, 53980, 3720, 40398, 101091, 43977, 69190, 67625, 16913]"
116171,"[63909, 81744, 71256, 86529, 24983, 96326, 45858, 24585, 878, 49114]"
116172,"[93691, 66001, 81044, 104478, 20229, 528, 53614, 79268, 745, 65065]"
116173,"[21486, 40863, 92086, 783, 71315, 12395, 1737, 85411, 94677, 40888]"
116174,"[63030, 107832, 2789, 44540, 99074, 79196, 506, 48734, 73849, 64190]"
116175,"[23757, 60132, 100349, 1562, 77375, 31511, 8765, 35497, 70518, 21786]"
116176,"[63081, 3245, 35222, 52810, 71120, 100056, 18459, 67870, 30630, 99812]"
116177,"[5423, 21947, 85393, 99714, 25418, 59395, 61149, 91448, 23176, 65722]"
116178,"[7271, 22122, 18708, 74520, 67571, 45422, 31945, 27661, 84390, 75499]"
116179,"[11506, 11412, 59192, 46404, 39085, 80687, 65728, 104057, 20819, 60740]"
116180,"[59443, 77924, 577, 106960, 46441, 79528, 52008, 30724, 86110, 21684]"
116181,"[96358, 97821, 48488, 55158, 98932, 90690, 41649, 60982, 65004, 8188]"
116182,"[37476, 102951, 97498, 27727, 37367, 51679, 12947, 51002, 40478, 37272]"
116183,"[9173, 72633, 88769, 9593, 43906, 26155, 70248, 104120, 86311, 76859]"
116184,"[33471, 87444, 73330, 53260, 15252, 78728, 109288, 94995, 28571, 103471]"
116185,"[105533, 29910, 100648, 109534, 51083, 73985, 95764, 66279, 104737, 62939]"
116186,"[40824, 54151, 53436, 88286, 83680, 92422, 48168, 71101, 54468, 3710]"
116187,"[78170, 79071, 68817, 58187, 16086, 83, 87271, 102562, 73357, 108535]"
116188,"[58805, 19050, 53464, 44787, 2827, 68207, 72597, 29698, 83553, 24805]"
116189,"[55692, 87181, 32798, 71837, 56193, 46507, 96322, 84072, 103110, 68656]"
116190,"[31148, 27745, 105118, 78134, 106707, 62874, 16763, 53311, 64854, 1400]"
116191,"[46482, 79261, 1395, 42989, 50231, 87228, 70467, 43846, 17052, 66075]"
116192,"[60151, 12847, 60555, 73185, 23094, 59149, 88605, 102349, 84100, 9248]"
116193,"[12313, 4703, 10589, 86878, 14428, 52755, 106191, 885, 38102, 8573]"
116194,"[85141, 46517, 38983, 78711, 83425, 7201, 18988, 15552, 2498, 58147]"
116195,"[54529, 9209, 31605, 43574, 102973, 5430, 14343, 2068, 86447, 45559]"
116196,"[33144, 91619, 57664, 77321, 56458, 25128, 77266, 11104, 96626, 44094]"
116197,"[1618, 105593, 26309, 19250, 3174, 42826, 72919, 47873, 32186, 60348]"
116198,"[77173, 32939, 75831, 60499, 84615, 90545, 8345, 95584, 47610, 43561]"
116199,"[13032, 1034, 36399, 4219, 78062, 50786, 2483, 102853, 26649, 47650]"
116200,"[35270, 60268, 87614, 81458, 94120, 27607, 68943, 69291, 41464, 51507]"
116201,"[30547, 75267, 88324, 83659, 55039, 55159, 53374, 23416, 67295, 38588]"
116202,"[12607, 29504, 40144, 74816, 21581, 102986, 59246, 70361, 73022, 152]"
116203,"[19704, 89196, 90890, 40688, 58321, 74656, 10833, 11647, 89891, 61897]"
116204,"[6602, 78371, 4339, 11751, 43273, 54547, 5164, 49870, 28765, 10164]"
116205,"[75492, 15850, 9380, 70507, 13535, 78938, 68146, 32871, 74706, 40862]"
116206,"[72039, 40096, 4597, 67867, 65657, 64945, 21380, 76145, 41849, 67281]"
116207,"[59404, 32604, 23515, 22441, 18431, 16737, 77465, 6305, 30176, 50301]"
116208,"[64541, 65999, 21692, 46960, 2681, 16190, 51394, 59305, 95194, 4949]"
116209,"[87828, 18590, 30383, 90760, 51811, 37338, 32199, 100933, 53736, 43357]"
116210,"[26488, 9995, 36642, 62235, 23424, 18457, 8722, 68433, 23453, 68388]"
116211,"[3665, 46792, 57225, 71632, 65581, 64943, 48868, 36094, 77708, 106296]"
116212,"[90396, 49882, 102396, 39343, 77003, 57328, 104910, 10033, 40480, 97110]"
116213,"[56762, 38142, 57527, 39830, 104620, 60815, 1629, 13530, 106550, 71285]"
116214,"[54563, 18613, 48328, 6917, 71930, 89568, 104609, 16040, 7433, 72993]"
116215,"[6679, 46331, 12537, 76935, 72403, 60180, 771, 74291, 9037, 54154]"
116216,"[71218, 100923, 25297, 104827, 76095, 79610, 103376, 98397, 55219, 1704]"
116217,"[6026, 49747, 64022, 55794, 94227, 39718, 1743, 23478, 95037, 56341]"
116218,"[93096, 83134, 13049, 75542, 32069, 98338, 108583, 103839, 75483, 102192]"
116219,"[81839, 73495, 62891, 5060, 41754, 84596, 67273, 26733, 56646, 59703]"
116220,"[54844, 108440, 65539, 22315, 18049, 14859, 50346, 41778, 56700, 87591]"
116221,"[48780, 53151, 33528, 27983, 60200, 68067, 88981, 101824, 75098, 6128]"
116222,"[29169, 4108, 47998, 81657, 67286, 66967, 6176, 105138, 11089, 31717]"
116223,"[18528, 65738, 27742, 88039, 26074, 76223, 71590, 49260, 49159, 98236]"
116224,"[77065, 98565, 104728, 50510, 86653, 77794, 11617, 83833, 57073, 96158]"
116225,"[8684, 45149, 49830, 11546, 21413, 73266, 56302, 108962, 83785, 15849]"
116226,"[59376, 14267, 5119, 101903, 63901, 40917, 96265, 79351, 28705, 8061]"
116227,"[109628, 89699, 77893, 6878, 65770, 104641, 88236, 54812, 84157, 6549]"
116228,"[66985, 21288, 98331, 54556, 18901, 61696, 1070, 61633, 11950, 2276]"
116229,"[77795, 77975, 69625, 17267, 72050, 22441, 37345, 23274, 81360, 108409]"
116230,"[98804, 62081, 73668, 54320, 91935, 48503, 49860, 25279, 79853, 47654]"
116231,"[98056, 2903, 45282, 102008, 27393, 87414, 45106, 57011, 72685, 44760]"
116232,"[95865, 46579, 77828, 98931, 103498, 44306, 89407, 11179, 101372, 1766]"
116233,"[3258, 40719, 80807, 52310, 101704, 75634, 7332, 87240, 70831, 21321]"
116234,"[7175, 52347, 62523, 50125, 32701, 14142, 42014, 35642, 15587, 74459]"
116235,"[48706, 71125, 86953, 84840, 92184, 5832, 108756, 99310, 85893, 68434]"
116236,"[32547, 76541, 39101, 19995, 21560, 29163, 54911, 25136, 39145, 26397]"
116237,"[47440, 40720, 59304, 2517, 64859, 12201, 16370, 65796, 48285, 36592]"
116238,"[18653, 31172, 41469, 24353, 104224, 12989, 19974, 62588, 42858, 11999]"
116239,"[25774, 99525, 75895, 62136, 59802, 67855, 23738, 58817, 103851, 46324]"
116240,"[34098, 62928, 28742, 101914, 56492, 29152, 62903, 33963, 62218, 25838]"
116241,"[86381, 76509, 103245, 36350, 94444, 41979, 96214, 93904, 4831, 80752]"
116242,"[32432, 107380, 32557, 92587, 8537, 80054, 96853, 27867, 79914, 47987]"
116243,"[86855, 51185, 105547, 53925, 104410, 100016, 10523, 23145, 88480, 31486]"
116244,"[68002, 4085, 69120, 43390, 45067, 18706, 43496, 103365, 91717, 51794]"
116245,"[67401, 56340, 52689, 101576, 93043, 62951, 66451, 22184, 103307, 77715]"
116246,"[80803, 72634, 38781, 26135, 33476, 29658, 90956, 85499, 39746, 43520]"
116247,"[4848, 77128, 88306, 98157, 23194, 26256, 47364, 61904, 39061, 59867]"
116248,"[39802, 107996, 45187, 57458, 18039, 76581, 13816, 102014, 3488, 79371]"
116249,"[20794, 24547, 14770, 64031, 51810, 27797, 95281, 67825, 6022, 54290]"
116250,"[81868, 103144, 88245, 8872, 7540, 94869, 101028, 3197, 78906, 104245]"
116251,"[16012, 49800, 59871, 78985, 14974, 75951, 75458, 75374, 80248, 58353]"
116252,"[50482, 50190, 54219, 32793, 93825, 86805, 74902, 48792, 78411, 88971]"
116253,"[59022, 80714, 40556, 2646, 54381, 107532, 105598, 33906, 35019, 77040]"
116254,"[31022, 41592, 35748, 105197, 97361, 73251, 29426, 7370, 38031, 10070]"
116255,"[83014, 6891, 52023, 1525, 7658, 4479, 25551, 86768, 25323, 80442]"
116256,"[25067, 50145, 87873, 103997, 71389, 14897, 68393, 83190, 8166, 43157]"
116257,"[53980, 60317, 101091, 5839, 52663, 3720, 51074, 82789, 82449, 21480]"
116258,"[58128, 104987, 37489, 34159, 17811, 94271, 9786, 103045, 60405, 16635]"
116259,"[93273, 89671, 109745, 98564, 44921, 29015, 75475, 25034, 17303, 67917]"
116260,"[70809, 46370, 26825, 54925, 88215, 98500, 62759, 93316, 13547, 20966]"
116261,"[70142, 33710, 105678, 90766, 77157, 60190, 97554, 10969, 49344, 43336]"
116262,"[100847, 20145, 101369, 78945, 19060, 1745, 24857, 52651, 50243, 87161]"
116263,"[16981, 54996, 65525, 17761, 36503, 75551, 22461, 23281, 93986, 58865]"
116264,"[4190, 62529, 50226, 19238, 84502, 37999, 98267, 47237, 63720, 15501]"
116265,"[87793, 24220, 34165, 17330, 12888, 34531, 72559, 43008, 47752, 32419]"
116266,"[1759, 87357, 15564, 18106, 10871, 49236, 53630, 84011, 19705, 25110]"
116267,"[49214, 21381, 50436, 74647, 4833, 98669, 35012, 51391, 37038, 10724]"
116268,"[103644, 71680, 64052, 93713, 71579, 69114, 61049, 60061, 93683, 18625]"
116269,"[52682, 91321, 86211, 68604, 53866, 89407, 11179, 77828, 75815, 6626]"
116270,"[43356, 64603, 102135, 46776, 6697, 38986, 11098, 49306, 106237, 20215]"
116271,"[46582, 24894, 47045, 44837, 20789, 77351, 84712, 97808, 82007, 44574]"
116272,"[56925, 75787, 33157, 86939, 105694, 83390, 100179, 104746, 1588, 103859]"
116273,"[38443, 55250, 42189, 85888, 108132, 83808, 33181, 48829, 25667, 28021]"
116274,"[81293, 10878, 100890, 22429, 45860, 93397, 41949, 22012, 95954, 37968]"
116275,"[32389, 3430, 42426, 38097, 31050, 56972, 1382, 55425, 94135, 7483]"
116276,"[83790, 97196, 97750, 65366, 75420, 85280, 80839, 57611, 60978, 55403]"
116277,"[97565, 54714, 84295, 3395, 52688, 39337, 34128, 35781, 55932, 34770]"
116278,"[101136, 42102, 13022, 61362, 66209, 52435, 66194, 94802, 91728, 96911]"
116279,"[62639, 37037, 93012, 53015, 39233, 93240, 34617, 82354, 107285, 33225]"
116280,"[93542, 2493, 59107, 106941, 45249, 26155, 35319, 99248, 60199, 19408]"
116281,"[96691, 88446, 2307, 27851, 108788, 23470, 94574, 31134, 33187, 43921]"
116282,"[101926, 2967, 71150, 29684, 78465, 96206, 27128, 8712, 102491, 43877]"
116283,"[78683, 66330, 58871, 106363, 37138, 77759, 22715, 76316, 40871, 75453]"
116284,"[43679, 44320, 27559, 70882, 26445, 15493, 42988, 41132, 64286, 23462]"
116285,"[10027, 78757, 46385, 82247, 31106, 106774, 1452, 51401, 4806, 93034]"
116286,"[108797, 62828, 15678, 75981, 32276, 32786, 17121, 74079, 86371, 95782]"
116287,"[56378, 26296, 49495, 12803, 46498, 96286, 77574, 22538, 97652, 20491]"
116288,"[61782, 38645, 16873, 78377, 108376, 84967, 109487, 78936, 105388, 49860]"
116289,"[11124, 30419, 66537, 52767, 53650, 44019, 103989, 8266, 51866, 20731]"
116290,"[4552, 15458, 1388, 59355, 30519, 96828, 94672, 1291, 35671, 30471]"
116291,"[42616, 88374, 57351, 34007, 75528, 105004, 97455, 87910, 104786, 10318]"
116292,"[7161, 98990, 82081, 95202, 81415, 99386, 54893, 31654, 4452, 32435]"
116293,"[23467, 54399, 5945, 96739, 35746, 72846, 6336, 37955, 57997, 105600]"
116294,"[69850, 68952, 30331, 86021, 12442, 37152, 52499, 92226, 47612, 58061]"
116295,"[55545, 22032, 84284, 65898, 27068, 77886, 91423, 35399, 82117, 16479]"
116296,"[67355, 5805, 1465, 59966, 19239, 99378, 80426, 1993, 65055, 31885]"
116297,"[31693, 59291, 22605, 103049, 49728, 76257, 78527, 78196, 17591, 55213]"
116298,"[96973, 64636, 85525, 90087, 30001, 84781, 81336, 19723, 33318, 63916]"
116299,"[105889, 21019, 13455, 94744, 69423, 26891, 95899, 41896, 65226, 8467]"
116300,"[84870, 63811, 94154, 37383, 50007, 3445, 9005, 28203, 59224, 39911]"
116301,"[105746, 86378, 32269, 29256, 86870, 53120, 14141, 97138, 72432, 2263]"
116302,"[73972, 69779, 5745, 50415, 88632, 59215, 32959, 103873, 26504, 69800]"
116303,"[55547, 84577, 63207, 94245, 94167, 53228, 56106, 15946, 101535, 85002]"
116304,"[42553, 89103, 29004, 95560, 23179, 8953, 24721, 78904, 68435, 68023]"
116305,"[93823, 15910, 66385, 28149, 104203, 92523, 105847, 199, 102997, 63723]"
116306,"[27089, 24961, 17964, 88031, 27829, 39842, 71275, 26922, 5415, 81049]"
116307,"[99812, 23067, 21451, 68044, 31265, 53208, 66249, 93951, 16595, 109244]"
116308,"[9999, 3564, 64028, 32503, 50097, 86056, 77265, 47393, 75545, 57227]"
116309,"[47797, 104715, 8980, 37106, 10302, 52145, 69221, 109624, 106995, 37865]"
116310,"[81656, 105911, 28512, 36669, 71523, 27495, 91732, 12579, 85018, 69127]"
116311,"[57140, 18230, 30033, 37342, 34885, 86924, 73604, 17483, 105600, 39997]"
116312,"[67529, 55146, 27738, 73044, 50767, 57492, 9113, 96467, 97642, 81849]"
116313,"[108976, 24166, 37671, 21843, 69339, 94673, 72268, 40397, 70056, 68277]"
116314,"[65664, 74169, 61672, 40798, 4900, 65735, 50060, 42848, 100603, 34129]"
116315,"[98620, 20984, 99326, 9191, 84300, 85852, 95816, 66435, 50178, 81018]"
116316,"[11035, 32848, 30665, 24775, 12898, 104878, 63779, 106727, 101163, 86512]"
116317,"[68789, 60654, 22688, 76470, 76388, 34652, 33630, 73130, 3805, 48764]"
116318,"[101463, 68531, 73214, 21807, 90871, 106864, 22437, 103709, 959, 21054]"
116319,"[58912, 754, 66619, 90174, 52619, 108834, 20542, 74398, 57972, 22169]"
116320,"[36134, 51938, 109076, 66194, 96057, 45616, 51694, 34913, 81944, 43392]"
116321,"[30315, 10419, 6876, 66294, 103563, 32989, 93906, 85600, 21167, 21852]"
116322,"[88739, 2227, 36789, 55620, 95026, 15856, 75789, 44297, 89210, 55405]"
116323,"[46890, 3254, 44462, 36093, 86685, 5650, 1023, 79614, 97425, 51209]"
116324,"[72475, 14776, 71320, 44186, 73860, 69903, 73289, 50385, 95701, 42132]"
116325,"[15935, 32243, 19806, 51860, 54276, 28311, 29420, 23007, 46575, 52768]"
116326,"[10732, 10541, 15386, 10832, 69178, 37520, 98170, 13595, 76163, 17056]"
116327,"[18291, 70840, 48448, 13623, 91277, 76627, 77644, 33041, 105374, 22388]"
116328,"[21055, 9950, 64710, 15633, 43933, 45733, 67844, 108176, 63606, 30668]"
116329,"[44055, 85958, 51161, 106496, 55221, 98989, 97967, 25218, 106159, 92460]"
116330,"[93342, 63304, 82381, 34345, 27572, 108173, 82796, 66807, 17990, 53543]"
116331,"[21624, 75457, 59456, 68291, 66466, 107409, 45903, 28582, 1280, 35773]"
116332,"[37442, 52887, 24169, 32469, 34874, 74921, 107075, 46892, 17422, 68798]"
116333,"[68534, 72524, 106580, 100758, 80071, 64004, 17313, 41552, 49208, 27834]"
116334,"[88496, 102140, 85390, 28365, 105301, 4149, 39780, 2121, 42078, 81580]"
116335,"[93432, 91048, 33993, 25255, 32273, 53959, 15812, 42412, 81320, 13519]"
116336,"[101356, 71904, 91982, 14718, 71545, 80524, 94551, 74366, 21915, 108061]"
116337,"[93034, 57042, 59033, 81091, 14555, 71587, 54978, 18654, 17800, 52894]"
116338,"[5687, 81533, 84909, 57792, 37241, 20778, 87900, 23192, 53861, 53466]"
116339,"[101372, 81858, 7859, 36737, 25343, 7401, 59265, 88960, 6626, 91986]"
116340,"[63609, 79382, 63168, 45793, 70407, 22563, 15088, 67504, 87256, 98938]"
116341,"[89095, 70219, 72724, 50398, 62961, 61819, 49751, 84120, 22789, 15395]"
116342,"[28119, 87049, 68669, 67738, 50822, 96161, 9615, 64276, 81402, 16003]"
116343,"[22671, 52571, 50893, 1026, 102532, 53453, 6674, 27875, 5205, 42]"
116344,"[61471, 44583, 43103, 15649, 48540, 971, 73175, 102747, 97888, 73450]"
116345,"[65847, 67115, 22825, 905, 12277, 17403, 73837, 81761, 104564, 33108]"
116346,"[57528, 79157, 26457, 43122, 38030, 86770, 43265, 3226, 72590, 17187]"
116347,"[39697, 37026, 78760, 245, 73887, 84354, 94125, 92777, 23354, 79632]"
116348,"[22854, 105987, 12097, 44870, 49294, 50746, 56638, 84784, 11098, 70879]"
116349,"[9558, 103308, 64875, 16571, 37492, 23489, 74932, 84051, 70450, 32793]"
116350,"[42123, 77160, 61129, 46040, 46293, 88045, 24726, 31254, 29443, 48581]"
116351,"[105845, 79831, 5350, 24576, 105178, 31432, 70156, 62049, 37036, 19929]"
116352,"[91831, 12249, 100949, 98275, 97654, 37339, 65561, 24953, 39049, 55287]"
116353,"[97756, 12342, 59335, 74110, 20612, 76707, 103456, 106058, 101500, 5543]"
116354,"[2447, 75996, 56597, 95214, 22153, 27263, 33078, 72385, 93550, 30009]"
116355,"[57044, 61013, 31229, 77204, 82277, 5526, 97022, 53428, 16172, 41447]"
116356,"[85442, 106573, 67840, 68081, 51581, 15731, 31988, 31278, 16705, 74795]"
116357,"[3596, 85779, 44016, 82714, 15020, 590, 77638, 70355, 78742, 28569]"
116358,"[20501, 66491, 100637, 64958, 23803, 44731, 37203, 10525, 89985, 64259]"
116359,"[2898, 93127, 91895, 52125, 17695, 35614, 104330, 49842, 85977, 81602]"
116360,"[86489, 15202, 545, 19463, 52975, 33352, 11478, 13373, 70001, 26376]"
116361,"[45885, 58572, 104967, 3433, 17767, 102461, 85135, 80743, 30242, 33957]"
116362,"[42561, 105790, 46171, 32658, 58602, 5214, 83440, 60766, 4450, 97606]"
116363,"[102478, 108440, 98837, 88313, 54844, 65539, 93464, 109156, 64936, 74753]"
116364,"[78672, 27166, 106481, 26536, 93556, 90429, 20100, 36917, 71306, 38366]"
116365,"[28917, 101052, 3077, 27231, 50012, 22830, 76678, 82681, 50158, 57807]"
116366,"[72033, 11031, 64494, 2080, 77067, 77964, 3919, 83790, 35202, 67374]"
116367,"[57299, 85795, 14177, 70745, 31934, 19464, 48366, 76545, 76525, 96187]"
116368,"[45367, 26510, 76723, 35029, 77465, 86627, 38263, 89081, 76445, 108409]"
116369,"[89712, 7427, 20844, 46589, 4729, 87219, 23530, 70635, 23846, 97020]"
116370,"[92964, 29972, 16561, 7690, 86282, 18806, 104055, 74152, 66344, 22244]"
116371,"[82741, 47828, 9302, 10879, 37662, 32606, 102164, 108520, 23277, 74350]"
116372,"[16922, 18090, 81483, 14014, 20942, 17660, 29693, 38390, 32444, 95914]"
116373,"[59838, 17127, 46763, 58094, 27894, 37125, 14479, 18106, 19705, 84169]"
116374,"[57809, 26685, 98574, 55207, 83555, 88910, 58881, 94117, 58322, 75974]"
116375,"[32704, 68985, 89455, 61834, 93214, 22660, 42177, 86764, 59901, 61409]"
116376,"[15960, 16614, 12330, 89996, 25297, 79610, 55219, 79388, 79642, 12464]"
116377,"[88708, 10475, 23021, 82982, 43696, 109596, 59658, 75937, 6903, 78510]"
116378,"[56762, 83473, 13530, 1629, 85140, 87924, 57527, 17828, 67630, 33579]"
116379,"[24080, 94563, 37557, 102796, 55033, 41130, 41553, 67671, 49891, 33075]"
116380,"[42127, 23674, 32379, 78158, 10859, 19836, 59529, 50053, 2979, 23011]"
116381,"[76703, 22586, 12171, 97518, 224, 77039, 65186, 14436, 91858, 44278]"
116382,"[61658, 8917, 105216, 4497, 98560, 62063, 47799, 86025, 34986, 85756]"
116383,"[31077, 97318, 40152, 20334, 6071, 60195, 41960, 92875, 106486, 66155]"
116384,"[68934, 36537, 44155, 41411, 96650, 65395, 82248, 52410, 87708, 77556]"
116385,"[13822, 5417, 101529, 36012, 3565, 7642, 29929, 25768, 94440, 307]"
116386,"[61219, 64996, 3925, 71919, 95839, 15586, 82968, 43311, 48329, 75395]"
116387,"[60651, 60070, 108927, 97881, 38606, 86135, 76195, 50465, 53823, 29992]"
116388,"[100737, 86421, 106988, 84272, 25041, 60840, 33500, 95734, 105991, 69743]"
116389,"[16717, 90264, 55641, 7923, 71096, 26270, 108233, 92136, 72761, 101738]"
116390,"[70887, 38115, 26860, 103293, 77529, 84047, 25632, 29417, 2775, 4214]"
116391,"[103700, 17956, 65430, 75321, 53336, 37469, 8851, 109339, 95568, 9153]"
116392,"[43977, 95033, 35505, 51051, 67945, 69969, 67371, 51401, 106789, 27879]"
116393,"[9886, 102683, 23129, 18354, 1799, 99971, 26431, 19118, 61337, 38468]"
116394,"[55688, 65309, 50452, 15666, 71890, 9979, 435, 8420, 72938, 90834]"
116395,"[7014, 97484, 31807, 12117, 63348, 14235, 96514, 68163, 82964, 59360]"
116396,"[61975, 33679, 40873, 64392, 83717, 6963, 84478, 14668, 100559, 94077]"
116397,"[19878, 75316, 54697, 9328, 87389, 980, 20809, 65844, 63681, 18738]"
116398,"[30215, 9099, 17172, 94537, 38719, 102715, 34869, 9196, 92207, 15890]"
116399,"[44834, 92203, 47911, 101785, 105530, 99608, 74698, 11752, 84118, 63965]"
116400,"[75945, 76111, 18781, 91577, 63298, 35659, 26048, 5363, 101359, 95256]"
116401,"[102938, 24392, 77920, 87231, 15227, 42280, 103622, 92271, 75734, 45924]"
116402,"[22300, 16237, 41062, 51327, 50101, 12152, 14696, 55960, 21089, 86737]"
116403,"[8881, 92960, 86101, 71367, 41862, 62313, 3599, 26336, 107771, 21682]"
116404,"[72046, 55719, 58335, 14342, 91430, 15756, 43695, 52940, 44510, 50653]"
116405,"[70033, 4994, 91433, 21169, 14359, 60203, 99692, 76001, 90616, 65162]"
116406,"[11541, 41880, 95702, 36275, 93806, 109022, 68751, 36742, 4664, 47468]"
116407,"[73292, 46852, 59787, 61091, 59013, 63399, 52142, 11673, 83498, 6199]"
116408,"[16196, 34553, 59867, 47152, 31326, 34118, 85632, 94393, 103294, 100620]"
116409,"[103801, 34725, 59845, 31969, 17142, 22350, 108791, 72516, 71012, 69388]"
116410,"[105296, 13111, 39247, 10585, 105697, 21514, 93189, 62398, 78298, 101267]"
116411,"[18339, 4901, 77918, 84682, 105071, 45022, 60134, 27601, 5864, 100993]"
116412,"[35936, 92343, 55231, 80065, 46922, 10191, 49643, 72668, 55217, 74228]"
116413,"[49437, 88644, 26546, 87964, 49090, 33147, 73412, 20171, 69507, 80301]"
116414,"[80087, 52288, 23494, 44868, 51687, 19579, 80060, 102505, 68843, 31879]"
116415,"[84822, 98802, 66074, 89703, 107684, 66742, 16212, 109181, 12821, 30302]"
116416,"[90558, 53725, 25666, 77469, 44626, 29685, 37148, 37521, 5818, 67567]"
116417,"[99178, 67684, 28318, 11930, 24771, 1364, 75200, 57622, 108755, 103975]"
116418,"[77808, 96592, 28100, 73108, 10950, 2180, 81626, 97422, 12783, 98657]"
116419,"[108947, 79159, 2572, 51770, 86200, 43740, 4783, 13273, 43502, 48435]"
116420,"[57685, 54558, 68095, 14195, 67688, 96320, 30212, 100862, 72979, 99579]"
116421,"[46264, 12322, 67219, 5630, 21883, 68847, 91491, 23466, 83484, 72903]"
116422,"[22255, 29019, 100882, 9436, 104419, 87676, 97169, 26705, 9154, 15983]"
116423,"[44677, 87535, 71043, 84278, 92941, 94837, 57295, 44829, 74, 48913]"
116424,"[56303, 73826, 6806, 92841, 95573, 108541, 17843, 54396, 46931, 77123]"
116425,"[94268, 102204, 43754, 4933, 108108, 4923, 107219, 96431, 98034, 76052]"
116426,"[3012, 58317, 5960, 65752, 21888, 51459, 93470, 37317, 87404, 18899]"
116427,"[49172, 31136, 106137, 22061, 59575, 11264, 3351, 21986, 52763, 90327]"
116428,"[28860, 68422, 87183, 45426, 29614, 101069, 60220, 109262, 52168, 70791]"
116429,"[69427, 109244, 68734, 8807, 24208, 32874, 13438, 83680, 70080, 80895]"
116430,"[53060, 48316, 43236, 66425, 98584, 4801, 9922, 14320, 84568, 11251]"
116431,"[72086, 8017, 82000, 98319, 105324, 23330, 21197, 30358, 6134, 59622]"
116432,"[69800, 78286, 58885, 49448, 32205, 18054, 108777, 46658, 99906, 70600]"
116433,"[9799, 104681, 10904, 24971, 98608, 41547, 99546, 52139, 4560, 15631]"
116434,"[66504, 82193, 77695, 61633, 104262, 13164, 16740, 66896, 99081, 94858]"
116435,"[44018, 66889, 104294, 24907, 29116, 54559, 107851, 12684, 90490, 92177]"
116436,"[53273, 108353, 49769, 34143, 4787, 22138, 19568, 21937, 102815, 31885]"
116437,"[82982, 69963, 101955, 90353, 84364, 28145, 26727, 33556, 88177, 72426]"
116438,"[102559, 6119, 45093, 61606, 98380, 85364, 24536, 77588, 2134, 59539]"
116439,"[87454, 48120, 1423, 7219, 16869, 66303, 13249, 98136, 2108, 41177]"
116440,"[14880, 379, 92276, 92608, 23310, 1882, 93570, 12329, 92174, 45928]"
116441,"[42967, 85830, 104004, 61055, 61667, 100295, 2433, 65623, 31834, 81863]"
116442,"[26496, 20376, 59789, 11515, 78775, 35658, 108203, 16383, 38851, 45452]"
116443,"[31791, 102567, 31492, 13147, 96785, 17904, 25270, 16715, 93626, 85001]"
116444,"[60119, 65876, 79468, 35539, 61059, 40345, 2152, 95466, 81555, 96542]"
116445,"[65598, 6789, 43357, 88456, 46153, 67558, 52018, 32199, 65257, 37772]"
116446,"[20674, 22124, 100898, 57287, 59312, 50150, 7866, 53123, 11822, 51473]"
116447,"[30552, 54817, 27382, 27345, 96139, 33071, 85377, 90958, 6152, 95044]"
116448,"[15668, 44393, 66764, 41084, 7760, 49564, 36082, 63612, 63679, 103076]"
116449,"[95185, 102038, 87772, 43191, 105138, 37655, 34859, 95296, 10511, 5309]"
116450,"[88832, 107212, 24241, 69471, 42278, 26989, 95738, 61278, 78303, 9588]"
116451,"[92073, 7248, 7954, 60254, 33334, 33982, 84154, 22786, 13179, 19518]"
116452,"[48252, 99517, 67652, 95843, 64518, 102579, 47999, 50787, 35657, 42248]"
116453,"[72773, 81778, 2939, 95049, 75707, 26444, 68974, 95215, 47776, 106714]"
116454,"[50971, 85133, 97304, 49454, 26509, 41588, 43486, 9110, 65564, 40846]"
116455,"[21322, 29932, 31098, 88769, 83225, 94567, 76946, 86311, 20117, 4111]"
116456,"[95352, 48458, 76390, 2640, 106625, 79021, 28042, 24150, 43751, 1335]"
116457,"[103131, 42747, 28826, 35298, 85042, 67322, 41116, 22041, 2044, 98242]"
116458,"[62828, 65637, 53765, 61634, 15678, 48155, 10747, 86371, 108023, 33849]"
116459,"[98909, 64580, 103529, 88973, 7838, 15814, 71563, 43889, 22047, 33419]"
116460,"[96216, 108002, 99598, 76981, 70450, 76982, 84587, 22071, 108474, 71135]"
116461,"[82578, 94205, 3717, 11117, 17403, 92250, 1674, 47493, 59783, 65836]"
116462,"[72959, 1912, 43796, 72072, 63122, 37062, 105074, 3203, 21210, 35622]"
116463,"[74374, 23302, 51562, 18329, 75037, 57214, 93665, 12176, 43127, 75999]"
116464,"[40998, 64117, 26437, 28294, 63609, 79382, 77293, 39577, 70407, 4983]"
116465,"[29713, 105030, 101911, 74411, 103223, 71496, 72323, 752, 53787, 107538]"
116466,"[67892, 51402, 41344, 92336, 92927, 92566, 28795, 100308, 55042, 77342]"
116467,"[93289, 75898, 14691, 17417, 98796, 75848, 80567, 16474, 16005, 98126]"
116468,"[71172, 91817, 108221, 63002, 29282, 3401, 40422, 55227, 7735, 94313]"
116469,"[19006, 82985, 93369, 88610, 69915, 29754, 29648, 99070, 87419, 76449]"
116470,"[21187, 107850, 58865, 19491, 73323, 78023, 42200, 77949, 13961, 88297]"
116471,"[35609, 34443, 67182, 32221, 20766, 105498, 91589, 22375, 23149, 79258]"
116472,"[60428, 52159, 64262, 51742, 55676, 33885, 49424, 46056, 44841, 67654]"
116473,"[59922, 50270, 5080, 17843, 60809, 73826, 6806, 52561, 56303, 24994]"
116474,"[96262, 54499, 105992, 42586, 102420, 87711, 57184, 88862, 54051, 36719]"
116475,"[76893, 45072, 1320, 51836, 9198, 73295, 96548, 70958, 78848, 26662]"
116476,"[33449, 81217, 43366, 51354, 28184, 14841, 99573, 5979, 98750, 57257]"
116477,"[6911, 64960, 43400, 108119, 17995, 63726, 52005, 34040, 33760, 2792]"
116478,"[59971, 72859, 48468, 44188, 14450, 48307, 45168, 81021, 35364, 54302]"
116479,"[84703, 42379, 59028, 28429, 30147, 7794, 43340, 32232, 92726, 65259]"
116480,"[56337, 77958, 38678, 20871, 50686, 96606, 3056, 77138, 76152, 66151]"
116481,"[79671, 48021, 78764, 64137, 69680, 48869, 14346, 92646, 43475, 28450]"
116482,"[27037, 43540, 19509, 11547, 3839, 20909, 108098, 78566, 38154, 101682]"
116483,"[62438, 36059, 44285, 84547, 108726, 102569, 30470, 68550, 9055, 72630]"
116484,"[90314, 108582, 26344, 84844, 31118, 77877, 71360, 80810, 73371, 72052]"
116485,"[93131, 72276, 22860, 101790, 56174, 57630, 31284, 13379, 3086, 85733]"
116486,"[51083, 73985, 29910, 105533, 100648, 62939, 46317, 88529, 88922, 109534]"
116487,"[97038, 47232, 14357, 102860, 77012, 14907, 13428, 14360, 73079, 72750]"
116488,"[18749, 47568, 61426, 8698, 16242, 77357, 65409, 53581, 3582, 7399]"
116489,"[2065, 5324, 35157, 53238, 75399, 58179, 93174, 18328, 6210, 79466]"
116490,"[63121, 96719, 27412, 48815, 106598, 88848, 75412, 572, 1925, 73238]"
116491,"[108080, 38657, 77448, 64833, 78487, 46420, 35518, 76032, 106711, 54856]"
116492,"[21393, 43462, 69818, 28757, 58962, 51780, 67480, 92933, 85962, 97371]"
116493,"[31269, 15119, 74684, 38351, 52893, 44941, 86039, 30100, 107473, 8607]"
116494,"[75154, 87933, 82828, 19807, 53198, 89433, 81179, 26698, 95366, 38256]"
116495,"[13282, 32860, 16288, 45830, 69303, 85066, 7172, 58308, 87209, 91510]"
116496,"[7968, 87334, 50754, 56326, 47526, 96259, 27743, 20341, 108943, 19382]"
116497,"[83837, 8875, 22360, 52440, 34302, 62139, 108845, 59896, 82033, 7235]"
116498,"[77554, 41670, 16662, 739, 17620, 5789, 84838, 55576, 98476, 18348]"
116499,"[67131, 86906, 48216, 79911, 69914, 2582, 37746, 108758, 85169, 109648]"
116500,"[72092, 49562, 52675, 45007, 99447, 24586, 29263, 47117, 18998, 97381]"
116501,"[64386, 30476, 6031, 90571, 19374, 29387, 59348, 10636, 95278, 70642]"
116502,"[20294, 48811, 4836, 103301, 46956, 103794, 30949, 28411, 14472, 89659]"
116503,"[21576, 95162, 48948, 14559, 61203, 98627, 21436, 52578, 4325, 87589]"
116504,"[17700, 22195, 23157, 48515, 43516, 15922, 7874, 24896, 65341, 6895]"
116505,"[107141, 31672, 40101, 38963, 29347, 29257, 63461, 22858, 54273, 47959]"
116506,"[96802, 11691, 89660, 3363, 32600, 69162, 45599, 72597, 95056, 48766]"
116507,"[34140, 102118, 43324, 39519, 43258, 76593, 59154, 60732, 94718, 99582]"
116508,"[48203, 65678, 33963, 101914, 60401, 106502, 62469, 21944, 19566, 41842]"
116509,"[60538, 11059, 99785, 79056, 59186, 60498, 84323, 85868, 36178, 49366]"
116510,"[63240, 36644, 66190, 56680, 93142, 54249, 11480, 50336, 67201, 10369]"
116511,"[35682, 91892, 84542, 3402, 5535, 19926, 83377, 8688, 9843, 105856]"
116512,"[523, 72592, 26752, 88256, 33384, 105999, 104269, 96026, 87804, 56498]"
116513,"[71494, 33748, 63990, 48637, 55204, 14768, 98185, 33140, 11342, 108516]"
116514,"[70510, 66318, 25993, 80976, 74899, 10842, 107825, 35409, 5578, 76166]"
116515,"[84276, 98070, 53526, 22413, 20941, 95589, 71060, 14095, 65172, 38063]"
116516,"[35157, 18328, 1334, 75399, 29847, 77482, 66261, 79466, 5324, 93174]"
116517,"[99627, 37929, 60072, 102045, 56729, 78870, 33594, 80631, 108923, 97496]"
116518,"[64874, 97130, 97442, 45330, 108298, 108944, 2310, 23492, 4220, 36638]"
116519,"[3725, 32002, 88215, 15367, 87725, 57089, 27162, 45569, 54925, 85084]"
116520,"[59536, 81237, 35102, 51358, 75336, 39349, 102729, 42462, 59887, 74197]"
116521,"[23395, 82915, 34402, 27663, 8774, 101772, 100805, 49439, 47032, 15860]"
116522,"[35292, 105656, 49436, 97626, 66915, 44730, 5180, 100213, 35, 14249]"
116523,"[102245, 4103, 214, 41759, 61901, 97173, 63282, 90530, 39134, 90538]"
116524,"[47787, 53990, 30238, 45912, 24384, 72287, 105098, 60266, 91639, 58323]"
116525,"[64488, 72344, 39447, 91391, 84646, 37590, 77469, 68997, 60813, 89855]"
116526,"[67774, 24778, 45355, 39554, 35215, 78726, 61894, 89350, 41638, 93391]"
116527,"[26050, 56366, 72577, 90228, 60284, 41718, 79805, 46499, 53941, 99765]"
116528,"[65549, 100653, 21888, 64189, 33186, 12320, 2771, 29547, 2346, 58317]"
116529,"[7015, 105482, 67338, 28000, 55112, 109095, 35391, 75269, 82912, 48371]"
116530,"[72906, 70690, 57208, 70179, 34135, 67645, 62587, 66337, 70513, 34617]"
116531,"[65089, 30162, 65132, 75845, 99134, 73539, 10100, 53464, 44787, 33111]"
116532,"[60960, 76931, 61196, 47218, 45333, 106683, 79567, 36396, 72033, 85816]"
116533,"[10594, 59369, 107858, 49899, 74633, 82567, 3380, 95905, 93110, 103733]"
116534,"[77154, 92487, 95347, 53295, 100700, 52294, 39623, 44768, 58400, 60366]"
116535,"[13031, 61914, 43231, 4599, 29183, 36943, 92664, 45282, 2903, 102654]"
116536,"[92777, 78760, 90430, 109144, 40942, 100806, 71431, 15514, 5953, 73407]"
116537,"[65024, 13370, 90636, 23944, 86409, 38070, 22399, 34948, 73128, 78265]"
116538,"[93248, 53657, 33089, 54888, 52620, 35428, 103597, 55264, 44753, 50879]"
116539,"[107259, 87667, 95892, 89760, 79844, 40442, 23286, 50414, 96276, 67884]"
116540,"[83029, 78470, 100115, 17232, 15079, 54300, 96422, 51933, 52717, 33967]"
116541,"[37691, 61813, 79847, 60, 87179, 35122, 358, 8858, 79760, 22605]"
116542,"[74153, 36566, 14399, 102563, 40150, 45731, 4180, 59360, 77164, 102552]"
116543,"[3163, 19890, 57304, 7791, 49342, 21962, 14224, 11181, 106080, 46777]"
116544,"[87121, 81073, 81977, 59723, 91274, 82926, 64680, 6546, 51023, 80712]"
116545,"[104037, 64444, 50531, 26065, 76910, 67586, 91845, 59826, 66260, 87376]"
116546,"[77961, 88848, 95318, 31709, 18491, 44364, 33990, 16112, 38417, 71001]"
116547,"[67391, 103483, 57844, 84029, 95, 107611, 59716, 31961, 68895, 67871]"
116548,"[1610, 44037, 32350, 36795, 84643, 26897, 71104, 69885, 101095, 53777]"
116549,"[24859, 82649, 34653, 51521, 13705, 99851, 23188, 3749, 80900, 97895]"
116550,"[75859, 82671, 54106, 95481, 72484, 52828, 17033, 90507, 43167, 39344]"
116551,"[36036, 8827, 56631, 107395, 64114, 50458, 105919, 37022, 27026, 1033]"
116552,"[16536, 72814, 80382, 41594, 44236, 15200, 37325, 79818, 40994, 16330]"
116553,"[50128, 98886, 95215, 51904, 70865, 103969, 75707, 80277, 50012, 93795]"
116554,"[42204, 35567, 16092, 24922, 15457, 104469, 70473, 14713, 29973, 91784]"
116555,"[61542, 13966, 7924, 91034, 86456, 95651, 75957, 49664, 55652, 87293]"
116556,"[106528, 21573, 42738, 47564, 100201, 59485, 33594, 28879, 7860, 18413]"
116557,"[10732, 49916, 98170, 100239, 57672, 90374, 58389, 15228, 25521, 37520]"
116558,"[48493, 38508, 16234, 60376, 57360, 65108, 108886, 106362, 36455, 72107]"
116559,"[19880, 106271, 41033, 65024, 13370, 10979, 16067, 51260, 40209, 74552]"
116560,"[106245, 29450, 3250, 97062, 56249, 58552, 45590, 40042, 67877, 81983]"
116561,"[2100, 102703, 98563, 83382, 84600, 44089, 23965, 3467, 100190, 87361]"
116562,"[40063, 14370, 44538, 62273, 21145, 27559, 87880, 101110, 55180, 18825]"
116563,"[65096, 93978, 71212, 20479, 26952, 77886, 51672, 44080, 44584, 19258]"
116564,"[71215, 6486, 64270, 78648, 43991, 108674, 43960, 77373, 35529, 22473]"
116565,"[50027, 88039, 92595, 39391, 41588, 85376, 84753, 102787, 77551, 78225]"
116566,"[6562, 4913, 57526, 102914, 76442, 38728, 90446, 4705, 30867, 103630]"
116567,"[29272, 38953, 59691, 11369, 94615, 76113, 73005, 72729, 92131, 109681]"
116568,"[44163, 106521, 44152, 96915, 86314, 15688, 5381, 12383, 5483, 15799]"
116569,"[95919, 4200, 14775, 37500, 39424, 8502, 13628, 88596, 25304, 33017]"
116570,"[63183, 97357, 99462, 68896, 20262, 13158, 7643, 58959, 47229, 9320]"
116571,"[95852, 96675, 105706, 42059, 65535, 47415, 30170, 40137, 96229, 60277]"
116572,"[12987, 70046, 54929, 90512, 58750, 33625, 93517, 59858, 65427, 1063]"
116573,"[3812, 62088, 57576, 14202, 5082, 24561, 35558, 108369, 63012, 31399]"
116574,"[2876, 94583, 25891, 104536, 27198, 99496, 8764, 50235, 64515, 18058]"
116575,"[49488, 91030, 23661, 27280, 37607, 49270, 12297, 107049, 42446, 96753]"
116576,"[80817, 47560, 56423, 63146, 21379, 52476, 12868, 61369, 49777, 74203]"
116577,"[28597, 83074, 40432, 40943, 57822, 18815, 74554, 48425, 601, 98026]"
116578,"[50068, 3455, 67217, 41354, 520, 42174, 75679, 16191, 18202, 79923]"
116579,"[28314, 106982, 59507, 2783, 50265, 34021, 63526, 105469, 61015, 42581]"
116580,"[52240, 60499, 37856, 44728, 46601, 87573, 3573, 102758, 100584, 108883]"
116581,"[60557, 103200, 83765, 99363, 89489, 103581, 67656, 91378, 54265, 11105]"
116582,"[95839, 22026, 36039, 88509, 43311, 71919, 6818, 806, 28475, 10381]"
116583,"[21159, 95670, 76010, 102573, 90935, 73805, 15966, 90691, 21144, 107017]"
116584,"[58865, 70838, 72081, 56852, 45890, 103419, 42200, 73323, 84455, 75551]"
116585,"[37688, 15262, 94224, 19518, 24664, 67604, 80893, 45420, 77197, 75862]"
116586,"[54292, 6625, 98055, 37604, 51930, 101715, 65441, 11816, 3429, 18401]"
116587,"[62387, 42438, 68580, 84080, 86367, 49323, 74600, 99303, 14935, 27847]"
116588,"[4057, 31329, 65361, 96355, 92881, 57414, 27699, 42059, 65149, 12409]"
116589,"[62460, 4235, 18636, 107887, 41140, 105409, 46645, 96279, 69842, 95088]"
116590,"[74556, 85318, 3174, 27045, 60731, 105377, 31183, 30638, 15624, 70455]"
116591,"[34573, 84182, 55997, 44580, 90675, 17564, 12077, 91859, 92897, 78210]"
116592,"[73475, 94428, 84147, 91612, 28623, 105885, 88568, 15683, 105397, 25428]"
116593,"[30882, 45901, 105054, 51573, 31604, 27281, 101654, 99364, 62447, 10223]"
116594,"[46329, 41280, 37667, 33687, 94381, 90673, 82852, 41272, 95997, 27812]"
116595,"[36426, 17022, 48783, 85323, 42465, 36006, 95142, 86510, 56411, 92509]"
116596,"[99237, 79235, 53861, 85659, 5687, 42913, 108906, 62559, 76129, 105230]"
116597,"[64685, 106015, 73478, 2137, 69302, 3654, 98056, 81965, 19792, 38895]"
116598,"[31824, 62075, 102489, 70052, 49741, 60132, 60365, 44700, 16216, 44228]"
116599,"[68387, 21964, 699, 30591, 102424, 84906, 67349, 33670, 92097, 66574]"
116600,"[26255, 102008, 61818, 82127, 92634, 96342, 80811, 87150, 73478, 2137]"
116601,"[37020, 48495, 28680, 47470, 63622, 66875, 16701, 93964, 58189, 83225]"
116602,"[72814, 16536, 44236, 15200, 41594, 27031, 79818, 80382, 40994, 74378]"
116603,"[6333, 29103, 17165, 62121, 54785, 45072, 66412, 54717, 66298, 65274]"
116604,"[74595, 59924, 92171, 42754, 63365, 5736, 98432, 101187, 102976, 64617]"
116605,"[68846, 19268, 25178, 13162, 59352, 1823, 46829, 105512, 56520, 12400]"
116606,"[31102, 56795, 45157, 36206, 20005, 31878, 93323, 84356, 666, 47712]"
116607,"[59629, 59475, 52366, 16299, 102360, 64794, 97778, 26496, 16383, 35658]"
116608,"[65933, 103642, 64852, 37673, 103178, 9565, 29891, 6004, 33773, 27513]"
116609,"[45600, 102108, 3955, 95579, 8588, 32442, 10889, 88611, 50269, 105373]"
116610,"[29550, 52772, 23554, 86695, 29613, 35874, 24722, 82689, 96483, 51314]"
116611,"[31329, 39257, 109037, 53679, 79642, 22004, 78385, 32771, 37512, 100310]"
116612,"[63231, 41782, 103969, 43038, 1029, 93795, 47601, 87353, 61777, 71778]"
116613,"[80352, 46137, 39237, 51566, 46824, 107583, 10306, 94601, 5435, 4433]"
116614,"[105294, 65604, 31547, 107025, 24841, 17799, 23288, 20580, 26394, 94721]"
116615,"[62639, 16225, 34617, 23328, 107285, 102103, 103326, 78169, 26918, 75451]"
116616,"[78455, 44865, 73498, 70613, 19261, 17049, 74939, 102370, 3761, 57182]"
116617,"[9411, 56900, 53219, 93572, 91988, 5622, 105608, 108102, 92032, 86114]"
116618,"[104464, 104117, 6108, 86423, 34873, 48480, 22108, 106181, 53017, 77248]"
116619,"[6023, 40989, 67141, 96931, 58992, 18313, 63557, 4720, 41185, 21247]"
116620,"[51375, 55992, 58890, 73650, 30948, 73372, 74605, 78597, 44785, 26387]"
116621,"[101465, 60710, 107484, 98219, 97531, 46616, 54098, 54331, 32275, 82443]"
116622,"[18588, 104781, 98720, 100968, 8659, 76171, 75221, 82221, 11569, 30384]"
116623,"[103519, 69256, 50947, 40412, 25389, 104819, 12811, 39480, 56498, 34521]"
116624,"[106615, 7130, 37528, 67731, 100948, 87460, 14842, 34197, 37592, 102159]"
116625,"[86218, 15204, 92686, 18477, 74152, 70110, 73140, 67498, 55222, 716]"
116626,"[70344, 89580, 98874, 57005, 98016, 99731, 40050, 7645, 21725, 1492]"
116627,"[28733, 106209, 104591, 21903, 96067, 71957, 42821, 100477, 22759, 9963]"
116628,"[73165, 35050, 4449, 93561, 57407, 66368, 102480, 108682, 13429, 99721]"
116629,"[85384, 12173, 33194, 98979, 101344, 91644, 52155, 56199, 29229, 33239]"
116630,"[97893, 54692, 102269, 1095, 49490, 88517, 20682, 50083, 31367, 71908]"
116631,"[85030, 88318, 1398, 50865, 46231, 48923, 62378, 88011, 1828, 103543]"
116632,"[47384, 41003, 96707, 28162, 83589, 38462, 25801, 36594, 73616, 97512]"
116633,"[22328, 78374, 31650, 20823, 26162, 89143, 26032, 77461, 10210, 3674]"
116634,"[108767, 11411, 3197, 6831, 75158, 85023, 100240, 78449, 16028, 45601]"
116635,"[93255, 70588, 107339, 70658, 36276, 94080, 108780, 63594, 80312, 75830]"
116636,"[13228, 68232, 86823, 11523, 24316, 35906, 10083, 30059, 47392, 21598]"
116637,"[24326, 63685, 45075, 44450, 109647, 91969, 110, 94282, 94565, 54343]"
116638,"[58922, 103906, 12675, 48790, 40241, 19517, 10137, 9655, 94497, 104612]"
116639,"[103341, 58325, 50774, 34050, 64688, 34013, 76734, 107718, 11767, 61329]"
116640,"[51776, 48582, 35266, 86293, 42459, 46646, 44208, 53123, 56184, 105765]"
116641,"[49408, 28869, 69854, 9300, 27109, 105905, 36912, 88591, 10376, 63207]"
116642,"[69851, 13634, 39970, 59726, 37229, 54199, 21219, 93256, 8713, 59035]"
116643,"[97921, 63714, 31092, 54965, 93221, 51535, 61435, 106567, 79002, 34117]"
116644,"[47776, 14093, 22784, 75257, 52264, 5181, 14596, 76378, 21454, 88120]"
116645,"[65113, 52719, 89813, 55539, 7398, 66027, 971, 9720, 54271, 70487]"
116646,"[108520, 23073, 105192, 109368, 61629, 57398, 17927, 86554, 7311, 106088]"
116647,"[7678, 65323, 71930, 38709, 32172, 100441, 50359, 12103, 12892, 27223]"
116648,"[70370, 44845, 101640, 783, 25402, 51084, 80779, 12307, 90790, 42088]"
116649,"[94361, 96387, 100713, 43513, 23325, 57491, 9857, 107872, 60382, 95594]"
116650,"[106556, 30493, 17181, 10809, 3666, 77412, 32361, 60510, 39689, 19056]"
116651,"[65245, 54669, 93226, 63109, 11543, 33354, 61274, 76312, 83785, 26556]"
116652,"[51337, 24225, 5907, 48018, 59513, 99239, 35876, 17945, 101637, 88146]"
116653,"[70940, 31598, 107962, 11344, 22937, 83975, 52603, 4809, 81350, 5445]"
116654,"[24653, 17815, 102176, 63617, 84155, 30825, 63167, 98094, 15382, 98464]"
116655,"[17500, 52950, 47589, 41409, 90686, 73653, 1333, 38776, 99454, 23836]"
116656,"[67480, 97371, 104919, 58962, 43462, 60670, 13708, 85962, 28757, 69818]"
116657,"[91494, 1401, 15713, 83776, 35629, 29860, 95166, 39789, 71220, 26193]"
116658,"[29995, 68666, 51413, 65300, 75559, 61350, 44511, 81275, 97916, 33237]"
116659,"[63669, 86285, 91099, 77047, 72778, 33817, 86247, 20131, 10446, 109087]"
116660,"[65606, 18037, 27663, 45898, 72703, 75777, 80519, 76271, 12525, 34402]"
116661,"[3697, 31664, 51099, 85905, 33148, 6116, 70911, 71255, 103229, 428]"
116662,"[101382, 99131, 64426, 106789, 3205, 69707, 2751, 79710, 45552, 35037]"
116663,"[60175, 4628, 16801, 16181, 20597, 26795, 52041, 8735, 45980, 102087]"
116664,"[57008, 45237, 91659, 68328, 61860, 93770, 41084, 43803, 66487, 48943]"
116665,"[13798, 40809, 93564, 90461, 73690, 24819, 51000, 40923, 63715, 97833]"
116666,"[18071, 53540, 51145, 106082, 53001, 57255, 50729, 31990, 104102, 81165]"
116667,"[43811, 40185, 19659, 17469, 73258, 68431, 28209, 96735, 75960, 406]"
116668,"[75998, 76463, 11769, 105959, 95301, 104023, 50428, 50918, 11459, 35977]"
116669,"[8130, 27005, 13533, 85620, 35232, 107413, 54825, 95440, 82261, 89585]"
116670,"[60199, 75510, 101325, 19415, 44544, 67175, 88826, 51947, 70476, 26155]"
116671,"[70780, 62783, 32660, 23587, 20692, 28778, 101949, 8524, 98102, 59883]"
116672,"[43866, 21086, 90802, 57366, 103893, 19368, 82260, 30320, 24200, 95213]"
116673,"[66034, 80978, 83576, 53188, 53298, 93025, 26288, 105695, 17528, 107153]"
116674,"[86645, 39185, 85229, 94238, 67920, 58353, 75951, 16518, 40032, 19612]"
116675,"[85203, 7736, 100530, 15612, 30664, 31402, 96149, 97539, 51908, 29761]"
116676,"[93636, 103832, 30698, 105596, 81424, 8888, 40768, 99513, 79729, 20874]"
116677,"[74714, 28978, 100805, 9649, 501, 64500, 56953, 92430, 59785, 7673]"
116678,"[79780, 2989, 86368, 68870, 6703, 21272, 86208, 63089, 34668, 98984]"
116679,"[6305, 1499, 62907, 75451, 27308, 77655, 61974, 82700, 95547, 34135]"
116680,"[3740, 101432, 58309, 56412, 70704, 19712, 51681, 47898, 63860, 59969]"
116681,"[2427, 65198, 68742, 91572, 95354, 38356, 68765, 479, 90715, 99482]"
116682,"[67068, 50591, 103678, 105074, 86014, 6235, 50582, 34722, 65317, 14568]"
116683,"[4808, 60771, 76404, 54479, 94160, 101917, 87887, 10845, 28022, 82764]"
116684,"[99741, 32573, 7464, 10713, 48912, 87108, 20153, 74868, 100443, 69291]"
116685,"[92245, 23290, 8664, 17449, 100542, 13696, 29088, 45479, 42892, 73454]"
116686,"[1642, 41602, 34990, 3154, 103014, 38423, 57253, 27509, 46673, 29586]"
116687,"[74400, 29606, 2207, 17397, 97, 79634, 66988, 26801, 54196, 67075]"
116688,"[35797, 109228, 38981, 17132, 76583, 6334, 96505, 6853, 25503, 25799]"
116689,"[70904, 11894, 56789, 85, 83930, 104351, 36316, 69362, 48819, 48914]"
116690,"[72960, 77737, 81501, 2105, 35185, 443, 70404, 83744, 63221, 24126]"
116691,"[30700, 103043, 13082, 74299, 7235, 76078, 18464, 84888, 108808, 42008]"
116692,"[62608, 92213, 10469, 30793, 104816, 41750, 91826, 87237, 11524, 78920]"
116693,"[105761, 30216, 24396, 106334, 27902, 97206, 40231, 76954, 93397, 34641]"
116694,"[71755, 13736, 104961, 95448, 71942, 84557, 17419, 102151, 108010, 54463]"
116695,"[2376, 99040, 23960, 95435, 54895, 35195, 77334, 97135, 86683, 84368]"
116696,"[43380, 80645, 34814, 76586, 6620, 94882, 47015, 48451, 106739, 22585]"
116697,"[81459, 80742, 51610, 95199, 84763, 83932, 106290, 108326, 107194, 57188]"
116698,"[44302, 41643, 108364, 5513, 98806, 57793, 96845, 94330, 58200, 47041]"
116699,"[21000, 35299, 18752, 20119, 66237, 61922, 82079, 24089, 56382, 56884]"
116700,"[38058, 29238, 69621, 8932, 77770, 80034, 75799, 22485, 81589, 42407]"
116701,"[17630, 76730, 98203, 39437, 39824, 1491, 84465, 69432, 16665, 104219]"
116702,"[29088, 100542, 45479, 23336, 17449, 81719, 92245, 23290, 13696, 17767]"
116703,"[52179, 101143, 78830, 26980, 64949, 1171, 108507, 108729, 10006, 40166]"
116704,"[50404, 34192, 26967, 41410, 30240, 77775, 14743, 68309, 37232, 43557]"
116705,"[31907, 36810, 807, 83793, 14985, 15070, 85648, 59742, 46501, 56965]"
116706,"[56959, 9408, 72321, 54962, 25458, 46195, 22848, 67183, 4456, 70052]"
116707,"[19581, 8957, 11861, 34588, 77387, 29508, 52830, 100462, 28768, 42133]"
116708,"[5620, 72252, 69734, 15492, 38871, 85548, 57016, 44049, 50269, 87776]"
116709,"[1692, 4127, 108010, 102151, 95448, 71755, 105436, 81802, 1142, 28678]"
116710,"[102225, 22812, 77098, 69167, 99078, 105956, 45299, 32091, 72503, 70519]"
116711,"[98420, 74022, 51537, 105516, 69459, 69258, 6067, 70515, 68374, 50371]"
116712,"[82062, 73515, 25746, 85466, 81828, 43224, 38121, 4820, 93707, 72925]"
116713,"[106626, 24256, 104792, 64340, 14701, 55101, 30111, 104696, 63775, 47769]"
116714,"[53795, 80840, 35686, 49238, 62330, 66576, 92444, 4941, 42156, 97700]"
116715,"[62253, 56358, 11949, 60455, 36711, 107180, 3269, 88097, 99585, 17060]"
116716,"[60654, 56188, 48764, 86415, 34652, 33630, 68789, 27465, 77876, 16503]"
116717,"[106546, 57093, 105418, 5387, 94374, 8781, 90175, 45287, 36684, 81023]"
116718,"[40311, 20902, 64, 79026, 95197, 102669, 77751, 71103, 57632, 41152]"
116719,"[4222, 54969, 66314, 89833, 12242, 107370, 95212, 17236, 75549, 24816]"
116720,"[94943, 80584, 88518, 75085, 47780, 92364, 77558, 87779, 7724, 86223]"
116721,"[106749, 52645, 63297, 84435, 28596, 88176, 64075, 59368, 37312, 30326]"
116722,"[67958, 22581, 48409, 38292, 96780, 12053, 26302, 73611, 72681, 84747]"
116723,"[14748, 105281, 26652, 26023, 42750, 97087, 7518, 43400, 6325, 52548]"
116724,"[46287, 61785, 71051, 25371, 1356, 57784, 29580, 23866, 55465, 41343]"
116725,"[60428, 33885, 49424, 48936, 1554, 46056, 44841, 32864, 64262, 591]"
116726,"[81418, 98598, 6785, 75222, 70218, 38666, 81729, 53242, 60720, 21168]"
116727,"[50522, 49058, 83657, 67762, 96892, 86717, 80701, 82227, 52814, 102782]"
116728,"[18481, 81231, 95605, 8853, 17268, 52634, 92877, 29703, 109437, 58217]"
116729,"[20926, 13643, 24888, 20169, 7417, 37016, 54033, 16758, 60516, 60755]"
116730,"[88721, 9547, 12625, 30632, 30817, 50345, 42579, 53825, 15026, 89263]"
116731,"[44171, 7074, 90269, 4068, 43560, 84065, 48302, 61036, 38559, 2811]"
116732,"[45990, 90521, 64308, 80886, 3492, 22773, 20484, 80303, 79702, 66347]"
116733,"[20822, 89596, 37551, 2981, 70325, 53928, 60238, 57812, 81972, 63244]"
116734,"[43693, 5858, 7857, 63419, 26738, 19838, 26650, 32819, 108986, 77505]"
116735,"[91388, 98168, 14072, 77903, 47671, 35409, 83583, 88133, 106820, 54126]"
116736,"[91544, 38541, 68000, 41744, 76396, 59848, 45710, 22501, 105553, 31185]"
116737,"[53723, 61799, 103591, 26579, 4189, 35412, 63955, 89237, 35963, 10448]"
116738,"[85394, 20815, 76363, 59448, 46830, 83333, 52106, 86232, 66017, 22096]"
116739,"[36871, 21577, 14993, 75436, 42683, 94398, 87533, 43639, 68815, 65765]"
116740,"[85047, 73455, 69344, 64507, 46565, 78024, 87975, 11987, 64091, 100140]"
116741,"[6566, 62167, 70092, 69617, 64881, 63028, 108473, 91873, 4845, 3480]"
116742,"[47269, 28524, 99037, 57761, 35630, 65844, 35703, 33723, 97985, 67922]"
116743,"[28749, 102388, 99091, 69051, 21783, 82708, 97732, 55076, 68402, 30950]"
116744,"[37963, 646, 15490, 101303, 7585, 101361, 50610, 44629, 82662, 20213]"
116745,"[48044, 38051, 31174, 27749, 104373, 28157, 83348, 38475, 11619, 52938]"
116746,"[108151, 9234, 1303, 56108, 48914, 40599, 45614, 29580, 21959, 4549]"
116747,"[89066, 35843, 95144, 46656, 108484, 81010, 87606, 26883, 76135, 55641]"
116748,"[90555, 68999, 55074, 50877, 13749, 59077, 46822, 55889, 33459, 95304]"
116749,"[24202, 80909, 100621, 103922, 7689, 42931, 26415, 18612, 74632, 49399]"
116750,"[36908, 92234, 69013, 34196, 10821, 57266, 13843, 66773, 66291, 36389]"
116751,"[2734, 24832, 49162, 104963, 48106, 74216, 85299, 36084, 42132, 31914]"
116752,"[85722, 31413, 81297, 41188, 102897, 34114, 88658, 67905, 39483, 21991]"
116753,"[84143, 108196, 71352, 74227, 40999, 39330, 76018, 18276, 79834, 54231]"
116754,"[57699, 88553, 73425, 48087, 98427, 74310, 44817, 100318, 93655, 63756]"
116755,"[15165, 35654, 33050, 61899, 29596, 4721, 35569, 41904, 78184, 28453]"
116756,"[14424, 49828, 103211, 8702, 68640, 60957, 57234, 71715, 37504, 39777]"
116757,"[62508, 30842, 14702, 19444, 79433, 37713, 45294, 29681, 8086, 49281]"
116758,"[7497, 50420, 21951, 38212, 47988, 104979, 31948, 28481, 36493, 73868]"
116759,"[98195, 94553, 59592, 34300, 41953, 2800, 30691, 84349, 88901, 27669]"
116760,"[96297, 87673, 39774, 53150, 100916, 63303, 93056, 106752, 34447, 16006]"
116761,"[68247, 92837, 51128, 38004, 9460, 1003, 38655, 109060, 5648, 105022]"
116762,"[109726, 27516, 54855, 85428, 41153, 10103, 23642, 63774, 85875, 82981]"
116763,"[45795, 43204, 7622, 67907, 80797, 39860, 80602, 76518, 102880, 28109]"
116764,"[95266, 64125, 62262, 9937, 41857, 78601, 73751, 58270, 52751, 60919]"
116765,"[23988, 64008, 79890, 46299, 70452, 59719, 51778, 20669, 69956, 46355]"
116766,"[94290, 6298, 30123, 80488, 35418, 20357, 95041, 4307, 83245, 65721]"
116767,"[61996, 99423, 67297, 105202, 25220, 32564, 49413, 9722, 8371, 21173]"
116768,"[47251, 26961, 35560, 95994, 50427, 9677, 59949, 51666, 38883, 19716]"
116769,"[88683, 45355, 62760, 62769, 50259, 106397, 38807, 15933, 53003, 95212]"
116770,"[92925, 60176, 70615, 106705, 57159, 11616, 97260, 82054, 83064, 69874]"
116771,"[50643, 38902, 97570, 8625, 19699, 14680, 49664, 79097, 10226, 58433]"
116772,"[107917, 47090, 83123, 77553, 90998, 6784, 5985, 38802, 23839, 17482]"
116773,"[32915, 26914, 12755, 66542, 62391, 38428, 83331, 53152, 89362, 47364]"
116774,"[99654, 88188, 108310, 2373, 90669, 34690, 65693, 47750, 48281, 92999]"
116775,"[26352, 6352, 55686, 104870, 98051, 69692, 82369, 7747, 24019, 66083]"
116776,"[41111, 17797, 53945, 1738, 10853, 81896, 10938, 12965, 94661, 76896]"
116777,"[69414, 28486, 35028, 25575, 21887, 78223, 10428, 28555, 94363, 82661]"
116778,"[104084, 12430, 108005, 21028, 104019, 57837, 51946, 49210, 68515, 12566]"
116779,"[68470, 13363, 14867, 101626, 10523, 83620, 52091, 106414, 31486, 49218]"
116780,"[53818, 62403, 95890, 96874, 84066, 53636, 78202, 109398, 91638, 19112]"
116781,"[71111, 31958, 49546, 99349, 67852, 19175, 54268, 20577, 87492, 35808]"
116782,"[26257, 106537, 67109, 106493, 44039, 82826, 77257, 56304, 1623, 58844]"
116783,"[107371, 473, 92667, 81062, 18296, 37463, 11461, 84949, 97955, 43708]"
116784,"[96124, 41019, 11818, 19473, 93937, 69067, 28873, 67144, 44100, 91955]"
116785,"[75763, 28838, 95484, 67949, 18926, 107471, 71593, 5229, 71538, 53659]"
116786,"[85829, 62838, 82691, 39542, 85983, 62241, 15025, 73142, 45244, 69485]"
116787,"[84020, 34204, 38081, 91199, 83140, 102459, 11487, 15916, 101654, 97663]"
116788,"[38940, 100905, 89095, 47404, 87811, 81753, 61938, 103221, 53801, 82526]"
116789,"[45480, 80793, 86802, 40757, 94829, 13317, 28986, 52040, 108198, 78598]"
116790,"[89356, 89803, 58642, 104292, 47105, 11197, 93100, 27130, 17980, 35249]"
116791,"[59102, 37882, 105127, 64573, 73367, 31771, 105380, 3939, 33600, 35962]"
116792,"[18524, 44961, 83160, 23522, 9020, 99464, 16741, 101029, 55779, 108050]"
116793,"[45437, 82856, 109160, 82951, 5712, 86287, 104320, 19918, 19739, 43281]"
116794,"[32956, 51560, 37413, 12736, 48005, 91228, 87932, 108648, 60525, 49206]"
116795,"[58576, 58985, 66839, 30431, 69141, 41678, 44624, 53951, 53035, 88076]"
116796,"[87900, 109372, 5687, 99237, 35100, 81533, 3953, 53861, 84909, 52381]"
116797,"[52842, 8180, 105987, 42151, 22854, 20108, 78695, 106393, 108288, 12097]"
116798,"[63959, 36415, 66599, 40029, 80857, 73412, 73332, 62966, 67896, 108236]"
116799,"[70892, 91649, 84334, 88244, 50460, 52546, 176, 11273, 101203, 27062]"
116800,"[6795, 30667, 13590, 36591, 52677, 9855, 55983, 84243, 100076, 67851]"
116801,"[41940, 30600, 56295, 6231, 27985, 38829, 18667, 5434, 20790, 80583]"
116802,"[15721, 91633, 81316, 16091, 50136, 72836, 17097, 70670, 92365, 7170]"
116803,"[60152, 4394, 26794, 19055, 84242, 105817, 52593, 81270, 24375, 104157]"
116804,"[42446, 6618, 49488, 96753, 65557, 23661, 77298, 64536, 107049, 91030]"
116805,"[82552, 109589, 66295, 79377, 21535, 16064, 107150, 98700, 54185, 47485]"
116806,"[1330, 29338, 15843, 52474, 40626, 44388, 76370, 98154, 1777, 36449]"
116807,"[66914, 40554, 102150, 104010, 59602, 6924, 21283, 72387, 28002, 82739]"
116808,"[44285, 41532, 102569, 30470, 109586, 56242, 48533, 84825, 1393, 92188]"
116809,"[55001, 108473, 91949, 97174, 87970, 24170, 51064, 98711, 52445, 469]"
116810,"[40957, 78136, 91053, 4934, 91150, 78668, 11895, 82567, 84331, 12423]"
116811,"[14620, 95918, 4617, 32705, 99216, 83483, 73945, 24442, 25178, 94570]"
116812,"[91113, 34460, 5617, 89241, 68723, 47840, 108188, 90241, 47998, 69944]"
116813,"[58504, 105108, 78941, 11148, 3247, 100941, 105190, 67133, 43552, 83551]"
116814,"[108903, 32509, 78411, 105586, 108002, 50190, 81081, 31684, 6248, 65620]"
116815,"[67259, 2326, 67951, 70725, 94344, 51329, 18163, 28899, 220, 98423]"
116816,"[23457, 108880, 47418, 87791, 79491, 94746, 35783, 103320, 37076, 45078]"
116817,"[59268, 21984, 20595, 55689, 16549, 76713, 1980, 89476, 70324, 5087]"
116818,"[54302, 86332, 55535, 29906, 28234, 92213, 97327, 812, 10682, 11307]"
116819,"[89210, 22510, 37321, 95026, 93980, 55620, 81213, 41431, 91807, 89062]"
116820,"[59845, 39520, 73204, 41193, 27394, 59051, 50201, 3031, 15865, 31969]"
116821,"[56586, 80391, 61723, 38990, 102891, 50670, 37302, 100765, 108984, 106203]"
116822,"[96673, 77761, 56380, 93699, 105588, 11969, 99061, 34677, 15406, 81403]"
116823,"[102096, 39047, 86655, 16011, 78605, 38674, 54958, 13130, 94954, 85254]"
116824,"[99212, 29289, 35190, 73030, 108418, 13065, 87275, 90315, 66298, 18207]"
116825,"[61178, 3605, 28116, 43864, 104255, 13693, 98460, 103019, 82215, 52200]"
116826,"[9201, 21149, 42873, 35899, 46452, 40764, 84149, 24866, 39661, 8018]"
116827,"[39495, 13051, 72472, 43860, 46106, 49576, 7968, 50388, 21123, 69886]"
116828,"[103314, 57064, 36886, 76228, 42357, 10982, 17008, 48980, 89699, 12790]"
116829,"[107488, 99198, 13732, 44609, 103135, 108371, 101788, 42160, 96215, 18837]"
116830,"[100671, 32639, 61366, 48701, 39594, 91022, 46772, 38590, 38939, 27489]"
116831,"[33811, 1664, 192, 88282, 15006, 38131, 53705, 27207, 4300, 100104]"
116832,"[9451, 109234, 73468, 54865, 39142, 31679, 37715, 5829, 7435, 35596]"
116833,"[72613, 74226, 30749, 44807, 104299, 107901, 38324, 24271, 29056, 7461]"
116834,"[5499, 88256, 180, 86909, 25389, 69256, 523, 48865, 47826, 75091]"
116835,"[51477, 40217, 90407, 61760, 38175, 35550, 77185, 51438, 96895, 86075]"
116836,"[26625, 55395, 98205, 21762, 103173, 88342, 32121, 85699, 86073, 1624]"
116837,"[107711, 22993, 6866, 63330, 61181, 79352, 86824, 72787, 421, 31906]"
116838,"[108173, 36930, 31295, 10172, 6676, 98902, 9224, 106754, 18975, 90404]"
116839,"[28036, 100091, 29469, 89138, 93506, 86889, 69487, 29045, 13384, 81029]"
116840,"[99898, 18703, 102777, 70448, 76002, 3759, 56557, 35543, 56779, 65222]"
116841,"[96871, 54329, 14865, 108355, 52728, 66848, 7166, 47279, 57410, 82565]"
116842,"[19570, 54660, 51002, 47345, 83938, 23506, 76336, 96940, 60367, 12837]"
116843,"[35182, 62212, 21264, 84636, 89373, 69921, 83534, 19125, 98079, 31707]"
116844,"[40289, 99111, 106729, 78652, 100943, 57384, 72728, 51515, 34939, 4461]"
116845,"[59902, 36568, 37079, 9201, 39661, 24866, 3782, 52872, 69897, 46452]"
116846,"[108349, 47738, 38238, 34215, 46148, 75156, 54364, 26218, 89592, 45087]"
116847,"[40302, 102029, 83107, 109245, 17467, 7486, 4632, 38055, 52061, 32050]"
116848,"[87867, 97985, 56879, 72410, 72216, 84046, 80975, 38387, 109727, 71743]"
116849,"[43984, 13734, 66671, 95013, 39933, 26627, 48331, 84265, 36447, 584]"
116850,"[49124, 15429, 2826, 45310, 2411, 32593, 66561, 55404, 58684, 66176]"
116851,"[87572, 34718, 84603, 105583, 47438, 86734, 83475, 38059, 92900, 46407]"
116852,"[63128, 105706, 96310, 3352, 17865, 87810, 49359, 14955, 42059, 83555]"
116853,"[6928, 92109, 2387, 15542, 64021, 18304, 12672, 91961, 35739, 31661]"
116854,"[52406, 22031, 31662, 3126, 12932, 75534, 13620, 96174, 34544, 61122]"
116855,"[44230, 76406, 36201, 41674, 77362, 109686, 35029, 67104, 35984, 62211]"
116856,"[30436, 20005, 56795, 93323, 31102, 85541, 31878, 44381, 11843, 47712]"
116857,"[100142, 95444, 24744, 81978, 69690, 44385, 17103, 99633, 64978, 52019]"
116858,"[69779, 73972, 5745, 76048, 69800, 103589, 5702, 2251, 70600, 41145]"
116859,"[27398, 96541, 8823, 89113, 58474, 85286, 107830, 21039, 73605, 42782]"
116860,"[91400, 56182, 40045, 57530, 44501, 27437, 54993, 13231, 88272, 9285]"
116861,"[61273, 75319, 27415, 73018, 68857, 86842, 75202, 94965, 64926, 11928]"
116862,"[42029, 80255, 32800, 93091, 42011, 2559, 2018, 94566, 28181, 84229]"
116863,"[63657, 56308, 68800, 15014, 19841, 71161, 94236, 33741, 24975, 77044]"
116864,"[26415, 74632, 26087, 28573, 62475, 30737, 95504, 75411, 101425, 29797]"
116865,"[69414, 94363, 25575, 107379, 67946, 106963, 22340, 6501, 49232, 55481]"
116866,"[18464, 90656, 44156, 53692, 20335, 85252, 63234, 66226, 12610, 40533]"
116867,"[74232, 22591, 101605, 90198, 12801, 62188, 80959, 79784, 10391, 105055]"
116868,"[104980, 35643, 85142, 4240, 106833, 67570, 39682, 98309, 103055, 18450]"
116869,"[64440, 23842, 67565, 18528, 109, 71590, 82290, 5219, 42788, 73644]"
116870,"[33473, 100604, 20171, 52559, 57604, 30184, 49437, 105768, 74977, 40029]"
116871,"[17882, 30803, 87312, 58607, 35239, 56157, 89848, 9344, 8490, 70673]"
116872,"[37980, 51132, 53734, 65826, 24096, 54980, 101481, 57569, 50213, 10398]"
116873,"[51820, 42498, 62090, 45649, 45899, 32804, 2804, 53157, 97739, 2446]"
116874,"[63209, 85655, 45081, 43673, 39356, 15777, 9941, 32016, 59920, 55290]"
116875,"[84936, 56281, 54850, 43147, 95358, 78095, 24043, 74870, 104102, 68162]"
116876,"[21133, 3561, 3935, 49417, 47944, 107835, 21545, 101638, 49710, 98281]"
116877,"[4332, 28354, 31462, 36015, 41739, 17932, 53914, 92220, 35784, 87270]"
116878,"[12338, 4042, 64263, 66182, 5944, 72182, 88064, 39364, 107130, 100127]"
116879,"[16432, 46153, 15798, 51502, 47885, 70982, 2959, 18187, 65674, 58766]"
116880,"[24381, 62011, 6495, 41459, 25237, 23445, 44352, 36938, 74740, 31372]"
116881,"[12341, 40502, 7939, 34405, 84216, 116, 54204, 73175, 49011, 51803]"
116882,"[87636, 65105, 71573, 32267, 32419, 89565, 108687, 41709, 70589, 14932]"
116883,"[44170, 53166, 46866, 104187, 42050, 42940, 66733, 48324, 63521, 79626]"
116884,"[39468, 67486, 100502, 15609, 25776, 66719, 88892, 98094, 69417, 72519]"
116885,"[90163, 36045, 108272, 36456, 19583, 41463, 95307, 65797, 6642, 79260]"
116886,"[98193, 56933, 63873, 44899, 2074, 15080, 19825, 102616, 66699, 18418]"
116887,"[74080, 48894, 7840, 83668, 78964, 11891, 67557, 49273, 36492, 94289]"
116888,"[6955, 660, 71335, 47683, 626, 85699, 31176, 64963, 45327, 44673]"
116889,"[54119, 78096, 81854, 100645, 89539, 2848, 77983, 86934, 69366, 36714]"
116890,"[90473, 87439, 59302, 76044, 83782, 27631, 81055, 38948, 9364, 2375]"
116891,"[96765, 70987, 83836, 38927, 10162, 94470, 36813, 63284, 98650, 23676]"
116892,"[68425, 96581, 109124, 101162, 104576, 81621, 74586, 53395, 86596, 98641]"
116893,"[47638, 83622, 102953, 69937, 34069, 33029, 30867, 16942, 101212, 8493]"
116894,"[107325, 76710, 74697, 44683, 2699, 35559, 36710, 38960, 106011, 45889]"
116895,"[33618, 44931, 81695, 28355, 73020, 66489, 9944, 6982, 66830, 55879]"
116896,"[78740, 59643, 13841, 31300, 78480, 105557, 59035, 9998, 95619, 14029]"
116897,"[27457, 60780, 51819, 52724, 65173, 27018, 75303, 31760, 78836, 51899]"
116898,"[7197, 22960, 56642, 39485, 72518, 27557, 55557, 42098, 37180, 31278]"
116899,"[84807, 29027, 22848, 36721, 96487, 19933, 76926, 83672, 24592, 74195]"
116900,"[77989, 19200, 79117, 105690, 104829, 68182, 100527, 89202, 81686, 12182]"
116901,"[98685, 77091, 56567, 61245, 82400, 57830, 98356, 68196, 33650, 101920]"
116902,"[27991, 94080, 31525, 105506, 75830, 108780, 33964, 93255, 93259, 84067]"
116903,"[90744, 8951, 41882, 25136, 71301, 70329, 22312, 94074, 87758, 62433]"
116904,"[27520, 10851, 95306, 49339, 65723, 7609, 25448, 30256, 106349, 32746]"
116905,"[82151, 48646, 48438, 56721, 108366, 48464, 10217, 98221, 30544, 80823]"
116906,"[82549, 73999, 62304, 936, 16931, 86138, 104436, 36751, 66917, 21087]"
116907,"[59216, 46423, 75062, 91283, 76754, 96245, 80805, 82332, 78509, 22796]"
116908,"[108391, 53541, 75598, 26285, 61981, 55621, 20075, 13195, 62404, 21542]"
116909,"[39813, 92013, 69387, 41714, 79036, 35794, 68469, 5362, 47502, 27911]"
116910,"[48535, 56583, 54815, 85113, 57579, 41007, 105392, 91144, 11100, 107643]"
116911,"[88725, 52910, 74323, 87872, 11551, 84480, 28883, 10589, 4194, 73721]"
116912,"[8305, 55369, 83126, 58016, 91071, 71803, 99476, 75552, 105136, 88059]"
116913,"[82397, 17983, 67102, 44069, 44198, 73644, 81152, 6126, 95595, 54674]"
116914,"[32232, 23983, 82652, 15297, 93050, 56838, 3136, 32972, 63644, 83114]"
116915,"[15738, 60736, 90385, 88901, 52051, 92629, 82183, 54097, 11678, 26081]"
116916,"[49344, 74217, 106603, 55434, 80693, 68397, 104150, 33710, 72316, 32940]"
116917,"[23163, 58883, 24930, 37212, 63003, 30386, 3155, 1186, 73786, 87183]"
116918,"[101165, 92285, 37881, 89418, 7265, 87747, 9548, 101358, 8062, 78198]"
116919,"[67282, 18404, 28057, 67036, 95245, 48718, 15676, 815, 87346, 30861]"
116920,"[3776, 52196, 96794, 7708, 77421, 20677, 108626, 7982, 22647, 66161]"
116921,"[73086, 51974, 79128, 58106, 17890, 24787, 85907, 49883, 86723, 67477]"
116922,"[68702, 82059, 21149, 21878, 89481, 9201, 35899, 46452, 42873, 39661]"
116923,"[15985, 22208, 54162, 96347, 47136, 8260, 55993, 42481, 99152, 95571]"
116924,"[48114, 36714, 106525, 23700, 16720, 58303, 39197, 47813, 77589, 14192]"
116925,"[33380, 21243, 24764, 51276, 94540, 80656, 61414, 32824, 15621, 10316]"
116926,"[87190, 104411, 71160, 46509, 4572, 8031, 86370, 68917, 74198, 99673]"
116927,"[79099, 106347, 98562, 44581, 105662, 42501, 102994, 51921, 37231, 55482]"
116928,"[2376, 7978, 68005, 66455, 57372, 35013, 100734, 71917, 108898, 60314]"
116929,"[10419, 21115, 28677, 18748, 82973, 97468, 70643, 68087, 106916, 91704]"
116930,"[92761, 90623, 11731, 30751, 49302, 5879, 94633, 19868, 31734, 105045]"
116931,"[76333, 34931, 88977, 76287, 66486, 6745, 44727, 76056, 78165, 47753]"
116932,"[52755, 83935, 85494, 40601, 442, 102196, 55590, 40472, 60012, 11551]"
116933,"[24265, 54337, 59830, 102663, 106438, 107884, 91804, 71165, 105520, 10606]"
116934,"[30379, 74494, 29185, 35588, 43957, 67272, 11169, 28132, 92970, 68369]"
116935,"[21469, 63547, 79202, 95412, 74985, 98972, 85077, 27232, 35654, 20883]"
116936,"[28221, 68316, 45170, 10546, 86292, 72540, 14046, 1732, 12816, 25395]"
116937,"[22373, 83279, 32107, 66998, 66850, 3245, 11825, 75265, 34168, 64166]"
116938,"[37436, 58380, 17378, 78916, 2942, 53442, 58518, 1823, 53546, 106765]"
116939,"[40355, 65715, 71726, 86561, 60801, 101066, 36239, 28694, 81780, 22607]"
116940,"[8324, 5888, 83417, 19847, 101728, 37221, 10782, 107595, 64327, 68372]"
116941,"[97935, 11411, 27682, 45601, 88812, 81810, 905, 70265, 16937, 103480]"
116942,"[102734, 69366, 40343, 101808, 91536, 59838, 64257, 89539, 70262, 68288]"
116943,"[82820, 36547, 82538, 42662, 62503, 9331, 48191, 102672, 44613, 87933]"
116944,"[37835, 103815, 66021, 69175, 97538, 101105, 80193, 57422, 21070, 32373]"
116945,"[14688, 91494, 108044, 7942, 43536, 80950, 66334, 59654, 108290, 49298]"
116946,"[31930, 76783, 62309, 68820, 52189, 85532, 107427, 50605, 11907, 85297]"
116947,"[5447, 35205, 30286, 89414, 41977, 66194, 13022, 75476, 2597, 34913]"
116948,"[7213, 15922, 99732, 61304, 91454, 29189, 32990, 48618, 17259, 88646]"
116949,"[1708, 95091, 40621, 32530, 24171, 3777, 23028, 85613, 68850, 97106]"
116950,"[53569, 67313, 32835, 47621, 55383, 105480, 45069, 17556, 39174, 24013]"
116951,"[18282, 102110, 106672, 13376, 47587, 80620, 47550, 67194, 56848, 52290]"
116952,"[14235, 58192, 52158, 106927, 35717, 21825, 30977, 14455, 68163, 7206]"
116953,"[90176, 15687, 84662, 56877, 19011, 98943, 57551, 23580, 38460, 25669]"
116954,"[97097, 94307, 10990, 62159, 62056, 64798, 100238, 35925, 76436, 100717]"
116955,"[82870, 71084, 80922, 51480, 56331, 5119, 31123, 86919, 20156, 98033]"
116956,"[89072, 58819, 106659, 20515, 43207, 74508, 35716, 44533, 18513, 104609]"
116957,"[84700, 20667, 81262, 88759, 91677, 20887, 49736, 22910, 3144, 4581]"
116958,"[66654, 68100, 75522, 106452, 7295, 14291, 11707, 31553, 107948, 5975]"
116959,"[87493, 93449, 93728, 19120, 90803, 96046, 14123, 60330, 37116, 97113]"
116960,"[89864, 54837, 34985, 30146, 58388, 51517, 99209, 49580, 106272, 96889]"
116961,"[73233, 30144, 70949, 53728, 76549, 65563, 33947, 108689, 67132, 104901]"
116962,"[103700, 109339, 17956, 9153, 95568, 82030, 19151, 36973, 30525, 65430]"
116963,"[38424, 38508, 43214, 104799, 90763, 73419, 57003, 44167, 59175, 55484]"
116964,"[22622, 47584, 45768, 37168, 28323, 25378, 50520, 44111, 51676, 96573]"
116965,"[39559, 67845, 69395, 24006, 85104, 106751, 37263, 8310, 47713, 36067]"
116966,"[30671, 66298, 11748, 54717, 91771, 73030, 87417, 5972, 92761, 52138]"
116967,"[29871, 52122, 48081, 107528, 84538, 59251, 61238, 12314, 19716, 16234]"
116968,"[74943, 32245, 13849, 75147, 91550, 105586, 21754, 8864, 63647, 11587]"
116969,"[79657, 56765, 76877, 33504, 60046, 88449, 89774, 31477, 104654, 91042]"
116970,"[60935, 36328, 84226, 30142, 108870, 9199, 94479, 11563, 83352, 90574]"
116971,"[26422, 22139, 41312, 39146, 94354, 37971, 36352, 16861, 61831, 94295]"
116972,"[2695, 48750, 83141, 8930, 46611, 46897, 63236, 3453, 78652, 34939]"
116973,"[17475, 89970, 93158, 72090, 104932, 3208, 32174, 100666, 68541, 84289]"
116974,"[87219, 97020, 26768, 16695, 30107, 61161, 95590, 1223, 4936, 9293]"
116975,"[73627, 56588, 54951, 23916, 106765, 56478, 87614, 81458, 23471, 108805]"
116976,"[104199, 54157, 71981, 99118, 21953, 74149, 78786, 67081, 85387, 42239]"
116977,"[21358, 57491, 58948, 13379, 87098, 46093, 85614, 8302, 93832, 27095]"
116978,"[63520, 4873, 68652, 105551, 71452, 18062, 62805, 73451, 93549, 17565]"
116979,"[86513, 23975, 27933, 24106, 40078, 41710, 108659, 99025, 87899, 50214]"
116980,"[82191, 36859, 6714, 29286, 9597, 10134, 11293, 5800, 29002, 22241]"
116981,"[13112, 63404, 64320, 16826, 38881, 59062, 20657, 42041, 5044, 88207]"
116982,"[46734, 44464, 50903, 25992, 29702, 7176, 28699, 70275, 16986, 106817]"
116983,"[178, 98134, 74929, 78853, 40763, 88606, 69585, 47644, 50155, 49582]"
116984,"[53276, 18955, 57686, 35952, 1839, 95066, 87112, 55356, 27325, 17489]"
116985,"[101899, 35623, 58422, 60257, 69041, 51344, 50847, 20804, 77245, 24507]"
116986,"[22476, 87824, 41046, 3996, 4716, 19101, 59504, 105630, 26968, 33990]"
116987,"[22549, 73312, 12050, 108542, 44798, 11170, 62391, 59109, 36380, 80194]"
116988,"[67662, 22145, 106274, 66674, 42887, 27239, 58631, 63343, 89328, 21870]"
116989,"[74197, 14342, 53513, 59835, 50653, 13487, 51340, 52940, 91430, 55719]"
116990,"[97764, 71908, 83380, 19844, 13083, 9467, 25577, 106163, 107571, 86905]"
116991,"[97892, 67278, 2122, 30692, 78494, 80279, 50004, 54481, 95583, 31960]"
116992,"[57154, 75114, 58500, 62291, 284, 37019, 94517, 91685, 73032, 11642]"
116993,"[28272, 59870, 109380, 8201, 98785, 65066, 92809, 10636, 32252, 56515]"
116994,"[45212, 13542, 79468, 53100, 2152, 57142, 14606, 33160, 53670, 85769]"
116995,"[24442, 35616, 99216, 109041, 43015, 44317, 53394, 79102, 80213, 76276]"
116996,"[82547, 2235, 71716, 70129, 101768, 59648, 9250, 62089, 12251, 93544]"
116997,"[62372, 79434, 11999, 97529, 1077, 16534, 1420, 30244, 30812, 84488]"
116998,"[3186, 78524, 44144, 36808, 11465, 61056, 24213, 65944, 43809, 96607]"
116999,"[90829, 10958, 69294, 40478, 37272, 82991, 51592, 1265, 60776, 84306]"
117000,"[55724, 60136, 46408, 85630, 10323, 87651, 101125, 32577, 56787, 53348]"
117001,"[54387, 89936, 26275, 106544, 40663, 3312, 29665, 8724, 18414, 77906]"
117002,"[54376, 57547, 9581, 2318, 101445, 88585, 40785, 77820, 81155, 77673]"
117003,"[58165, 52979, 24733, 38279, 48374, 58507, 8161, 91318, 14877, 57655]"
117004,"[8776, 74243, 855, 1924, 41424, 76772, 92720, 92345, 69693, 99238]"
117005,"[97348, 34600, 2091, 75215, 1319, 46047, 42727, 41866, 58664, 57219]"
117006,"[77837, 54341, 36449, 33294, 29338, 85299, 6601, 101139, 35140, 57662]"
117007,"[46816, 72147, 8983, 76590, 28642, 28496, 15404, 14395, 59093, 16152]"
117008,"[43846, 41719, 66317, 64508, 79670, 80395, 970, 67058, 1395, 42989]"
117009,"[29922, 7981, 41768, 24639, 31191, 40660, 82343, 72216, 107358, 30190]"
117010,"[96123, 65901, 44078, 89097, 103796, 85653, 43770, 51014, 97687, 108908]"
117011,"[107764, 29168, 25719, 80865, 90193, 63463, 8532, 68722, 14639, 59515]"
117012,"[12587, 91829, 12600, 72093, 73058, 32241, 68331, 44260, 94790, 91496]"
117013,"[44251, 5783, 44111, 11970, 11735, 23635, 71719, 87685, 22941, 58528]"
117014,"[30528, 17703, 81467, 43269, 5856, 10963, 27596, 9311, 68399, 74567]"
117015,"[78944, 2539, 95821, 60243, 2958, 102756, 71208, 88196, 50667, 42103]"
117016,"[101456, 89934, 12330, 16614, 34172, 109470, 15960, 16067, 60038, 106970]"
117017,"[108635, 16632, 58689, 89452, 83153, 46006, 71777, 33644, 88879, 36045]"
117018,"[55523, 18549, 42576, 99056, 34618, 4039, 54516, 25371, 45533, 36015]"
117019,"[51497, 80569, 71410, 69296, 77662, 11018, 11554, 61098, 19848, 88458]"
117020,"[96702, 33663, 90509, 57936, 36620, 77301, 32769, 69119, 84864, 56696]"
117021,"[69224, 44941, 52893, 53397, 8607, 103757, 49695, 91310, 70779, 2278]"
117022,"[47748, 58524, 53812, 18553, 105545, 98216, 9784, 28392, 24890, 106480]"
117023,"[86431, 5579, 77328, 33107, 68888, 61441, 106491, 26993, 108987, 94400]"
117024,"[38080, 76756, 103728, 46506, 67222, 97421, 2526, 87168, 3963, 71991]"
117025,"[27090, 69233, 29162, 22932, 83650, 25790, 9732, 66841, 72942, 4142]"
117026,"[44932, 50663, 7733, 50474, 79448, 24433, 69975, 104479, 14222, 12536]"
117027,"[46732, 80927, 21354, 94106, 104009, 102607, 52814, 67369, 109454, 18848]"
117028,"[94971, 66515, 71823, 82731, 29258, 42212, 32515, 33614, 97578, 64189]"
117029,"[77006, 13662, 37505, 87648, 92812, 50202, 28738, 107586, 28026, 82779]"
117030,"[29390, 16175, 17492, 85410, 30493, 35417, 76606, 24939, 83147, 54806]"
117031,"[103987, 84581, 107579, 92393, 95531, 22599, 43, 38695, 7963, 36608]"
117032,"[52364, 72100, 73655, 60043, 79500, 26771, 109425, 30842, 45294, 17772]"
117033,"[47090, 107917, 77553, 6784, 17482, 83123, 43676, 90998, 23839, 566]"
117034,"[286, 33806, 85791, 39125, 81076, 104589, 24524, 36223, 39849, 29912]"
117035,"[9933, 99292, 5941, 39920, 10120, 105128, 68456, 59454, 8024, 88337]"
117036,"[25297, 15960, 65853, 55219, 79610, 6160, 12330, 16614, 1704, 89996]"
117037,"[81999, 90116, 104438, 44461, 54569, 62884, 5965, 60738, 11434, 95067]"
117038,"[68898, 22451, 79298, 20365, 26040, 20216, 33200, 78735, 20101, 73467]"
117039,"[21679, 84919, 6178, 5313, 11018, 19848, 72325, 93729, 40572, 10545]"
117040,"[24631, 34267, 27080, 74877, 63783, 40553, 27845, 73772, 104026, 35967]"
117041,"[27069, 52016, 34295, 84112, 49850, 10390, 37679, 27384, 77401, 94780]"
117042,"[96747, 38179, 81816, 48562, 78464, 94541, 36818, 18197, 42600, 73642]"
117043,"[34422, 10423, 78470, 2802, 39538, 60180, 102183, 51933, 46578, 101661]"
117044,"[3506, 18675, 74802, 15168, 19250, 16265, 48715, 19153, 72167, 96472]"
117045,"[5538, 21133, 3561, 69268, 3935, 81189, 9790, 29253, 47944, 17163]"
117046,"[102236, 42852, 5962, 63876, 15691, 5956, 55494, 100071, 107429, 67620]"
117047,"[37468, 1995, 32403, 14557, 9770, 92611, 44174, 68131, 70018, 56319]"
117048,"[45878, 8175, 49363, 27977, 85743, 18144, 92094, 10123, 39695, 25578]"
117049,"[66944, 41970, 107538, 43146, 53787, 103223, 71496, 101911, 23037, 46305]"
117050,"[102559, 45093, 6119, 77588, 98380, 85501, 80146, 44316, 90897, 85364]"
117051,"[88008, 61582, 54380, 39640, 102266, 68535, 74917, 31308, 14856, 98623]"
117052,"[85951, 64734, 18575, 83643, 37612, 87951, 55706, 4358, 63992, 67251]"
117053,"[47228, 104560, 91151, 49896, 61695, 90412, 169, 15087, 11297, 34841]"
117054,"[84111, 92088, 66633, 73909, 60832, 16124, 66767, 95079, 21144, 53971]"
117055,"[3381, 34620, 28502, 40967, 97534, 33755, 40869, 72035, 63715, 40191]"
117056,"[18034, 15885, 50211, 5246, 93717, 75305, 18551, 7187, 65278, 105719]"
117057,"[74336, 20502, 74022, 51537, 92134, 100132, 70515, 6067, 50941, 64517]"
117058,"[45454, 13914, 80173, 35508, 16473, 88070, 65191, 92019, 43181, 18622]"
117059,"[40700, 87863, 64389, 373, 70397, 58340, 31642, 70518, 18032, 67663]"
117060,"[61909, 87411, 52754, 7030, 25288, 97082, 39435, 47206, 39279, 55069]"
117061,"[31917, 8059, 73105, 55622, 8587, 79287, 49361, 80701, 44332, 27240]"
117062,"[59147, 50126, 105068, 44589, 6360, 38483, 39642, 24477, 43104, 42706]"
117063,"[26627, 8402, 83814, 108563, 83993, 24372, 39933, 31177, 22588, 48331]"
117064,"[107762, 27370, 38558, 37583, 63367, 27278, 85608, 103042, 29905, 14820]"
117065,"[46439, 12882, 8252, 84032, 93899, 91490, 75798, 71115, 86070, 92202]"
117066,"[9429, 62989, 32349, 2476, 103636, 107406, 22642, 47514, 9095, 78880]"
117067,"[9256, 106885, 20678, 109703, 93197, 10959, 221, 108270, 7692, 17694]"
117068,"[66231, 70201, 75850, 77428, 44562, 102380, 31865, 16976, 56684, 92260]"
117069,"[20870, 60096, 108352, 49048, 70177, 108643, 107268, 41561, 100203, 11733]"
117070,"[31508, 95150, 70343, 94895, 45676, 58730, 94187, 39191, 42079, 91141]"
117071,"[91350, 29593, 19413, 15987, 131, 26337, 2243, 37778, 99949, 34111]"
117072,"[56532, 78533, 85615, 76251, 31908, 14914, 10740, 57111, 5227, 30181]"
117073,"[48840, 32258, 100587, 39205, 99129, 80156, 59383, 102403, 4346, 75125]"
117074,"[64247, 108527, 95170, 24016, 75568, 79104, 32685, 48921, 26874, 84012]"
117075,"[24056, 15131, 11997, 14935, 51889, 99303, 96110, 70503, 56961, 78493]"
117076,"[81308, 44862, 98058, 107455, 28929, 23679, 21716, 28813, 32932, 22147]"
117077,"[98462, 66916, 27440, 104690, 75477, 55788, 71966, 84631, 29997, 82664]"
117078,"[55425, 55602, 20899, 75859, 1239, 19749, 42426, 106961, 1804, 91570]"
117079,"[81356, 104874, 89535, 20015, 62248, 44024, 22346, 11502, 12756, 45896]"
117080,"[21991, 67905, 28955, 34114, 40265, 22585, 51009, 94353, 103384, 102897]"
117081,"[96112, 33779, 35401, 56964, 103584, 86923, 67460, 54282, 11601, 5786]"
117082,"[38526, 96755, 50106, 3357, 97903, 7132, 64320, 90989, 37378, 15393]"
117083,"[105102, 105891, 51789, 21864, 33303, 95294, 1146, 72036, 6941, 9931]"
117084,"[35485, 16427, 31125, 66997, 56359, 82101, 45070, 64667, 14929, 88778]"
117085,"[23330, 108640, 72086, 11030, 63845, 38319, 105324, 105504, 59406, 52152]"
117086,"[32990, 21692, 66312, 28261, 48618, 5316, 104601, 46367, 79086, 92922]"
117087,"[65880, 29287, 71996, 21757, 2721, 12778, 40057, 77819, 21315, 65279]"
117088,"[3133, 64334, 50896, 15310, 36355, 68765, 57984, 96395, 66051, 38040]"
117089,"[89817, 56003, 25288, 97082, 101639, 52754, 37434, 66861, 2169, 106426]"
117090,"[74758, 38421, 14556, 51045, 32535, 64101, 97266, 50897, 359, 76419]"
117091,"[32082, 36330, 7252, 71261, 62842, 62403, 11471, 15860, 95890, 17965]"
117092,"[80346, 103023, 94722, 46579, 79569, 71785, 8101, 86211, 59265, 90209]"
117093,"[67462, 64294, 13847, 21448, 89365, 51387, 23719, 98708, 26769, 45468]"
117094,"[42808, 777, 18250, 50762, 76554, 7873, 33253, 84919, 6178, 41661]"
117095,"[67887, 13001, 89459, 27909, 81497, 34327, 55753, 80558, 65447, 54356]"
117096,"[48600, 69333, 50952, 29241, 29371, 102885, 3698, 41220, 85494, 45216]"
117097,"[66594, 69781, 65631, 72521, 64174, 48733, 52641, 52560, 15361, 11983]"
117098,"[61407, 94978, 4414, 65634, 79836, 63935, 77994, 57771, 59220, 76397]"
117099,"[30279, 90734, 40763, 61758, 87973, 38905, 59600, 87820, 15110, 39582]"
117100,"[97371, 67480, 88854, 2118, 57751, 73394, 13708, 94368, 28757, 92933]"
117101,"[90741, 62051, 20737, 37501, 5905, 8744, 60578, 35769, 8943, 69493]"
117102,"[2501, 77072, 17094, 59397, 97849, 6794, 17222, 70355, 44925, 37548]"
117103,"[45010, 89282, 7712, 75869, 46686, 44084, 24780, 54344, 70128, 2145]"
117104,"[102791, 6299, 47953, 82045, 57750, 63806, 36699, 15468, 54248, 79941]"
117105,"[67964, 2477, 5442, 82271, 85153, 76111, 18781, 94430, 1476, 103418]"
117106,"[100911, 76438, 94588, 106655, 26323, 6213, 59447, 68645, 85469, 83727]"
117107,"[38411, 80069, 80788, 30641, 58262, 76796, 105261, 976, 19651, 1305]"
117108,"[53974, 109262, 101069, 60220, 87183, 98056, 39387, 99404, 66445, 73786]"
117109,"[48005, 108648, 60525, 78714, 91228, 47336, 3091, 93148, 31072, 12736]"
117110,"[23660, 65384, 3268, 11156, 64460, 37930, 40238, 60587, 67802, 81562]"
117111,"[69531, 92607, 31999, 109162, 22457, 7402, 98523, 45879, 32637, 52850]"
117112,"[76244, 97110, 74243, 82514, 34571, 104670, 27519, 87396, 22536, 39343]"
117113,"[74597, 105002, 70498, 425, 80561, 89963, 19150, 25436, 59823, 38404]"
117114,"[108132, 48829, 23260, 93502, 55250, 94481, 64850, 4357, 95005, 68025]"
117115,"[100939, 101019, 4486, 33968, 29154, 99695, 34111, 21021, 62654, 24892]"
117116,"[20416, 12329, 108128, 45283, 65982, 13899, 11980, 24256, 65639, 61928]"
117117,"[75632, 21577, 9893, 76867, 28933, 13583, 68815, 43278, 70160, 43573]"
117118,"[84113, 101802, 53884, 56062, 74377, 28979, 21992, 15411, 91203, 37816]"
117119,"[6267, 64750, 87545, 102460, 6257, 39264, 20991, 6428, 107181, 22485]"
117120,"[40873, 14668, 30637, 84478, 87094, 7325, 99651, 868, 12661, 8621]"
117121,"[74392, 86977, 8908, 13107, 24427, 53239, 79279, 73262, 104990, 57938]"
117122,"[20896, 85783, 105917, 80225, 96357, 108105, 16791, 396, 1462, 108266]"
117123,"[88356, 17411, 21292, 81748, 6865, 40016, 20504, 78388, 13701, 48781]"
117124,"[103507, 96186, 5296, 59992, 5480, 11071, 89088, 84128, 10673, 78810]"
117125,"[35894, 57347, 105507, 18047, 17699, 29151, 2845, 93719, 28645, 55439]"
117126,"[4368, 17087, 59611, 15469, 279, 9899, 90854, 43940, 93275, 50846]"
117127,"[83315, 93546, 40976, 46082, 29711, 30753, 34771, 20388, 98062, 31356]"
117128,"[81581, 78502, 85304, 65616, 95114, 68354, 42637, 89695, 62047, 21219]"
117129,"[3074, 57133, 16021, 22624, 85888, 59412, 10687, 49865, 33096, 17328]"
117130,"[25755, 84724, 28266, 62954, 53936, 23482, 20135, 98422, 52399, 75920]"
117131,"[41910, 99180, 94963, 70193, 52290, 64796, 96825, 34546, 84415, 70517]"
117132,"[49753, 86374, 59639, 13033, 105160, 65479, 106568, 11820, 18200, 92008]"
117133,"[72828, 100916, 99610, 16006, 40563, 47105, 96297, 106752, 95485, 56941]"
117134,"[65317, 48741, 68476, 34643, 50219, 109114, 102227, 70639, 55914, 88873]"
117135,"[3490, 30072, 92706, 41343, 74800, 61785, 46287, 71051, 88089, 43644]"
117136,"[64912, 25724, 4614, 20154, 22913, 76299, 32332, 16230, 56294, 86245]"
117137,"[95216, 43288, 37055, 63347, 25179, 22126, 57747, 92810, 54457, 24233]"
117138,"[95209, 107027, 46840, 103797, 101642, 67871, 102776, 33336, 21775, 38967]"
117139,"[75, 63937, 94819, 44738, 8762, 11408, 92908, 82135, 3126, 92527]"
117140,"[89637, 18372, 98088, 36099, 3109, 108684, 28164, 49631, 49358, 35144]"
117141,"[106397, 38807, 78726, 88683, 12242, 74282, 53003, 62760, 62769, 45355]"
117142,"[14683, 24653, 45533, 63778, 3532, 18549, 51967, 70109, 54516, 92706]"
117143,"[5103, 66717, 78154, 79491, 102134, 79355, 13616, 81161, 70847, 17079]"
117144,"[90303, 49909, 63460, 72091, 78756, 82740, 61396, 47743, 22964, 97604]"
117145,"[38694, 80128, 35571, 42881, 57706, 41734, 21278, 89977, 40116, 93132]"
117146,"[68599, 46166, 100455, 23154, 63438, 77602, 90196, 53821, 11077, 61636]"
117147,"[58044, 64629, 85268, 55310, 84768, 5484, 82157, 109033, 41507, 3486]"
117148,"[37486, 65635, 19488, 61673, 70019, 99774, 8857, 62013, 53025, 42941]"
117149,"[48804, 97106, 15827, 3777, 63161, 7797, 44499, 32530, 24171, 16054]"
117150,"[92856, 94081, 74499, 22797, 104709, 4531, 72519, 90156, 107368, 44073]"
117151,"[18058, 41657, 5203, 97748, 86066, 89080, 77013, 23581, 60988, 21938]"
117152,"[103726, 30145, 17302, 35333, 39648, 36157, 45836, 32755, 69436, 41042]"
117153,"[43072, 99427, 78843, 18411, 83601, 84384, 23243, 93426, 667, 13471]"
117154,"[86827, 46043, 107163, 57885, 17797, 55831, 55773, 23868, 42780, 33208]"
117155,"[63161, 7797, 58227, 53131, 95826, 42813, 44359, 51241, 80372, 68471]"
117156,"[66374, 68719, 13764, 26731, 63451, 59636, 53283, 6992, 29906, 28234]"
117157,"[58806, 49185, 34627, 28815, 43682, 64115, 108006, 8002, 6112, 71265]"
117158,"[4687, 5822, 79535, 76766, 51947, 59656, 47462, 40813, 91558, 57837]"
117159,"[31229, 55241, 15891, 93517, 100548, 18480, 82655, 40415, 58265, 100258]"
117160,"[43477, 10636, 30476, 65066, 31776, 60934, 27866, 25092, 66061, 92809]"
117161,"[44485, 81978, 89072, 12195, 58819, 99633, 23505, 100142, 95444, 6917]"
117162,"[7144, 76952, 74991, 61224, 46408, 87651, 102389, 2613, 94614, 10323]"
117163,"[47125, 18953, 102043, 60417, 49122, 28972, 81562, 97468, 41028, 25570]"
117164,"[71608, 82699, 105626, 24161, 24022, 72713, 50721, 48020, 2619, 50962]"
117165,"[7296, 98928, 95680, 20477, 37879, 86546, 58839, 94725, 24072, 11596]"
117166,"[89603, 10108, 1812, 61424, 100446, 45232, 5288, 87946, 102224, 86989]"
117167,"[7057, 69110, 11951, 72888, 94870, 57385, 109097, 4921, 79685, 46914]"
117168,"[41335, 1271, 66375, 84854, 92896, 37101, 64125, 86188, 9937, 83652]"
117169,"[97088, 66152, 52783, 47938, 49522, 8154, 15771, 62080, 59239, 107606]"
117170,"[62701, 62207, 23521, 9194, 34129, 31261, 17886, 71944, 78834, 23788]"
117171,"[79203, 109739, 27645, 47645, 12467, 22000, 25683, 51024, 5808, 107903]"
117172,"[24398, 62158, 48025, 88203, 62480, 33220, 83951, 81931, 58698, 67294]"
117173,"[80562, 30670, 55519, 93194, 62252, 52906, 79531, 92625, 75860, 62738]"
117174,"[51638, 70896, 80213, 46330, 22370, 18227, 35616, 79582, 95393, 69894]"
117175,"[32140, 20749, 32053, 9217, 67303, 12998, 23090, 48015, 16482, 49561]"
117176,"[22954, 4455, 50443, 95164, 89461, 9953, 37163, 48403, 63074, 42955]"
117177,"[85697, 68228, 104498, 31183, 7947, 27571, 2886, 71369, 55582, 19250]"
117178,"[37076, 41993, 35783, 66755, 964, 5351, 31700, 71576, 32315, 6098]"
117179,"[76053, 22524, 55892, 95558, 12038, 53721, 94481, 92885, 77199, 18976]"
117180,"[1812, 98032, 107470, 108968, 105866, 35165, 55449, 73420, 38369, 40424]"
117181,"[36081, 92167, 56606, 88447, 31587, 55394, 36852, 37294, 26553, 27107]"
117182,"[44655, 28279, 53258, 12947, 23270, 102951, 95052, 66692, 73645, 61620]"
117183,"[9469, 5667, 14868, 14087, 64196, 92194, 5368, 96431, 45668, 38318]"
117184,"[33410, 96690, 72433, 16865, 98824, 103450, 16711, 85817, 67313, 14669]"
117185,"[39, 41556, 107643, 75844, 84842, 39503, 50870, 75841, 19020, 62800]"
117186,"[33590, 33755, 87005, 59768, 40623, 93470, 97885, 7617, 11932, 87398]"
117187,"[76062, 62982, 48843, 48273, 24257, 76804, 72304, 36353, 3565, 84144]"
117188,"[68453, 99315, 48574, 64070, 57026, 94604, 31378, 103393, 102502, 51857]"
117189,"[33596, 89081, 29670, 108409, 9544, 84911, 91188, 59001, 37345, 77795]"
117190,"[106531, 48087, 34784, 45971, 100318, 17248, 64544, 57699, 14033, 26960]"
117191,"[81185, 5558, 56831, 9932, 93821, 55476, 104119, 16650, 27691, 74791]"
117192,"[419, 23031, 40049, 31899, 14583, 98689, 87110, 8540, 56440, 21087]"
117193,"[68945, 72908, 91081, 53115, 8979, 32962, 9802, 68924, 93066, 72683]"
117194,"[62184, 82416, 65935, 75515, 86385, 105962, 30880, 62720, 19651, 104279]"
117195,"[12141, 40125, 78265, 19958, 14568, 70639, 67083, 5854, 35198, 82250]"
117196,"[101110, 99896, 40063, 73508, 14469, 87863, 72200, 14671, 87880, 62632]"
117197,"[27589, 76106, 62734, 49200, 55409, 22262, 64031, 104210, 81974, 102744]"
117198,"[5129, 87496, 30315, 19778, 9749, 93024, 16990, 100917, 109218, 38965]"
117199,"[106363, 27595, 58992, 41185, 32680, 68819, 77759, 108772, 96674, 67888]"
117200,"[48066, 35642, 18602, 77010, 31770, 80846, 75494, 18764, 52347, 6132]"
117201,"[31060, 62857, 52949, 57108, 56935, 89538, 32052, 27386, 91956, 12926]"
117202,"[25630, 17248, 67684, 93655, 39716, 64158, 17772, 108019, 54582, 99178]"
117203,"[92416, 20313, 21915, 95673, 46114, 109067, 103053, 95697, 83588, 105306]"
117204,"[85071, 89967, 96291, 80182, 11498, 91907, 75609, 104700, 93487, 4482]"
117205,"[95906, 77840, 109114, 2912, 65078, 67598, 65317, 76481, 68476, 34643]"
117206,"[61851, 26300, 105024, 8955, 96225, 74974, 109597, 28078, 57092, 66522]"
117207,"[90849, 80333, 54659, 8193, 67218, 29731, 106092, 52059, 38545, 81676]"
117208,"[45919, 89662, 97278, 4899, 109605, 47710, 49137, 15927, 78294, 52423]"
117209,"[106693, 20921, 61105, 64074, 83248, 96831, 47761, 97551, 59556, 54211]"
117210,"[72826, 12745, 34964, 90894, 90402, 30895, 87229, 15944, 95234, 98098]"
117211,"[35366, 27480, 7584, 16082, 10180, 29731, 34315, 44630, 96446, 52057]"
117212,"[103008, 67475, 99918, 246, 67853, 4636, 3536, 85322, 21799, 68708]"
117213,"[57620, 70346, 103704, 67071, 79609, 19027, 48950, 46193, 7426, 73790]"
117214,"[77802, 87573, 3573, 43696, 56368, 25274, 16955, 86926, 76496, 51721]"
117215,"[32960, 79242, 30591, 84906, 699, 64455, 21964, 44395, 88502, 33670]"
117216,"[33940, 61882, 73735, 19214, 17342, 23664, 72796, 106602, 70422, 38814]"
117217,"[91269, 35000, 7257, 68830, 83154, 93396, 59357, 13665, 47923, 56402]"
117218,"[84063, 38641, 84929, 76061, 12881, 66837, 8118, 42141, 82905, 100715]"
117219,"[4488, 944, 83386, 80256, 83159, 89272, 97243, 14638, 34915, 81801]"
117220,"[70809, 62759, 80538, 42532, 93316, 13547, 26825, 46370, 18147, 20966]"
117221,"[27269, 35185, 70404, 2247, 47139, 46572, 22217, 7942, 49298, 23795]"
117222,"[22170, 101183, 22134, 87081, 27613, 12340, 90995, 39801, 74764, 12696]"
117223,"[24166, 108976, 37671, 98307, 21843, 56280, 99740, 8594, 65642, 72268]"
117224,"[67326, 80277, 30574, 89664, 106310, 39966, 98663, 13519, 34798, 81320]"
117225,"[13375, 85120, 54085, 67924, 40722, 102296, 15061, 46535, 38979, 95818]"
117226,"[63536, 66467, 96809, 103204, 57820, 17669, 89163, 4324, 20352, 89296]"
117227,"[1973, 35381, 13430, 80553, 103089, 30480, 95757, 107103, 70917, 7367]"
117228,"[61273, 68711, 91040, 29557, 19984, 50878, 67325, 50941, 1973, 42957]"
117229,"[69839, 99433, 103275, 36064, 77060, 56044, 78757, 46723, 51051, 81996]"
117230,"[68517, 90274, 71580, 89191, 33732, 3119, 4639, 32118, 18568, 58445]"
117231,"[7329, 53186, 45506, 28724, 2745, 51950, 25747, 83226, 99956, 55864]"
117232,"[85793, 103905, 42914, 25484, 36672, 19125, 6585, 49293, 68226, 58994]"
117233,"[8903, 37853, 82328, 47913, 29656, 8626, 35584, 94269, 25512, 78197]"
117234,"[68296, 36783, 62665, 19498, 51934, 103042, 77821, 92540, 21840, 4551]"
117235,"[39101, 32547, 76541, 80800, 87758, 46823, 73831, 25136, 78657, 9231]"
117236,"[45139, 94823, 84541, 74013, 53377, 80948, 27023, 69341, 24895, 97495]"
117237,"[54696, 69941, 66775, 16482, 89985, 32033, 97051, 10525, 21890, 60730]"
117238,"[73502, 53924, 3431, 44662, 76413, 56737, 103692, 51397, 58761, 41213]"
117239,"[68774, 86150, 23047, 55130, 92602, 91472, 57234, 3511, 99227, 90186]"
117240,"[5958, 44414, 52781, 48976, 69381, 98775, 29153, 4216, 101179, 95225]"
117241,"[95834, 35947, 65912, 22365, 37139, 8197, 22818, 40023, 37095, 17779]"
117242,"[75451, 20535, 95194, 4949, 37979, 64322, 54386, 54542, 10201, 43381]"
117243,"[59590, 31757, 4418, 1093, 7100, 89652, 55215, 24743, 24731, 3656]"
117244,"[53664, 31236, 56550, 7011, 87947, 102627, 74350, 68909, 12018, 62712]"
117245,"[21230, 105923, 83804, 85729, 64672, 14627, 17374, 85230, 42503, 888]"
117246,"[71304, 53505, 4898, 5986, 61915, 43420, 44643, 38037, 14434, 274]"
117247,"[31078, 95030, 18007, 93637, 29930, 41618, 93939, 3464, 56701, 9966]"
117248,"[6120, 14684, 69956, 74160, 30390, 6797, 24045, 46202, 23861, 81714]"
117249,"[33021, 66808, 47736, 82442, 65854, 87794, 10505, 13996, 47468, 11817]"
117250,"[72147, 76590, 28642, 39386, 88933, 16152, 58530, 2367, 9293, 46816]"
117251,"[68440, 89537, 39373, 58053, 53688, 71799, 8159, 56727, 55427, 88042]"
117252,"[67792, 1116, 28337, 96002, 51651, 54370, 83901, 85391, 55862, 45363]"
117253,"[44844, 61862, 69052, 35217, 102223, 5500, 107630, 2936, 58684, 100417]"
117254,"[106762, 48886, 47394, 105458, 34750, 44571, 79048, 63388, 85527, 63991]"
117255,"[21365, 63261, 33521, 24125, 103863, 86628, 44503, 88283, 29480, 8473]"
117256,"[15015, 97296, 13037, 71615, 56749, 11448, 46710, 47079, 27802, 47392]"
117257,"[55950, 99308, 1967, 57290, 77027, 27618, 68492, 82781, 55813, 7757]"
117258,"[20910, 33737, 108217, 56751, 24579, 50185, 85495, 74436, 41659, 15816]"
117259,"[34896, 102595, 33593, 39089, 104794, 6347, 32036, 2945, 26259, 34690]"
117260,"[36131, 8949, 42577, 24042, 65635, 15243, 33747, 84544, 65204, 57589]"
117261,"[102949, 65736, 27805, 36399, 89081, 91859, 83257, 9544, 94680, 55573]"
117262,"[364, 82741, 9302, 47828, 25833, 37662, 7311, 1146, 105192, 108520]"
117263,"[61592, 31523, 73847, 42903, 23655, 23077, 35590, 108812, 76358, 95381]"
117264,"[47136, 54162, 22208, 15985, 42481, 96347, 99152, 55993, 8260, 106677]"
117265,"[66212, 21118, 19871, 9147, 83337, 70814, 28071, 86660, 95188, 61735]"
117266,"[20278, 16142, 14181, 108537, 9783, 40407, 10026, 80526, 99672, 85004]"
117267,"[33769, 61009, 99793, 50426, 17097, 5993, 46960, 72836, 103328, 109057]"
117268,"[10342, 99409, 75579, 45942, 46328, 90069, 87901, 10270, 54772, 67697]"
117269,"[81995, 103229, 1208, 93928, 8164, 71255, 66474, 42668, 108700, 70911]"
117270,"[56463, 11827, 48156, 15375, 24662, 100408, 16499, 68792, 42408, 40835]"
117271,"[5720, 74084, 33505, 72936, 15877, 24331, 73105, 87324, 12026, 5963]"
117272,"[56838, 32232, 109050, 71579, 20575, 81150, 27636, 34912, 3336, 37956]"
117273,"[39655, 1624, 2462, 660, 72839, 68631, 106517, 46023, 71335, 47683]"
117274,"[59774, 36192, 64133, 26756, 49368, 26107, 61989, 97661, 108160, 57126]"
117275,"[83753, 22976, 59831, 57908, 106015, 43307, 33934, 106309, 29897, 65816]"
117276,"[77218, 73338, 5723, 8135, 56146, 94065, 47959, 75580, 85105, 76231]"
117277,"[2841, 99327, 96429, 84287, 108996, 69324, 61048, 78934, 97974, 32955]"
117278,"[48094, 38730, 34689, 98610, 24501, 36810, 71832, 29235, 14985, 72713]"
117279,"[105140, 96013, 70462, 15564, 47111, 5050, 95990, 96761, 99891, 73670]"
117280,"[65116, 13523, 8948, 85838, 108526, 93045, 72968, 94930, 55809, 46192]"
117281,"[65005, 50288, 42026, 1140, 47920, 55492, 48788, 97106, 88519, 7799]"
117282,"[36891, 106839, 20676, 80575, 18076, 45608, 109498, 85013, 88550, 13706]"
117283,"[79843, 19441, 93965, 108973, 102335, 66741, 61493, 96012, 3102, 8771]"
117284,"[54535, 1228, 36668, 53013, 75301, 57094, 1393, 107724, 106066, 8007]"
117285,"[82882, 69402, 45067, 46094, 68425, 76435, 88260, 1955, 53091, 39249]"
117286,"[81394, 109111, 51363, 66095, 53392, 85955, 64078, 6198, 89721, 58884]"
117287,"[50399, 31114, 36831, 9681, 24868, 99854, 97919, 33945, 53722, 16488]"
117288,"[101956, 88493, 77804, 41702, 60894, 8356, 67065, 26177, 94503, 864]"
117289,"[72726, 65233, 26747, 11575, 54233, 21293, 79565, 6502, 91662, 13676]"
117290,"[38078, 106589, 41733, 19845, 30503, 33687, 104430, 69828, 91989, 60245]"
117291,"[8680, 81440, 96336, 21108, 92237, 81794, 30583, 35839, 15046, 3087]"
117292,"[52241, 12255, 78976, 64579, 16979, 66444, 91631, 95620, 38148, 97712]"
117293,"[21041, 12575, 104912, 86871, 96503, 66864, 55922, 96012, 96753, 86633]"
117294,"[42511, 30839, 67705, 104516, 32919, 84439, 30144, 67964, 98721, 87686]"
117295,"[47302, 11423, 65967, 53303, 106086, 25425, 35277, 28440, 22421, 83933]"
117296,"[74454, 71713, 102816, 54034, 14286, 99664, 28434, 43358, 82318, 58379]"
117297,"[57153, 108553, 59203, 69576, 18518, 109746, 100733, 94225, 79038, 73486]"
117298,"[868, 30637, 87094, 40873, 32173, 84478, 44996, 45943, 53446, 20225]"
117299,"[36961, 78186, 58861, 82448, 51652, 56428, 1038, 41849, 61408, 8686]"
117300,"[85062, 78995, 95016, 32275, 85701, 43627, 17709, 60710, 53761, 93011]"
117301,"[105302, 47337, 33234, 47682, 42592, 49604, 5437, 59025, 75597, 9816]"
117302,"[94432, 80350, 19061, 108270, 23322, 106885, 60201, 20678, 53269, 16916]"
117303,"[65690, 21660, 51242, 74432, 32889, 26683, 85008, 66327, 96698, 60811]"
117304,"[27111, 28294, 67504, 39577, 64117, 26437, 40998, 63609, 70407, 79382]"
117305,"[19877, 44756, 81133, 24479, 50265, 34021, 88201, 22751, 6613, 108246]"
117306,"[75784, 66249, 35837, 84553, 109244, 21806, 99812, 108166, 52118, 41261]"
117307,"[105985, 66079, 8068, 67126, 14327, 79949, 63634, 37394, 85043, 65001]"
117308,"[65173, 78836, 60780, 95426, 51819, 74056, 31760, 51899, 75303, 27018]"
117309,"[6426, 12359, 47950, 7821, 27143, 16998, 85927, 70292, 107250, 21006]"
117310,"[25703, 46894, 43849, 20710, 44940, 34233, 16305, 66198, 49351, 78655]"
117311,"[62914, 333, 48618, 102513, 32990, 54967, 29189, 91633, 45036, 10201]"
117312,"[88411, 93133, 32249, 72726, 103057, 105725, 26919, 2032, 99142, 99969]"
117313,"[63140, 5813, 9692, 79588, 29066, 98235, 36748, 78588, 18451, 87699]"
117314,"[64003, 73774, 47249, 105775, 22153, 62457, 2877, 93550, 2447, 75996]"
117315,"[34913, 75011, 76801, 66194, 51694, 28108, 21508, 58646, 109076, 89414]"
117316,"[59268, 55689, 21984, 89476, 20595, 76713, 1980, 70324, 69260, 70955]"
117317,"[34025, 28576, 75772, 29374, 7416, 39323, 65337, 81776, 26623, 61649]"
117318,"[99895, 96219, 46297, 24205, 46591, 54317, 53921, 46929, 62452, 96908]"
117319,"[99458, 70044, 50916, 45699, 51062, 90756, 98565, 22383, 98827, 6290]"
117320,"[58277, 55865, 9263, 26987, 3835, 70991, 85213, 20851, 54177, 88116]"
117321,"[106912, 31404, 37771, 55407, 37389, 73977, 68052, 72265, 97730, 98096]"
117322,"[36721, 38757, 100303, 36798, 74195, 34362, 29141, 29164, 84807, 53757]"
117323,"[15176, 56672, 11054, 16810, 7518, 82512, 37320, 100874, 37341, 1904]"
117324,"[103294, 36277, 56828, 34118, 92941, 99975, 82685, 68633, 57295, 94837]"
117325,"[34118, 36277, 103294, 100620, 56828, 82685, 20733, 26898, 85632, 41915]"
117326,"[20269, 82892, 48317, 11832, 98768, 78693, 786, 90698, 93619, 80085]"
117327,"[56180, 48930, 61102, 101353, 8334, 95295, 1893, 78798, 104485, 43140]"
117328,"[34727, 94573, 47414, 12535, 91594, 21314, 42035, 67500, 87732, 30774]"
117329,"[108628, 100488, 68731, 81472, 99708, 32349, 46953, 30120, 47857, 16572]"
117330,"[108355, 88044, 66952, 39296, 52538, 105208, 28919, 70737, 80038, 86648]"
117331,"[10388, 74768, 41493, 45550, 35176, 7554, 103743, 58157, 24597, 15414]"
117332,"[21323, 25139, 18921, 90398, 47685, 74239, 55035, 96251, 104885, 11376]"
117333,"[9583, 60929, 41553, 77777, 91911, 45993, 18239, 94563, 24080, 89483]"
117334,"[100823, 69596, 21686, 13244, 105626, 2416, 71131, 37540, 24022, 2619]"
117335,"[76062, 63979, 62982, 24257, 86897, 3179, 48843, 98596, 48273, 73563]"
117336,"[99964, 58028, 10229, 65976, 73221, 92105, 59540, 36263, 194, 37056]"
117337,"[46632, 51615, 18994, 105386, 62038, 62364, 14024, 96062, 4435, 69980]"
117338,"[108185, 62125, 5355, 2146, 14747, 92214, 68069, 42379, 35347, 101400]"
117339,"[28430, 83823, 44859, 17705, 66509, 15580, 102035, 66600, 55631, 43296]"
117340,"[43537, 109183, 83981, 1183, 66821, 16833, 21500, 30899, 62385, 70084]"
117341,"[90084, 27936, 56115, 106685, 40772, 38638, 97741, 26405, 28445, 50906]"
117342,"[79702, 51393, 60692, 71130, 24939, 90195, 88727, 88108, 83109, 74118]"
117343,"[39989, 11122, 103172, 75224, 58657, 17730, 99694, 81193, 95676, 7348]"
117344,"[86474, 47091, 105667, 75088, 97626, 69865, 50273, 35292, 64143, 76324]"
117345,"[67238, 69354, 99894, 66030, 20763, 32048, 49009, 8768, 48766, 57732]"
117346,"[77162, 46169, 32488, 61180, 96934, 8550, 108090, 45539, 78845, 12446]"
117347,"[78012, 74601, 109250, 47526, 7968, 7590, 1870, 21371, 81998, 94000]"
117348,"[80497, 80985, 16042, 21528, 43110, 89360, 78897, 20226, 13214, 34806]"
117349,"[26675, 92251, 21290, 1253, 55077, 56537, 34428, 51736, 94880, 99377]"
117350,"[47082, 4750, 40977, 18633, 74366, 74533, 79788, 45186, 88180, 43305]"
117351,"[31206, 92214, 106668, 13252, 76449, 101400, 107084, 87419, 36395, 15530]"
117352,"[42120, 50153, 41968, 40842, 83104, 104544, 19077, 8787, 81340, 28013]"
117353,"[84944, 74258, 99872, 49962, 81742, 55949, 84923, 59926, 98784, 17034]"
117354,"[32198, 53173, 91830, 94783, 102274, 11812, 3849, 103052, 61073, 12159]"
117355,"[85242, 96962, 29923, 46345, 53902, 27119, 73489, 109361, 20057, 66759]"
117356,"[66440, 19034, 49576, 94483, 46106, 79409, 58766, 9396, 41670, 51502]"
117357,"[39671, 59281, 50622, 36175, 81454, 23987, 21026, 97474, 33460, 2513]"
117358,"[93781, 63553, 40036, 30432, 71028, 74614, 22521, 90216, 53484, 99498]"
117359,"[13653, 32405, 105288, 95532, 102883, 21870, 50324, 11713, 18438, 22145]"
117360,"[27317, 17337, 85046, 96970, 80129, 22349, 102294, 30957, 27175, 72575]"
117361,"[73545, 27793, 90721, 19905, 42887, 43148, 54, 93292, 51404, 98010]"
117362,"[102891, 79391, 27269, 2440, 77327, 36378, 83673, 34240, 100657, 101620]"
117363,"[20078, 56201, 106838, 34590, 24868, 105976, 103402, 9681, 28708, 22299]"
117364,"[72968, 1629, 102967, 45337, 13530, 102956, 50891, 69911, 56762, 39830]"
117365,"[28, 72800, 87352, 53328, 14045, 103861, 25340, 107071, 101362, 89204]"
117366,"[81511, 64968, 11996, 22494, 88078, 53262, 70476, 51947, 72611, 75510]"
117367,"[107075, 33067, 34874, 46892, 17422, 5801, 37442, 74921, 52887, 63213]"
117368,"[60302, 29982, 2346, 63932, 28705, 40182, 54740, 37957, 63843, 37917]"
117369,"[92225, 35330, 8544, 95990, 76932, 14520, 68048, 109525, 93357, 68655]"
117370,"[33594, 63537, 28879, 37, 50963, 32829, 68269, 44983, 47564, 93185]"
117371,"[13061, 92569, 508, 103615, 104735, 3864, 74274, 43604, 97050, 109044]"
117372,"[74607, 84946, 30565, 35076, 105070, 42441, 31856, 10641, 90643, 81745]"
117373,"[61433, 28646, 59454, 4026, 68456, 73696, 69198, 24784, 55862, 76029]"
117374,"[51191, 11398, 49266, 50659, 33171, 51860, 93473, 44156, 66306, 2875]"
117375,"[42685, 80712, 86172, 58843, 31567, 37450, 62501, 59791, 15962, 94851]"
117376,"[11192, 107702, 28853, 27143, 105319, 51530, 89575, 100235, 106458, 43407]"
117377,"[23732, 60937, 43706, 37010, 48982, 6277, 87258, 95570, 6834, 72257]"
117378,"[62443, 2626, 54461, 38163, 1877, 81346, 53183, 10900, 81093, 26986]"
117379,"[50027, 84753, 92595, 60728, 39391, 12372, 102787, 69039, 41588, 20938]"
117380,"[66675, 31013, 90033, 97021, 21743, 109611, 21457, 73533, 15520, 99432]"
117381,"[19258, 96925, 96442, 47651, 69942, 90191, 39346, 69313, 91956, 89648]"
117382,"[69300, 96889, 58388, 51517, 98082, 21869, 782, 106272, 7421, 99209]"
117383,"[59318, 14584, 87577, 24705, 61055, 85830, 84129, 30473, 84926, 56002]"
117384,"[37406, 54785, 43406, 37256, 96841, 56519, 6333, 109252, 21836, 45072]"
117385,"[17383, 248, 79154, 99593, 827, 70071, 23593, 30009, 82199, 90537]"
117386,"[69226, 108442, 106096, 79745, 94156, 16056, 39540, 109213, 73592, 12645]"
117387,"[27248, 39018, 52408, 53153, 106296, 9059, 5336, 93202, 68443, 20051]"
117388,"[71528, 49411, 18879, 73592, 17696, 79745, 89434, 49294, 35212, 47286]"
117389,"[71293, 91547, 70894, 47506, 5280, 18120, 27712, 6692, 69912, 75572]"
117390,"[38038, 17443, 23270, 62859, 66692, 12947, 102951, 97498, 38501, 28279]"
117391,"[68291, 35773, 45903, 66466, 55744, 74738, 28905, 7624, 6349, 107409]"
117392,"[81744, 62526, 4442, 43766, 19837, 75512, 24585, 878, 52195, 24983]"
117393,"[95573, 73826, 6806, 87488, 56303, 52561, 46931, 60809, 108028, 76000]"
117394,"[11742, 67989, 5310, 81807, 101654, 90103, 107184, 14420, 100536, 33873]"
117395,"[84247, 70405, 70385, 22799, 20048, 47044, 91564, 105944, 84761, 44190]"
117396,"[3464, 88232, 29930, 28794, 22884, 3185, 93939, 41806, 35387, 100283]"
117397,"[105501, 62707, 47870, 1158, 11907, 76783, 23222, 52189, 11468, 50605]"
117398,"[94829, 13317, 45480, 80793, 24276, 21913, 21549, 86802, 40757, 61895]"
117399,"[40220, 5697, 23297, 35799, 28956, 83075, 4652, 7488, 3518, 87495]"
117400,"[56235, 100355, 81941, 17311, 77483, 16070, 78538, 12581, 35891, 84392]"
117401,"[51987, 70322, 62675, 65692, 1864, 74108, 21580, 3043, 40684, 76691]"
117402,"[91029, 9951, 49794, 90912, 63283, 13985, 30732, 39815, 30892, 6781]"
117403,"[32078, 51268, 90419, 96182, 109127, 28463, 40018, 11185, 25506, 80532]"
117404,"[81641, 46184, 78302, 5294, 89552, 44095, 107416, 105313, 95181, 38952]"
117405,"[9011, 29615, 39355, 53119, 34308, 55996, 39672, 40835, 64916, 51492]"
117406,"[98040, 79733, 92255, 58575, 105468, 52580, 49951, 7764, 68569, 82468]"
117407,"[51220, 51707, 67747, 53407, 22376, 101988, 107177, 22740, 64313, 27041]"
117408,"[52451, 51514, 64773, 32866, 100236, 91242, 66471, 86891, 70723, 62674]"
117409,"[59048, 43420, 82595, 67457, 5078, 4898, 5986, 53505, 44643, 38037]"
117410,"[26668, 63140, 40755, 35603, 14407, 72958, 32579, 71020, 15190, 100762]"
117411,"[19810, 80708, 73543, 72458, 37984, 28073, 59430, 78925, 97012, 87479]"
117412,"[91199, 65911, 73799, 29832, 60122, 41483, 76878, 90612, 68690, 70812]"
117413,"[27232, 51852, 18684, 74985, 78184, 109465, 53297, 39072, 83080, 73088]"
117414,"[3111, 54872, 96910, 53546, 88279, 10713, 24299, 58380, 20617, 43655]"
117415,"[71757, 11857, 46675, 82665, 40626, 2892, 43153, 83410, 29618, 18283]"
117416,"[105005, 87046, 79347, 14820, 40878, 106949, 48729, 13310, 35149, 100962]"
117417,"[47614, 16776, 14929, 90083, 66627, 56359, 101828, 66997, 2572, 89862]"
117418,"[18054, 46658, 69800, 48647, 32205, 99906, 78286, 58885, 48029, 938]"
117419,"[18428, 49564, 53572, 7760, 105835, 58107, 26982, 51361, 32831, 4591]"
117420,"[76828, 81523, 85626, 17206, 6745, 2070, 49955, 68700, 35662, 82492]"
117421,"[33329, 63143, 73428, 72411, 101887, 41707, 16075, 85297, 26028, 58641]"
117422,"[76146, 7603, 78472, 82573, 34345, 53694, 19584, 87425, 33580, 13498]"
117423,"[16884, 38509, 13750, 63214, 31576, 40079, 67714, 1941, 62826, 103222]"
117424,"[74901, 61081, 60442, 99622, 52084, 16382, 60319, 15420, 80627, 8747]"
117425,"[51568, 44863, 5990, 88861, 37661, 80326, 2391, 2220, 93345, 45324]"
117426,"[30828, 67518, 104215, 69671, 69459, 7009, 82442, 75319, 65800, 86842]"
117427,"[72421, 10366, 71871, 102001, 70798, 53929, 19857, 72794, 106355, 50970]"
117428,"[94335, 70100, 40733, 101504, 7095, 21983, 3040, 55351, 41681, 99656]"
117429,"[62630, 109596, 105101, 46539, 84000, 28135, 20886, 47174, 94899, 93278]"
117430,"[36909, 77065, 69379, 73537, 15974, 85130, 108713, 62652, 67572, 100290]"
117431,"[3566, 22048, 29167, 97537, 71100, 61529, 100831, 74831, 98482, 33839]"
117432,"[41256, 83685, 26511, 3732, 33278, 24243, 76989, 37041, 46424, 94957]"
117433,"[39561, 74028, 108984, 25939, 68420, 33603, 50670, 37302, 83359, 107051]"
117434,"[43255, 100642, 79095, 99258, 4659, 37894, 27535, 17499, 51495, 78986]"
117435,"[106262, 16414, 80430, 104859, 48972, 102644, 18105, 31997, 77855, 3684]"
117436,"[38834, 45892, 79023, 23196, 76905, 88822, 17027, 101869, 14642, 101706]"
117437,"[22699, 43468, 76795, 8863, 103400, 78807, 83262, 25502, 14301, 45807]"
117438,"[92501, 13327, 88195, 64095, 36142, 93800, 57920, 90604, 62714, 6749]"
117439,"[68748, 49019, 59532, 51603, 2442, 93295, 72866, 31098, 105141, 105635]"
117440,"[64443, 4621, 88935, 43808, 67091, 97539, 51908, 51612, 99852, 13748]"
117441,"[98051, 102673, 41315, 104870, 50360, 66083, 107102, 50096, 18991, 7279]"
117442,"[10175, 2158, 86083, 89012, 61382, 53226, 15536, 108490, 71353, 59770]"
117443,"[107103, 30193, 73024, 77079, 70515, 6067, 34077, 20625, 84567, 46559]"
117444,"[44844, 5500, 2706, 1875, 59371, 100417, 94843, 12792, 34478, 13096]"
117445,"[21017, 49626, 38178, 66472, 7564, 60941, 52397, 62931, 80294, 92173]"
117446,"[98661, 13085, 7000, 260, 41949, 39952, 73642, 77618, 104719, 12350]"
117447,"[48044, 38051, 28157, 52938, 31174, 104373, 27749, 11619, 53754, 83348]"
117448,"[13210, 40084, 20691, 97891, 22354, 30351, 68043, 22552, 25070, 54202]"
117449,"[96418, 102343, 49674, 63636, 36294, 741, 64085, 94572, 80347, 17589]"
117450,"[95511, 45990, 14338, 80886, 31274, 66347, 63516, 86336, 97906, 50855]"
117451,"[68000, 38541, 91544, 76396, 22501, 59848, 45710, 65740, 41744, 49261]"
117452,"[65800, 13430, 106744, 70823, 67518, 104215, 86842, 10505, 82442, 85958]"
117453,"[5038, 66347, 52519, 95511, 50855, 14338, 58809, 75531, 88931, 63516]"
117454,"[98484, 49280, 32116, 23818, 43875, 26378, 96667, 41219, 75541, 9036]"
117455,"[102541, 22908, 80448, 36325, 79537, 75708, 26159, 67843, 104100, 9368]"
117456,"[53276, 18955, 57686, 35952, 1839, 95066, 87112, 55356, 27325, 17489]"
117457,"[33521, 44503, 25545, 3474, 93064, 77601, 22601, 21365, 81343, 32856]"
117458,"[53168, 33919, 78033, 59208, 29626, 25860, 28038, 39150, 94233, 678]"
117459,"[67515, 98376, 11725, 2829, 60117, 96867, 32584, 56163, 23971, 15287]"
117460,"[56547, 11329, 86923, 56964, 29318, 87469, 96112, 13227, 33779, 59729]"
117461,"[41069, 103361, 56223, 58773, 5417, 37051, 68689, 108492, 2685, 41900]"
117462,"[71861, 63997, 70523, 48180, 27919, 86290, 17438, 24563, 51429, 33448]"
117463,"[9199, 19993, 84226, 59686, 30200, 14306, 36328, 84536, 15632, 6253]"
117464,"[32801, 76354, 41551, 85845, 101141, 36412, 7331, 70255, 60042, 99028]"
117465,"[531, 69716, 106337, 84580, 36162, 50675, 39765, 92599, 47730, 20084]"
117466,"[106788, 7515, 81566, 67925, 25209, 71093, 38754, 37116, 67749, 58336]"
117467,"[45212, 57142, 14606, 33160, 53670, 2152, 85769, 53100, 1032, 11041]"
117468,"[105010, 98567, 44378, 61720, 11020, 64098, 85864, 89734, 40754, 4102]"
117469,"[26603, 93440, 18080, 59452, 32812, 91703, 73613, 4886, 77024, 20433]"
117470,"[22304, 29355, 44929, 19949, 25108, 31568, 84410, 96662, 15097, 108440]"
117471,"[57734, 84216, 1011, 34405, 51803, 104239, 52974, 73798, 73175, 70886]"
117472,"[105451, 73309, 100681, 33450, 109216, 45457, 97511, 4909, 41988, 8880]"
117473,"[59069, 82583, 100736, 82069, 96603, 4342, 5101, 18701, 101104, 65450]"
117474,"[108272, 36456, 95307, 90163, 84550, 36045, 96563, 19583, 41463, 83153]"
117475,"[35643, 68237, 75989, 17532, 85142, 104980, 18450, 64221, 63987, 103055]"
117476,"[61134, 21736, 13467, 43945, 49139, 60752, 47631, 19040, 104968, 74977]"
117477,"[73192, 87460, 37833, 87735, 29599, 62240, 37528, 73354, 85328, 31161]"
117478,"[70313, 36206, 10591, 8741, 78329, 107674, 76576, 11843, 7303, 18246]"
117479,"[88121, 73561, 12841, 96594, 91341, 14231, 98555, 18393, 88980, 96731]"
117480,"[61165, 26755, 14445, 48862, 55766, 60108, 32877, 6587, 105661, 8570]"
117481,"[63564, 83448, 101236, 98257, 7903, 10013, 59587, 46434, 107039, 65825]"
117482,"[62146, 79955, 36744, 98514, 66902, 74705, 32352, 42337, 76407, 64761]"
117483,"[35772, 28934, 14920, 45486, 44208, 86293, 90003, 68630, 71166, 66493]"
117484,"[6221, 18604, 95764, 51813, 18314, 31226, 29910, 46317, 76841, 89300]"
117485,"[51860, 99384, 40533, 19213, 44156, 54095, 48560, 64206, 19806, 60169]"
117486,"[105359, 19257, 38568, 73779, 9371, 71956, 107124, 79128, 98803, 96122]"
117487,"[64090, 54047, 55370, 63639, 68304, 86368, 77049, 74823, 86208, 28484]"
117488,"[109424, 61691, 58681, 51560, 81583, 67860, 39046, 50134, 3068, 45606]"
117489,"[25017, 65797, 107581, 42819, 53253, 105901, 51532, 20811, 103868, 83153]"
117490,"[26743, 72604, 38395, 48035, 40216, 89933, 31697, 51080, 18066, 77455]"
117491,"[31310, 97219, 38018, 107161, 6395, 23408, 39345, 59727, 16932, 59141]"
117492,"[19703, 96337, 75058, 101672, 88089, 43644, 101211, 46287, 39600, 41343]"
117493,"[60059, 40330, 87365, 93538, 39123, 74302, 6789, 82989, 90104, 92098]"
117494,"[10635, 17408, 69155, 58986, 107236, 23331, 1311, 42510, 33336, 68925]"
117495,"[1456, 80846, 75494, 61248, 64326, 73145, 50558, 774, 46491, 16629]"
117496,"[83235, 91871, 68326, 38315, 54626, 26331, 15333, 103039, 3112, 726]"
117497,"[7433, 17687, 27223, 48328, 22068, 106020, 38709, 54117, 89568, 17501]"
117498,"[76023, 82067, 88147, 82275, 75455, 36733, 86775, 46551, 69569, 32398]"
117499,"[20279, 90921, 63101, 57008, 43803, 68348, 68328, 77694, 20102, 77214]"
117500,"[19838, 43693, 26738, 14908, 65954, 41863, 45601, 103010, 26650, 24456]"
117501,"[39912, 91324, 1613, 8757, 71084, 92581, 19896, 423, 102632, 5054]"
117502,"[106075, 104572, 69821, 41905, 93756, 72275, 45066, 46428, 68416, 36024]"
117503,"[53112, 82499, 65674, 25496, 32093, 4211, 24620, 107066, 34445, 31241]"
117504,"[17880, 100, 86072, 36099, 11034, 107115, 17531, 25831, 57053, 106474]"
117505,"[87863, 64389, 40700, 77200, 100816, 373, 70397, 58340, 31642, 14184]"
117506,"[28821, 85904, 46003, 101215, 60037, 61406, 52954, 89213, 44417, 34495]"
117507,"[8801, 82273, 94953, 109644, 75369, 83852, 29293, 27667, 8014, 4383]"
117508,"[9770, 72207, 70230, 18289, 29935, 28516, 75419, 18392, 107807, 37468]"
117509,"[66033, 49771, 86246, 77485, 105218, 23662, 85585, 22948, 107871, 88758]"
117510,"[82862, 41323, 51293, 72687, 74849, 108106, 21004, 55254, 42320, 85922]"
117511,"[100277, 21928, 105715, 41985, 58612, 83581, 42456, 97248, 8975, 56483]"
117512,"[52863, 83579, 105712, 8343, 64789, 23394, 11836, 54381, 102320, 21196]"
117513,"[90363, 85703, 82229, 30535, 5235, 22605, 104900, 82598, 78527, 78196]"
117514,"[75601, 109418, 29735, 11074, 18699, 3605, 18049, 33876, 13258, 94396]"
117515,"[35853, 22377, 41014, 55254, 3332, 61259, 27114, 3757, 56239, 104585]"
117516,"[99216, 43015, 35616, 87978, 24442, 95918, 80213, 4617, 16659, 32772]"
117517,"[50590, 8494, 66618, 33430, 59056, 107847, 54062, 91747, 61346, 8358]"
117518,"[35930, 30272, 93076, 2628, 16063, 68752, 22849, 53648, 75350, 40619]"
117519,"[4490, 2802, 6897, 80222, 101661, 45716, 78702, 105189, 12740, 21823]"
117520,"[32498, 26246, 67943, 23659, 10102, 8269, 94564, 60197, 6589, 60554]"
117521,"[43257, 39834, 77987, 79877, 92808, 70321, 76585, 81672, 3021, 52652]"
117522,"[107646, 65182, 24441, 75331, 49848, 43969, 94064, 4796, 37957, 57594]"
117523,"[52266, 96668, 22968, 56450, 94447, 86956, 81924, 42435, 75519, 12260]"
117524,"[18299, 42029, 67187, 98299, 41946, 65061, 31465, 57832, 32852, 59400]"
117525,"[64507, 65034, 87975, 81899, 88831, 97165, 84878, 30945, 100140, 39726]"
117526,"[33023, 87927, 10923, 5730, 109506, 49649, 25546, 59643, 27235, 5039]"
117527,"[90579, 92546, 47122, 9027, 30906, 6168, 20314, 31392, 54943, 48518]"
117528,"[60705, 86785, 4205, 83273, 52348, 103807, 71011, 13860, 72156, 29678]"
117529,"[84969, 106901, 36972, 101552, 42147, 67547, 58780, 26840, 4715, 2450]"
117530,"[106391, 87687, 91030, 22118, 52897, 45339, 96753, 75736, 29900, 23863]"
117531,"[50799, 52735, 90995, 91785, 137, 50024, 31024, 12340, 13772, 101183]"
117532,"[18123, 69774, 12988, 84770, 78382, 92560, 49696, 65508, 39367, 103228]"
117533,"[34910, 50647, 101205, 43996, 91792, 104531, 78151, 100617, 106557, 50023]"
117534,"[16961, 45352, 20249, 2687, 33447, 92451, 71596, 36386, 58640, 103965]"
117535,"[7450, 7757, 67035, 1967, 90409, 55813, 27618, 57290, 55950, 77027]"
117536,"[62388, 94818, 97729, 56773, 61113, 7379, 63206, 86932, 5578, 101450]"
117537,"[31768, 4331, 30183, 2428, 68486, 55642, 42888, 88523, 28671, 10407]"
117538,"[80691, 74353, 24782, 12817, 99095, 58840, 102621, 64138, 105983, 18175]"
117539,"[40369, 39326, 97780, 14037, 75743, 66596, 83324, 18478, 17772, 88275]"
117540,"[86650, 81426, 107521, 18008, 59769, 81117, 14026, 61683, 85572, 6912]"
117541,"[107986, 2755, 19240, 80325, 36047, 79353, 26184, 43656, 37145, 61635]"
117542,"[107247, 2021, 73705, 24801, 87294, 72016, 32217, 49539, 21189, 76037]"
117543,"[11193, 84047, 5119, 48418, 64660, 49834, 104777, 34480, 23667, 75221]"
117544,"[70073, 28845, 20707, 11465, 29851, 54605, 77892, 24213, 7529, 61565]"
117545,"[83724, 43398, 43473, 17203, 109517, 105933, 62246, 46076, 6120, 51309]"
117546,"[42942, 6669, 35380, 42106, 109218, 52598, 43940, 2379, 84927, 102910]"
117547,"[54340, 52867, 11175, 93748, 22305, 36595, 102397, 91723, 18634, 33453]"
117548,"[68375, 29964, 57129, 62565, 48505, 74581, 92991, 41469, 76444, 52698]"
117549,"[28119, 104274, 18166, 99767, 9615, 19355, 52098, 41152, 7585, 76832]"
117550,"[86760, 16866, 104348, 39081, 71345, 73414, 155, 24400, 84083, 27812]"
117551,"[11841, 105605, 31025, 58805, 19050, 54325, 4604, 35672, 106862, 53464]"
117552,"[21773, 98694, 237, 86606, 55359, 97867, 13537, 98336, 4727, 28341]"
117553,"[4874, 58037, 89294, 97874, 20016, 50061, 40399, 72258, 93327, 101113]"
117554,"[9189, 51960, 22728, 559, 28204, 41236, 29499, 102750, 69974, 16076]"
117555,"[87688, 50929, 53407, 22376, 28222, 33527, 45185, 33377, 35166, 3908]"
117556,"[82521, 79882, 100626, 56555, 101043, 19843, 93101, 9808, 4345, 79190]"
117557,"[2387, 32146, 80615, 33961, 64021, 37232, 94100, 92109, 15542, 39119]"
117558,"[2864, 98477, 30903, 26123, 52244, 3809, 107447, 43472, 103271, 107404]"
117559,"[59129, 59707, 10869, 28672, 5833, 35960, 47093, 90791, 23890, 74580]"
117560,"[46162, 105473, 36627, 19822, 10922, 21799, 51618, 14920, 83551, 109131]"
117561,"[71480, 25478, 28966, 38117, 12055, 55661, 61557, 106250, 83076, 65656]"
117562,"[40856, 99546, 24989, 41261, 48376, 52461, 10780, 63250, 61290, 109377]"
117563,"[103444, 2836, 87876, 60035, 98474, 71720, 76377, 30409, 106841, 72740]"
117564,"[104176, 26129, 90591, 77982, 58268, 56624, 36586, 36031, 82498, 21282]"
117565,"[58751, 59333, 79124, 61959, 29953, 102193, 100253, 14943, 77264, 101676]"
117566,"[84754, 64331, 1968, 66105, 87690, 17386, 23257, 35486, 32192, 36115]"
117567,"[58323, 15304, 16159, 105565, 66221, 55493, 22319, 61593, 68315, 1366]"
117568,"[30281, 50447, 11410, 52219, 56576, 96630, 91546, 60709, 251, 100539]"
117569,"[72474, 101106, 41427, 25352, 160, 38268, 38025, 103095, 85218, 95702]"
117570,"[2167, 18202, 42890, 100216, 74547, 35776, 19826, 100770, 48215, 25988]"
117571,"[84906, 32960, 699, 30591, 21964, 79242, 33670, 64455, 44395, 75741]"
117572,"[49551, 101627, 6009, 10758, 102533, 64082, 15728, 17111, 7675, 42784]"
117573,"[36206, 76576, 31102, 67161, 84356, 107674, 61630, 666, 75173, 56795]"
117574,"[18012, 53041, 94238, 28302, 86343, 10698, 4308, 79885, 82272, 53303]"
117575,"[26263, 76457, 99729, 107239, 20747, 41950, 106279, 25194, 4573, 39797]"
117576,"[103126, 102418, 42453, 102227, 19317, 109422, 23434, 52930, 52194, 50219]"
117577,"[94777, 48402, 68269, 77174, 65467, 40935, 20476, 55140, 2679, 101399]"
117578,"[16938, 97370, 11457, 12679, 4575, 105331, 3808, 71182, 39063, 101684]"
117579,"[68636, 17345, 99489, 88945, 87208, 14967, 97221, 25671, 34531, 73254]"
117580,"[32862, 33396, 97013, 73986, 77436, 100080, 46536, 34353, 48160, 74108]"
117581,"[65648, 22840, 69801, 22400, 89604, 18535, 41954, 102754, 24390, 47581]"
117582,"[15678, 53765, 79523, 65637, 9893, 84131, 71314, 107001, 84685, 72118]"
117583,"[45801, 58537, 3632, 58153, 46117, 4463, 1226, 6786, 50361, 16843]"
117584,"[46475, 87345, 41183, 23099, 87538, 63576, 10593, 91808, 92892, 58530]"
117585,"[18535, 97106, 65005, 50288, 102754, 80845, 44499, 12150, 65196, 40697]"
117586,"[81986, 10484, 70479, 50364, 104627, 29476, 5615, 84679, 91823, 69252]"
117587,"[98963, 3421, 93141, 61960, 91083, 83181, 109626, 77191, 16150, 76068]"
117588,"[69149, 58406, 85081, 55430, 52681, 23456, 336, 67875, 5000, 107280]"
117589,"[96221, 18342, 79204, 109599, 5457, 85250, 40477, 50233, 103129, 106074]"
117590,"[85313, 77166, 91840, 38759, 85657, 871, 31401, 73427, 36143, 73402]"
117591,"[68890, 4105, 77836, 55589, 55096, 99927, 42496, 80168, 34513, 78633]"
117592,"[27432, 55947, 83302, 52027, 71249, 24852, 56273, 35268, 44347, 37878]"
117593,"[44481, 87918, 45561, 56160, 71693, 14047, 35363, 38117, 12055, 38339]"
117594,"[81410, 63311, 89485, 54492, 42166, 54021, 50109, 37759, 77500, 51588]"
117595,"[18618, 55965, 29980, 997, 78415, 60999, 38705, 12176, 64275, 70396]"
117596,"[65474, 69171, 72131, 59523, 17663, 85396, 52882, 29305, 99075, 629]"
117597,"[67450, 109298, 12666, 80739, 30298, 14489, 13737, 33054, 80329, 59567]"
117598,"[63602, 31457, 108746, 87996, 25687, 101245, 53282, 78315, 846, 87857]"
117599,"[25668, 78214, 5767, 59627, 7952, 19413, 131, 71962, 99949, 86358]"
117600,"[65571, 7286, 15248, 39300, 78417, 23420, 37194, 9284, 22915, 36096]"
117601,"[61212, 69552, 55976, 62922, 84950, 98444, 15361, 11983, 102417, 86077]"
117602,"[54419, 6438, 45228, 29466, 7626, 85751, 19221, 43575, 48329, 19209]"
117603,"[59467, 10759, 13508, 93280, 56377, 87850, 92484, 85159, 94400, 53089]"
117604,"[58066, 5291, 93852, 62564, 80916, 81594, 70302, 107584, 66177, 61938]"
117605,"[36104, 102157, 81671, 66336, 28552, 45816, 58924, 98973, 97074, 85674]"
117606,"[83084, 46532, 57580, 104857, 18511, 20110, 107192, 15467, 11504, 4559]"
117607,"[80693, 9819, 104150, 92022, 70270, 49344, 55982, 61786, 64882, 37155]"
117608,"[73221, 99145, 64233, 14055, 13071, 87968, 99964, 65976, 23190, 90874]"
117609,"[40669, 73904, 6501, 61929, 101840, 4261, 102779, 109181, 55481, 101062]"
117610,"[108540, 26048, 91577, 63870, 46982, 2583, 46048, 30949, 14472, 82271]"
117611,"[72283, 57389, 82833, 25820, 96475, 28920, 63327, 16714, 75710, 56117]"
117612,"[95136, 74584, 37179, 1367, 21724, 59266, 89909, 53685, 70117, 80381]"
117613,"[68551, 97290, 17281, 14430, 28452, 8126, 78840, 25171, 70740, 84144]"
117614,"[55898, 42041, 62469, 60517, 2475, 24604, 3092, 37304, 20753, 4886]"
117615,"[30856, 77534, 98865, 109283, 23062, 49810, 6629, 70252, 71190, 106859]"
117616,"[81786, 105067, 47346, 35479, 72770, 24508, 99557, 64067, 36775, 7108]"
117617,"[23908, 55256, 90979, 22034, 108848, 53248, 109719, 41244, 97119, 78539]"
117618,"[65796, 73635, 49108, 108234, 34635, 59304, 18232, 26785, 29989, 36650]"
117619,"[30208, 74661, 35979, 56427, 97493, 100368, 16600, 77978, 15522, 59136]"
117620,"[17123, 34970, 89214, 78439, 70362, 88958, 56116, 71242, 65953, 13714]"
117621,"[65411, 65970, 103311, 50690, 1531, 69531, 9063, 29473, 98523, 84639]"
117622,"[80969, 100664, 86854, 90456, 37397, 5955, 6620, 27354, 104691, 20930]"
117623,"[57968, 99167, 66890, 16622, 75824, 9707, 64946, 55099, 107735, 54432]"
117624,"[74973, 83005, 51907, 73596, 15708, 49396, 44900, 106264, 8243, 15550]"
117625,"[67125, 13186, 52963, 9855, 100076, 67851, 59640, 94367, 278, 24417]"
117626,"[76395, 59119, 88443, 90152, 4217, 33736, 13115, 55419, 40755, 56823]"
117627,"[72384, 57908, 19792, 11509, 16100, 14379, 43307, 76288, 57603, 25564]"
117628,"[21736, 83606, 76998, 72869, 43945, 49139, 96501, 27508, 15315, 61134]"
117629,"[36756, 109112, 84954, 69608, 26534, 40625, 1230, 54814, 105489, 21877]"
117630,"[107846, 56325, 106967, 62795, 45937, 102262, 19949, 24829, 109503, 109528]"
117631,"[44680, 84680, 6916, 25597, 6379, 97445, 82278, 37904, 107283, 42411]"
117632,"[86589, 38555, 63483, 64942, 103584, 19946, 103163, 100200, 78402, 82682]"
117633,"[50338, 16693, 84836, 98113, 104583, 63944, 53077, 49788, 11526, 8235]"
117634,"[29020, 52105, 36083, 101064, 71979, 21760, 77780, 66961, 57813, 58492]"
117635,"[29154, 5746, 5826, 109499, 5767, 99695, 65050, 93085, 11281, 99949]"
117636,"[15738, 74888, 68014, 19141, 77030, 59530, 52051, 24735, 2800, 32777]"
117637,"[60313, 77854, 23421, 47233, 96973, 109645, 18302, 61210, 28142, 33318]"
117638,"[14490, 40521, 47149, 101893, 35866, 102229, 34452, 38375, 18551, 82415]"
117639,"[65887, 37484, 97559, 93186, 51695, 4430, 90302, 82869, 72306, 83503]"
117640,"[98293, 66540, 94483, 39361, 88869, 66172, 4204, 55576, 25176, 6873]"
117641,"[29911, 59749, 11785, 68572, 45457, 27529, 50822, 36862, 91345, 90885]"
117642,"[65440, 45028, 70096, 27579, 10094, 45842, 44773, 34761, 109108, 6084]"
117643,"[97833, 40923, 93564, 97487, 90461, 20716, 26410, 40809, 19280, 94010]"
117644,"[43481, 66564, 32400, 22630, 17899, 31129, 42790, 90563, 88027, 48084]"
117645,"[47266, 79052, 98360, 64203, 48460, 74998, 20083, 20072, 15942, 52452]"
117646,"[77447, 11623, 53469, 77446, 38477, 29952, 62319, 16618, 1050, 77238]"
117647,"[27888, 77299, 69874, 89930, 49719, 82054, 8071, 63475, 97625, 5218]"
117648,"[78940, 89028, 85130, 105509, 62652, 53542, 34810, 19190, 923, 36569]"
117649,"[56137, 87738, 63836, 49283, 32409, 841, 72485, 6362, 106291, 42480]"
117650,"[3427, 100659, 89238, 86008, 21442, 25318, 15709, 83165, 33974, 38042]"
117651,"[77817, 17858, 1020, 19387, 81499, 9700, 48226, 81719, 84722, 62303]"
117652,"[57453, 19934, 63715, 28879, 2266, 40869, 48806, 38635, 108425, 78870]"
117653,"[38442, 88756, 36187, 106775, 71944, 71476, 82921, 28005, 77151, 77448]"
117654,"[99894, 66030, 67238, 95529, 69354, 42626, 48766, 88663, 30104, 103897]"
117655,"[22229, 97263, 54699, 93145, 26896, 31273, 18110, 7078, 7431, 83234]"
117656,"[51802, 56804, 28315, 101387, 25726, 104870, 50597, 107967, 98205, 53023]"
117657,"[72060, 50456, 41048, 99915, 12102, 8632, 103842, 29273, 89688, 19929]"
117658,"[22195, 11025, 48515, 24896, 53331, 56088, 46960, 70752, 65375, 23157]"
117659,"[19621, 78949, 87952, 30315, 21800, 69112, 75149, 93906, 49952, 42208]"
117660,"[81453, 37189, 68229, 64439, 107318, 57593, 89533, 61622, 86861, 99378]"
117661,"[33521, 44503, 21365, 63261, 82871, 11663, 37860, 14078, 81343, 25545]"
117662,"[25615, 67358, 72636, 28355, 66830, 64809, 102311, 55879, 106202, 80856]"
117663,"[33717, 16671, 86853, 63707, 97872, 505, 48823, 63719, 1966, 96554]"
117664,"[90037, 10877, 64672, 87016, 107581, 57738, 108209, 36698, 18184, 105901]"
117665,"[73514, 103848, 86493, 51324, 12014, 17770, 8000, 12844, 52953, 76722]"
117666,"[105792, 738, 72858, 72161, 54760, 45936, 86786, 107529, 31857, 4201]"
117667,"[10971, 35637, 81838, 94040, 106545, 102802, 12096, 49079, 57429, 33263]"
117668,"[14130, 21501, 79126, 36670, 42015, 12635, 45314, 96111, 103446, 87391]"
117669,"[73949, 109375, 42875, 20285, 64723, 87902, 25243, 63935, 95300, 13064]"
117670,"[65034, 86505, 31342, 64507, 82908, 81899, 39726, 88831, 87264, 9831]"
117671,"[81756, 66804, 46608, 76816, 41540, 58226, 86092, 51053, 109466, 73962]"
117672,"[87810, 102682, 95353, 22217, 37257, 43817, 6869, 106710, 87792, 99787]"
117673,"[15673, 94057, 59484, 47013, 46438, 31880, 52414, 25344, 67328, 51240]"
117674,"[42082, 6208, 52032, 17523, 9252, 90975, 10110, 83584, 16595, 83539]"
117675,"[29596, 33050, 35654, 41904, 15165, 95970, 61899, 97790, 7926, 78184]"
117676,"[65077, 40686, 82552, 3974, 59699, 54185, 47485, 39008, 16064, 53517]"
117677,"[26937, 73293, 2468, 84289, 33661, 83304, 92036, 22973, 17475, 86719]"
117678,"[36178, 30121, 43593, 12138, 60538, 11059, 31355, 85868, 85861, 97998]"
117679,"[3235, 17985, 93038, 94263, 80507, 71104, 96509, 80908, 24716, 56618]"
117680,"[14394, 48298, 36213, 66560, 83095, 6293, 54207, 67707, 81421, 45164]"
117681,"[52213, 39992, 93784, 90850, 29882, 90864, 69767, 46339, 17051, 26927]"
117682,"[92143, 78611, 2522, 21311, 7012, 10065, 8268, 77636, 84313, 62097]"
117683,"[100634, 2477, 30144, 87267, 105859, 6780, 32893, 18614, 46048, 26048]"
117684,"[42591, 109353, 106126, 23944, 20428, 3615, 46986, 40173, 58452, 9370]"
117685,"[13556, 63397, 1879, 43629, 24769, 35065, 89555, 48338, 14248, 2866]"
117686,"[35561, 32337, 16565, 91273, 33266, 77638, 12934, 106755, 94260, 69252]"
117687,"[54933, 74626, 43574, 81815, 35316, 57874, 85010, 9477, 106406, 54529]"
117688,"[4457, 83610, 101403, 101365, 44930, 91245, 67499, 36281, 50528, 68867]"
117689,"[19514, 5428, 8916, 34946, 103244, 79109, 8054, 98976, 4484, 4438]"
117690,"[43056, 12308, 33972, 93788, 99112, 20984, 77555, 10101, 56385, 13561]"
117691,"[10450, 99873, 54493, 94789, 107696, 35806, 12474, 25305, 94608, 86272]"
117692,"[2897, 55437, 55742, 73862, 34207, 21563, 11668, 81262, 21373, 7424]"
117693,"[90181, 53905, 91417, 97982, 36998, 21873, 72, 59297, 56967, 66733]"
117694,"[67323, 106599, 88654, 63139, 107979, 38946, 85599, 18465, 91065, 38924]"
117695,"[102763, 23785, 88850, 18562, 15220, 26462, 49035, 66456, 50341, 67740]"
117696,"[819, 50866, 91792, 55846, 81080, 34910, 45637, 42416, 53426, 17396]"
117697,"[50789, 21256, 61647, 67440, 12326, 95081, 39622, 100209, 58238, 97311]"
117698,"[46153, 40584, 18187, 67558, 37917, 60302, 20709, 4658, 19995, 74918]"
117699,"[67043, 89061, 4483, 39860, 22012, 52648, 79762, 67907, 103866, 23551]"
117700,"[23017, 9360, 31465, 74405, 86381, 80543, 76509, 17105, 69512, 65226]"
117701,"[100029, 8150, 80789, 73791, 40526, 105995, 65459, 21212, 10568, 99169]"
117702,"[45697, 39607, 104145, 41463, 93864, 19583, 46173, 2799, 42105, 39840]"
117703,"[60086, 107313, 64335, 55752, 27486, 73215, 17708, 17692, 53824, 20286]"
117704,"[96543, 85467, 85417, 104423, 70140, 23949, 21467, 78897, 80497, 29089]"
117705,"[35484, 90586, 89413, 73384, 97649, 40905, 6582, 42283, 44893, 74222]"
117706,"[63230, 80571, 83033, 88536, 64074, 28569, 42281, 30115, 19652, 14519]"
117707,"[105001, 29819, 55432, 86901, 7439, 70806, 108206, 9772, 94812, 8364]"
117708,"[29048, 98413, 82840, 83385, 92884, 82721, 15271, 2391, 66199, 44791]"
117709,"[23170, 78684, 104187, 75636, 61956, 60074, 12189, 6541, 12825, 560]"
117710,"[27651, 68974, 93499, 13577, 71399, 60607, 16607, 22213, 37471, 92142]"
117711,"[19257, 73779, 9371, 96122, 75740, 63884, 78924, 45620, 22649, 3607]"
117712,"[63293, 60060, 51366, 16747, 98016, 20675, 93309, 12422, 107197, 63585]"
117713,"[76226, 9541, 98279, 28208, 26552, 58371, 36876, 71958, 32064, 9991]"
117714,"[49036, 5161, 44342, 76004, 52086, 2896, 83691, 70697, 101004, 64019]"
117715,"[30713, 69512, 56917, 21019, 21876, 80752, 36743, 107690, 101172, 64358]"
117716,"[36554, 20350, 46021, 103110, 11795, 16446, 61245, 63858, 42182, 21492]"
117717,"[23881, 89313, 74935, 1490, 62341, 5492, 81777, 23750, 15554, 51080]"
117718,"[32606, 108520, 102164, 23073, 23277, 45522, 82741, 105192, 94192, 49418]"
117719,"[28092, 14366, 103466, 105988, 61464, 16447, 9701, 81305, 7668, 72706]"
117720,"[71344, 108414, 658, 102152, 26423, 18367, 28926, 63, 49524, 39095]"
117721,"[59471, 59835, 52888, 28641, 92980, 64067, 98393, 78972, 72404, 104364]"
117722,"[71208, 45379, 28773, 84374, 16240, 102756, 52806, 74454, 36790, 87311]"
117723,"[29676, 97248, 82410, 56483, 68376, 83581, 42456, 63102, 39277, 100277]"
117724,"[11391, 19422, 81944, 43392, 11787, 5192, 21508, 107117, 66194, 45673]"
117725,"[37972, 98918, 69913, 71630, 10143, 48706, 108756, 26938, 102881, 45818]"
117726,"[83620, 13363, 10523, 106414, 31486, 68470, 101626, 52091, 86855, 51185]"
117727,"[24545, 20367, 98680, 74576, 51106, 58143, 26057, 68090, 77931, 70571]"
117728,"[7686, 46260, 17984, 4462, 22621, 91127, 79625, 38921, 107901, 58526]"
117729,"[25509, 20037, 104702, 55244, 21405, 89649, 13147, 16727, 104571, 109246]"
117730,"[31886, 79452, 109163, 39838, 31314, 20451, 57743, 62581, 12307, 43445]"
117731,"[101388, 37148, 104240, 3660, 98274, 25666, 97827, 5818, 102057, 77469]"
117732,"[54338, 29404, 32190, 70227, 36926, 42458, 6654, 88704, 26034, 45916]"
117733,"[65214, 83968, 37796, 71601, 66067, 35744, 19603, 108440, 7567, 41778]"
117734,"[26146, 21066, 79301, 103856, 42739, 87043, 5670, 16463, 84775, 105713]"
117735,"[93623, 31680, 45094, 26700, 68446, 21298, 23360, 7712, 98071, 23283]"
117736,"[107361, 27439, 16346, 30576, 4514, 96943, 4025, 37898, 84757, 43444]"
117737,"[108699, 102192, 107795, 55871, 108583, 103839, 16035, 34658, 51827, 75483]"
117738,"[42412, 93432, 13519, 91048, 67859, 36548, 53959, 15812, 86986, 33993]"
117739,"[41974, 97077, 101771, 6938, 33350, 84406, 96890, 108332, 22915, 68264]"
117740,"[102473, 2014, 23624, 74457, 66694, 66925, 76233, 19820, 50337, 97317]"
117741,"[23798, 14331, 106277, 3055, 103854, 38596, 35186, 33213, 36160, 37995]"
117742,"[84041, 108271, 1443, 46360, 17268, 28250, 81231, 71827, 30408, 82890]"
117743,"[95610, 96019, 10014, 13426, 69718, 56552, 94183, 62692, 105329, 53899]"
117744,"[94698, 3350, 2952, 74758, 38421, 51045, 43076, 5851, 97283, 108836]"
117745,"[100851, 62194, 79808, 33222, 32505, 101190, 70969, 26200, 86027, 23308]"
117746,"[36769, 79078, 96599, 108054, 45005, 32481, 46491, 17391, 43637, 80153]"
117747,"[97200, 143, 82142, 60790, 99608, 74698, 675, 78438, 49672, 94879]"
117748,"[61803, 73533, 90033, 66675, 31013, 97021, 1895, 6092, 83492, 109611]"
117749,"[24454, 20327, 66699, 56933, 50794, 45189, 83514, 18418, 108247, 69623]"
117750,"[57311, 106502, 6143, 6305, 1499, 34135, 57208, 35665, 76872, 20729]"
117751,"[74939, 70613, 6656, 3761, 87697, 44865, 73498, 95403, 92341, 10486]"
117752,"[77360, 97319, 93646, 73074, 109344, 55589, 80854, 77836, 100738, 103876]"
117753,"[71485, 21367, 20398, 82529, 4232, 86160, 76432, 44641, 1451, 91946]"
117754,"[12281, 102523, 15619, 92739, 94482, 102222, 69219, 109581, 9654, 14580]"
117755,"[61538, 65907, 12376, 91517, 58149, 13237, 24874, 3278, 106661, 91795]"
117756,"[34224, 84601, 26959, 54684, 49034, 101173, 84110, 60869, 102274, 83889]"
117757,"[36648, 5949, 88947, 87074, 18527, 68756, 86987, 14540, 11897, 53185]"
117758,"[97875, 92915, 93348, 19699, 3244, 22108, 48970, 77114, 33224, 43891]"
117759,"[95798, 51004, 8513, 28436, 12149, 108800, 89274, 45643, 8241, 17625]"
117760,"[52548, 28705, 96265, 79351, 14267, 60629, 63901, 78599, 56110, 63878]"
117761,"[97558, 84226, 79159, 77720, 108947, 81692, 6253, 94400, 87755, 24300]"
117762,"[106833, 3471, 67570, 100359, 91426, 103055, 8284, 64221, 46994, 43007]"
117763,"[6380, 92880, 56222, 29645, 36872, 103387, 90540, 57437, 44749, 89984]"
117764,"[52405, 5756, 62469, 60517, 85215, 55898, 70607, 102105, 106197, 84280]"
117765,"[28032, 32760, 8506, 11349, 86453, 7419, 62883, 42342, 10210, 65180]"
117766,"[60813, 74585, 98037, 93917, 30609, 30549, 10338, 52407, 96827, 47088]"
117767,"[65244, 25865, 104683, 67389, 70868, 4824, 56485, 88406, 81446, 17083]"
117768,"[103471, 57834, 69452, 7000, 84335, 79615, 86510, 33471, 56774, 19859]"
117769,"[42035, 94573, 77333, 26478, 34727, 87732, 54947, 8534, 31790, 58584]"
117770,"[52907, 103731, 102613, 41574, 60084, 46912, 29591, 1946, 56899, 11844]"
117771,"[11472, 98548, 28982, 90269, 103147, 20734, 2587, 37676, 25347, 100296]"
117772,"[50843, 73823, 88210, 71231, 18341, 47613, 17306, 27094, 56525, 81123]"
117773,"[24870, 6296, 82462, 22642, 69285, 104517, 29059, 103540, 36521, 34532]"
117774,"[78814, 108982, 61850, 36351, 12190, 23783, 9454, 34219, 90627, 44511]"
117775,"[88087, 44851, 81224, 15348, 35444, 56874, 96413, 18916, 76802, 24953]"
117776,"[35062, 7216, 43533, 70766, 98856, 43625, 30396, 69025, 22232, 49777]"
117777,"[90186, 23047, 53016, 59481, 86150, 84399, 85070, 16891, 92602, 44137]"
117778,"[74213, 37095, 93340, 95834, 65912, 22365, 35491, 41919, 98559, 11134]"
117779,"[61912, 29814, 104262, 87131, 13164, 78931, 10536, 77393, 105488, 106382]"
117780,"[90249, 93863, 17413, 67808, 89893, 32183, 95757, 53512, 26873, 30656]"
117781,"[104009, 67639, 96772, 42014, 51113, 18330, 23101, 53472, 73521, 84434]"
117782,"[34055, 4262, 26208, 107529, 17862, 92102, 7133, 84348, 41537, 99108]"
117783,"[71552, 34257, 30952, 8194, 58669, 79394, 21782, 96452, 84492, 60678]"
117784,"[95094, 70036, 108018, 101921, 5083, 8535, 13191, 67698, 43750, 64663]"
117785,"[95389, 14631, 87978, 35616, 80213, 43015, 82107, 94570, 107575, 35034]"
117786,"[71219, 48076, 37797, 26195, 21693, 4586, 27313, 41894, 30930, 63663]"
117787,"[34620, 6235, 27065, 95906, 96926, 43099, 76276, 37725, 105074, 58122]"
117788,"[1711, 109116, 36423, 11797, 80814, 5295, 5186, 35656, 57711, 71433]"
117789,"[52982, 99293, 97774, 8246, 60477, 25920, 59779, 10143, 80088, 84016]"
117790,"[11716, 108641, 105072, 89058, 108671, 57973, 46633, 4341, 58080, 71586]"
117791,"[4772, 69998, 62534, 61209, 71411, 31630, 88355, 23374, 43500, 23003]"
117792,"[107529, 26160, 2037, 78073, 26208, 4201, 106778, 71654, 16083, 34055]"
117793,"[38363, 87370, 51897, 78557, 5880, 102886, 101770, 89241, 102236, 83732]"
117794,"[10214, 8648, 98846, 55707, 12370, 76878, 46485, 65911, 91199, 59062]"
117795,"[102592, 76117, 96399, 34496, 18933, 42962, 11921, 2605, 22755, 46085]"
117796,"[35918, 46434, 2220, 44863, 37661, 88861, 47097, 34148, 37962, 24660]"
117797,"[107599, 72230, 77797, 53965, 81974, 11627, 106164, 34081, 22427, 98547]"
117798,"[80837, 76403, 5357, 50700, 3339, 35088, 22368, 92265, 105484, 17147]"
117799,"[31455, 17963, 54443, 87730, 16594, 4213, 109171, 28396, 17148, 48175]"
117800,"[51118, 40962, 66989, 57026, 13059, 60038, 87893, 27468, 78537, 3438]"
117801,"[91686, 8445, 5235, 37284, 82598, 28736, 77698, 72153, 104900, 30535]"
117802,"[74879, 93851, 16315, 9909, 33184, 106485, 75615, 15180, 73464, 29210]"
117803,"[51757, 72553, 107471, 68494, 67949, 75763, 95484, 84156, 5229, 94564]"
117804,"[28338, 53366, 38962, 9626, 28697, 99535, 4653, 32611, 66372, 59944]"
117805,"[46469, 37438, 3455, 75679, 7991, 96718, 86863, 23004, 22981, 70697]"
117806,"[5496, 82690, 98979, 90499, 29721, 45742, 45687, 65123, 31099, 33983]"
117807,"[81895, 107057, 18514, 52651, 20145, 20394, 58511, 39439, 84221, 54916]"
117808,"[41131, 80635, 83978, 85693, 44735, 98980, 65780, 101687, 83178, 84782]"
117809,"[7010, 7917, 14706, 36473, 51703, 65572, 33208, 3364, 1618, 2440]"
117810,"[77484, 65423, 99719, 21141, 59157, 24751, 61690, 106570, 27695, 95115]"
117811,"[49065, 31266, 48367, 36015, 92190, 47110, 93680, 11446, 53914, 17664]"
117812,"[78045, 42090, 16830, 36363, 11754, 66634, 17376, 97743, 85371, 71100]"
117813,"[76326, 30994, 5789, 96526, 62113, 54012, 100280, 100705, 1630, 93505]"
117814,"[50981, 69425, 68860, 78658, 96789, 27808, 68396, 19571, 45490, 9413]"
117815,"[101768, 13820, 82547, 101048, 12251, 19456, 71716, 62089, 10849, 58847]"
117816,"[65771, 4661, 16506, 63885, 240, 80818, 52036, 91193, 63147, 80356]"
117817,"[51375, 78597, 33231, 89912, 55992, 14834, 79017, 58890, 23014, 30948]"
117818,"[85982, 57384, 95770, 76315, 81629, 70575, 38776, 72728, 64364, 64732]"
117819,"[15709, 15210, 1647, 62485, 12824, 100659, 48760, 62662, 86008, 33016]"
117820,"[8031, 45183, 10653, 94332, 57701, 29364, 85110, 29620, 95719, 68917]"
117821,"[8808, 78578, 18208, 17520, 2992, 66321, 101813, 45130, 52806, 59224]"
117822,"[7382, 2246, 91565, 62418, 7684, 103901, 20901, 51857, 72664, 37067]"
117823,"[42255, 63144, 63148, 92943, 83459, 50306, 44899, 2074, 72241, 101947]"
117824,"[101544, 100849, 31754, 109106, 16867, 88862, 68433, 23453, 20144, 21986]"
117825,"[43548, 77203, 74874, 95961, 106117, 84418, 36464, 65491, 90215, 993]"
117826,"[66875, 38694, 86044, 93132, 41734, 20979, 21278, 25725, 43185, 58706]"
117827,"[48914, 40599, 108151, 9234, 56789, 85883, 1303, 56108, 69362, 30275]"
117828,"[26968, 105630, 22476, 88019, 89767, 76341, 80429, 19293, 106224, 81033]"
117829,"[35216, 1152, 78373, 15510, 89894, 45718, 15138, 45973, 72206, 45834]"
117830,"[84480, 40472, 94101, 8573, 87872, 70145, 6187, 105510, 10589, 37096]"
117831,"[82593, 42609, 99783, 89345, 23651, 40295, 51070, 1524, 95369, 91981]"
117832,"[58303, 53246, 25191, 92560, 77589, 75209, 24405, 16720, 53510, 80443]"
117833,"[106379, 26384, 39145, 78657, 46823, 39101, 54911, 33135, 92469, 76541]"
117834,"[94419, 40150, 13124, 15094, 431, 62660, 14399, 58611, 72271, 67139]"
117835,"[4418, 1093, 105721, 30552, 11675, 82380, 89652, 31757, 54817, 59590]"
117836,"[13310, 21840, 19498, 4551, 64862, 29905, 106949, 103042, 34779, 2203]"
117837,"[91194, 106200, 61338, 76412, 76690, 56756, 93509, 82745, 11065, 90731]"
117838,"[74232, 22591, 43333, 62188, 38505, 9158, 57078, 105202, 69408, 80959]"
117839,"[94807, 1112, 93340, 64154, 37092, 103751, 69227, 14878, 76886, 74213]"
117840,"[97789, 19996, 70895, 95895, 51648, 100808, 3867, 66219, 42628, 85925]"
117841,"[93432, 13054, 10838, 13519, 5440, 103969, 51620, 32273, 34112, 77041]"
117842,"[21465, 42668, 8020, 44554, 8164, 96752, 93717, 30933, 11647, 75366]"
117843,"[88057, 51230, 42006, 20591, 69976, 37718, 58551, 44168, 38021, 87184]"
117844,"[7103, 64026, 35234, 89348, 90281, 39248, 60799, 59632, 69831, 12543]"
117845,"[77485, 47133, 106680, 60690, 103598, 88758, 15895, 23726, 69740, 109237]"
117846,"[54005, 21166, 76224, 89620, 1531, 13726, 54259, 42791, 39105, 3802]"
117847,"[9163, 59358, 70640, 100822, 84694, 35980, 20953, 79093, 33850, 21633]"
117848,"[21810, 63882, 14317, 94728, 67305, 44153, 72567, 57404, 60155, 18484]"
117849,"[46466, 46318, 8267, 88268, 90362, 78031, 38126, 65393, 97287, 76000]"
117850,"[81899, 53217, 39726, 86505, 31342, 97165, 64507, 88831, 82908, 87975]"
117851,"[13714, 25179, 100143, 56499, 31463, 17123, 70362, 19336, 43288, 75087]"
117852,"[35209, 53981, 13385, 103404, 12727, 66450, 27695, 35742, 59892, 45662]"
117853,"[104145, 77142, 39991, 45697, 77326, 3686, 83470, 8586, 38451, 23790]"
117854,"[107466, 106803, 97955, 22983, 60865, 16853, 35711, 18985, 17528, 95833]"
117855,"[91091, 32320, 58129, 29059, 20211, 100188, 62811, 109426, 34532, 104517]"
117856,"[32206, 23735, 23137, 107399, 99373, 36075, 77349, 31595, 102213, 55584]"
117857,"[10132, 15821, 80816, 105578, 25239, 1184, 48769, 54006, 82405, 88124]"
117858,"[61053, 65317, 16269, 28502, 90744, 29860, 22322, 52200, 71301, 94074]"
117859,"[54082, 104372, 109677, 63342, 83509, 55442, 15830, 101411, 36172, 99545]"
117860,"[17171, 3066, 14120, 107644, 56010, 34803, 102789, 40334, 63801, 61136]"
117861,"[97354, 8954, 5834, 268, 86309, 2088, 27156, 76185, 92842, 48733]"
117862,"[75814, 94398, 47477, 74155, 109726, 21577, 97925, 70160, 14993, 80085]"
117863,"[34783, 64950, 38455, 64663, 70145, 9574, 75286, 50241, 5083, 74115]"
117864,"[109, 71590, 42788, 73644, 67565, 23842, 43193, 18583, 47741, 18528]"
117865,"[39950, 92378, 102751, 59442, 81505, 78244, 41218, 23703, 20016, 50382]"
117866,"[40332, 57557, 30418, 10953, 46858, 82771, 79613, 95065, 89868, 4025]"
117867,"[44640, 29144, 84491, 76988, 14055, 48265, 87371, 86412, 85223, 42541]"
117868,"[14787, 17118, 56845, 49104, 35764, 24353, 84305, 19195, 71344, 54383]"
117869,"[3903, 98413, 66199, 44791, 54874, 40378, 3425, 82840, 82721, 70138]"
117870,"[35978, 188, 22129, 80392, 64258, 94474, 68365, 46437, 27576, 45098]"
117871,"[24540, 1014, 35550, 96895, 40217, 51438, 70695, 90407, 99653, 77185]"
117872,"[23471, 103638, 88279, 30257, 23916, 58518, 56588, 103527, 1823, 95918]"
117873,"[49228, 47821, 63555, 36537, 27080, 50771, 44155, 96650, 65395, 57804]"
117874,"[42872, 35618, 96344, 107437, 63248, 101701, 74930, 51799, 41757, 40880]"
117875,"[7053, 26549, 23802, 86097, 38745, 86787, 100129, 79905, 5113, 6940]"
117876,"[70364, 97603, 103624, 100792, 44019, 18347, 18362, 15908, 52077, 53650]"
117877,"[23680, 88005, 50642, 27266, 86439, 22362, 11805, 82405, 94817, 38381]"
117878,"[5927, 106986, 41356, 31049, 89592, 11612, 3029, 7664, 46254, 3346]"
117879,"[89112, 64266, 53137, 31258, 79565, 11575, 91662, 56041, 25360, 21293]"
117880,"[101487, 102464, 29276, 85666, 92023, 20058, 34371, 74416, 5223, 69845]"
117881,"[19734, 94167, 6261, 46949, 89050, 63207, 55547, 20942, 84577, 94245]"
117882,"[60206, 10572, 6691, 26254, 92230, 62169, 57738, 25931, 96625, 89230]"
117883,"[93743, 62193, 46298, 21885, 11101, 102558, 15371, 29259, 84587, 69170]"
117884,"[22395, 3223, 103062, 51764, 29700, 49516, 80688, 98245, 98496, 106982]"
117885,"[9485, 65277, 97722, 58971, 107786, 109771, 41036, 77253, 99759, 63220]"
117886,"[69358, 21161, 39894, 28791, 36656, 12056, 66768, 62820, 82612, 109521]"
117887,"[102287, 66188, 69965, 32431, 106811, 102357, 2895, 94128, 8401, 12827]"
117888,"[96662, 23695, 16582, 21135, 106126, 100380, 71509, 37006, 5045, 7544]"
117889,"[32860, 16288, 13282, 75064, 97214, 106585, 25697, 76805, 58308, 85066]"
117890,"[87436, 68897, 6660, 90814, 54200, 52983, 7023, 79929, 83194, 56144]"
117891,"[29809, 73198, 12477, 94193, 14986, 82193, 12760, 43107, 59453, 108460]"
117892,"[45796, 8548, 9109, 17585, 25671, 88204, 45654, 70733, 21414, 73254]"
117893,"[79857, 29732, 106144, 3270, 94724, 10948, 93294, 89353, 30468, 62644]"
117894,"[16357, 74238, 83136, 25286, 19392, 5476, 91328, 32615, 12403, 84189]"
117895,"[98500, 80538, 42915, 18136, 70809, 87535, 60017, 42862, 54925, 95044]"
117896,"[28825, 108797, 71314, 59510, 98768, 75632, 33811, 68721, 36345, 32786]"
117897,"[103913, 66732, 106959, 55699, 62643, 78239, 70605, 78370, 108308, 4032]"
117898,"[88236, 89035, 103463, 57064, 52784, 6549, 10982, 65770, 76228, 96372]"
117899,"[109365, 26621, 2609, 92703, 15955, 14329, 27381, 7977, 73867, 101424]"
117900,"[11572, 87786, 27340, 23862, 4869, 85969, 90898, 4744, 97185, 16646]"
117901,"[102100, 66656, 99375, 43344, 86675, 32475, 29590, 14092, 35309, 41641]"
117902,"[50903, 96644, 28699, 70275, 25992, 106817, 6987, 46734, 77378, 39230]"
117903,"[55472, 42988, 59217, 69770, 50340, 77191, 44320, 71691, 55180, 14866]"
117904,"[69643, 27630, 31230, 36304, 107310, 5683, 45524, 36657, 91331, 40327]"
117905,"[77231, 15634, 99171, 53824, 24335, 16321, 108697, 78269, 25470, 107396]"
117906,"[107791, 77590, 68169, 37126, 92277, 103777, 43043, 74906, 72644, 82793]"
117907,"[18410, 17093, 17141, 13604, 52993, 28369, 27611, 47068, 77463, 74769]"
117908,"[89604, 65648, 22840, 41954, 88875, 15299, 48824, 63398, 25923, 83288]"
117909,"[32599, 12394, 44358, 67811, 16825, 94159, 13022, 22809, 62821, 100395]"
117910,"[40016, 17411, 88356, 81748, 20504, 46512, 21292, 13701, 6865, 100726]"
117911,"[109732, 24594, 45378, 65181, 94891, 77617, 11712, 69340, 25743, 35904]"
117912,"[767, 32818, 29836, 80410, 106037, 64962, 52133, 47505, 67010, 78892]"
117913,"[51268, 28463, 66873, 90419, 25506, 76493, 32078, 89504, 97618, 70493]"
117914,"[9862, 4636, 72466, 34950, 97700, 21124, 35850, 78349, 34720, 33876]"
117915,"[74973, 44900, 107651, 4328, 15870, 53547, 15708, 84061, 73596, 81950]"
117916,"[13531, 106624, 97352, 13060, 105213, 71860, 86313, 88053, 99792, 1447]"
117917,"[78728, 7076, 3098, 25809, 107779, 34626, 85366, 19169, 56090, 34625]"
117918,"[49704, 33425, 55316, 20119, 2274, 35812, 31697, 9142, 17361, 87799]"
117919,"[10315, 52969, 88979, 42340, 4967, 49113, 19929, 72910, 104203, 101508]"
117920,"[84403, 53696, 31005, 95405, 89770, 95163, 43995, 62100, 31171, 52838]"
117921,"[18225, 52466, 12834, 80718, 7948, 104559, 91504, 80376, 28877, 75940]"
117922,"[90975, 83584, 6208, 10110, 42082, 57957, 17523, 99005, 37036, 106490]"
117923,"[94235, 29367, 31957, 17693, 50921, 102856, 71878, 63370, 301, 48292]"
117924,"[38483, 44589, 89264, 107647, 82162, 76436, 39642, 6360, 24477, 43104]"
117925,"[36776, 25596, 93862, 41525, 27424, 2078, 92032, 86023, 34949, 1950]"
117926,"[390, 30911, 38261, 33573, 45541, 26462, 105836, 17959, 34202, 105350]"
117927,"[78599, 56110, 57594, 86978, 40182, 54740, 96634, 10920, 107646, 27479]"
117928,"[54546, 46310, 46447, 82363, 53088, 61305, 96874, 61817, 34882, 50117]"
117929,"[83532, 56963, 1146, 3260, 74929, 85909, 26206, 54641, 71551, 20579]"
117930,"[30710, 90880, 6541, 106794, 107123, 2456, 64442, 17552, 86230, 77743]"
117931,"[17899, 9103, 72162, 78635, 82768, 53050, 36853, 61678, 27214, 17920]"
117932,"[1904, 103393, 10703, 47329, 41560, 90052, 85757, 56775, 33501, 77826]"
117933,"[44242, 34218, 82657, 62809, 64736, 60949, 52203, 55324, 65399, 73933]"
117934,"[73826, 6806, 46931, 95573, 8267, 78031, 82895, 76000, 87488, 17843]"
117935,"[12889, 35626, 48749, 86988, 109335, 96694, 96309, 54391, 8276, 47250]"
117936,"[63042, 28154, 43064, 57525, 37713, 14076, 99824, 74249, 17153, 44126]"
117937,"[42253, 103958, 53443, 99858, 49190, 18669, 83906, 19400, 37309, 105799]"
117938,"[89408, 106228, 924, 33032, 36247, 62440, 18978, 41433, 20218, 47064]"
117939,"[42782, 107830, 21039, 87109, 36300, 28049, 85286, 96541, 16909, 56885]"
117940,"[69953, 88078, 65046, 64968, 81511, 105399, 5900, 107443, 100706, 22494]"
117941,"[61178, 11779, 93422, 101513, 68045, 76276, 27299, 96049, 109503, 35703]"
117942,"[53798, 16084, 90958, 6152, 41916, 21413, 61274, 24743, 8684, 72958]"
117943,"[70721, 69810, 71596, 27182, 7938, 69326, 68188, 17990, 96559, 76827]"
117944,"[92430, 102451, 69863, 96003, 10295, 12147, 55030, 7452, 76665, 26882]"
117945,"[6380, 29645, 77366, 100020, 1434, 24237, 36872, 65317, 31901, 94004]"
117946,"[69272, 96120, 96237, 84132, 96742, 21190, 10244, 8687, 47979, 86316]"
117947,"[27776, 42547, 38327, 109744, 91212, 67662, 44054, 20810, 87838, 49350]"
117948,"[3017, 63170, 58914, 84695, 17375, 84088, 27440, 34906, 91672, 84631]"
117949,"[102196, 55590, 27229, 9987, 40601, 75294, 83935, 92893, 88135, 43284]"
117950,"[38406, 34388, 12400, 56520, 7288, 77980, 10492, 53071, 83052, 3920]"
117951,"[13974, 64358, 62575, 38798, 56259, 36293, 19896, 3760, 88776, 8745]"
117952,"[85841, 48967, 25155, 28555, 35028, 31213, 62243, 33136, 98266, 16355]"
117953,"[68580, 62387, 86367, 42438, 84080, 79941, 74600, 92037, 59473, 49323]"
117954,"[36378, 60571, 58580, 55892, 92206, 43366, 33916, 98558, 75973, 15098]"
117955,"[9950, 64710, 68164, 21055, 78615, 108176, 15633, 63606, 2792, 95408]"
117956,"[61730, 54410, 77440, 50453, 53761, 80368, 19862, 74201, 55364, 10895]"
117957,"[100197, 46823, 33135, 10306, 51627, 105488, 91488, 106379, 92469, 100304]"
117958,"[9819, 80693, 35043, 29109, 49344, 6273, 104150, 33421, 59125, 33844]"
117959,"[34158, 15656, 16756, 104854, 52500, 15304, 30337, 105565, 61593, 15291]"
117960,"[75752, 47422, 37911, 99135, 47270, 50910, 101214, 11920, 90444, 88579]"
117961,"[33196, 95405, 89770, 25237, 23445, 84462, 41459, 79454, 47886, 74740]"
117962,"[32828, 70815, 53754, 11619, 55994, 40617, 53986, 105351, 52938, 92041]"
117963,"[108516, 91405, 56283, 98185, 48637, 33748, 71494, 69217, 98681, 16393]"
117964,"[7073, 9039, 105125, 29110, 35282, 70008, 108804, 44177, 8398, 33197]"
117965,"[93913, 22215, 7020, 74614, 48687, 49941, 63554, 29316, 43181, 7613]"
117966,"[1375, 78491, 46486, 72181, 11683, 71943, 14743, 26565, 106291, 85198]"
117967,"[25196, 32357, 45673, 91079, 22523, 14058, 76082, 2350, 83236, 43681]"
117968,"[37561, 29804, 48423, 97765, 11853, 68737, 65082, 32901, 75080, 25053]"
117969,"[64399, 61805, 85828, 24269, 16128, 107339, 103225, 20705, 90002, 20508]"
117970,"[47081, 7803, 101745, 101331, 79714, 50750, 42136, 1615, 12052, 29784]"
117971,"[93118, 58574, 182, 104451, 48059, 43602, 75577, 46009, 61697, 32674]"
117972,"[44344, 6613, 60409, 19877, 18860, 58243, 54180, 5966, 99417, 49516]"
117973,"[82324, 10898, 98001, 101284, 21320, 29255, 104228, 4803, 30297, 14607]"
117974,"[48840, 106170, 32258, 75125, 67098, 39205, 101977, 98425, 100587, 76902]"
117975,"[6611, 96459, 77656, 25766, 19380, 106958, 81925, 71965, 58104, 9200]"
117976,"[3514, 93993, 3069, 48204, 49578, 24619, 88428, 2812, 53425, 51481]"
117977,"[61678, 72162, 22041, 53050, 30385, 102921, 30128, 17899, 35298, 91818]"
117978,"[50202, 55232, 107586, 89953, 82779, 13662, 77006, 28738, 12567, 103949]"
117979,"[37228, 28580, 30754, 49482, 92568, 55953, 42395, 49034, 26959, 30475]"
117980,"[85435, 81050, 27847, 107433, 84173, 44913, 93088, 86654, 60292, 26620]"
117981,"[20579, 9491, 1892, 90737, 47890, 50246, 88734, 57167, 84803, 49582]"
117982,"[14834, 58509, 28490, 9040, 15230, 92506, 109264, 1524, 74708, 61439]"
117983,"[3276, 30865, 23808, 25508, 34962, 103488, 59997, 38542, 59751, 66584]"
117984,"[39344, 75859, 90496, 85432, 75936, 2300, 65625, 98164, 35645, 54121]"
117985,"[101754, 21993, 87905, 98917, 102822, 78831, 41486, 18213, 73556, 2704]"
117986,"[88901, 41998, 44236, 5619, 80382, 51157, 9235, 61089, 4289, 14184]"
117987,"[6065, 78103, 20953, 10498, 108855, 54604, 93708, 26875, 48474, 8732]"
117988,"[45206, 62649, 13095, 9900, 77643, 15627, 64615, 69534, 1100, 48398]"
117989,"[102949, 93065, 65904, 29670, 37405, 102797, 4756, 26929, 8812, 95430]"
117990,"[49909, 28391, 96239, 29021, 69061, 100444, 20959, 2442, 78756, 82740]"
117991,"[87550, 68181, 56526, 30027, 55284, 87343, 35997, 82234, 6838, 19196]"
117992,"[16937, 10000, 12277, 94151, 59293, 55251, 7260, 103429, 75158, 104564]"
117993,"[1547, 103903, 42919, 43037, 101531, 75395, 51262, 71919, 42513, 61219]"
117994,"[29164, 107426, 101292, 38302, 25930, 74992, 38757, 78962, 32393, 25458]"
117995,"[47876, 51058, 42962, 7704, 93659, 58314, 76673, 10285, 56450, 99784]"
117996,"[44172, 96455, 30172, 67771, 72972, 2988, 40829, 103180, 100958, 37795]"
117997,"[4855, 63169, 7828, 13446, 102182, 76840, 784, 66040, 104374, 60718]"
117998,"[33714, 55673, 75667, 14907, 73079, 37299, 102860, 8420, 20785, 13428]"
117999,"[86216, 6356, 108212, 61865, 54949, 17747, 40262, 46026, 20690, 34614]"
118000,"[22692, 66227, 25990, 6672, 50853, 75247, 58937, 6834, 87023, 23732]"
118001,"[6572, 100895, 57381, 3780, 40086, 64826, 8961, 67622, 106074, 26849]"
118002,"[8219, 58930, 78537, 63457, 63960, 83578, 80229, 72114, 100947, 97205]"
118003,"[6574, 74443, 95306, 14291, 27520, 49339, 76786, 7609, 100180, 106349]"
118004,"[23748, 18103, 1642, 3154, 45763, 71997, 4684, 73283, 47616, 29597]"
118005,"[16771, 52276, 80041, 92609, 104990, 8997, 65903, 57938, 41250, 80505]"
118006,"[95423, 43979, 48603, 6812, 37478, 62549, 107714, 24893, 5888, 8324]"
118007,"[98464, 98094, 23795, 43817, 11466, 99297, 47742, 17824, 46228, 72512]"
118008,"[44504, 33941, 14129, 100682, 25927, 56757, 42475, 59655, 99079, 14753]"
118009,"[42363, 10577, 85161, 35486, 17386, 55760, 32192, 17498, 95120, 31093]"
118010,"[71890, 74127, 42978, 952, 25731, 66091, 59523, 37975, 79132, 9979]"
118011,"[2177, 40834, 86354, 33979, 72519, 22797, 107368, 82237, 90156, 48908]"
118012,"[85419, 24239, 76464, 62420, 17891, 37426, 40546, 47235, 46164, 4815]"
118013,"[39066, 47121, 70624, 32011, 42664, 31445, 35649, 109247, 66011, 36231]"
118014,"[92134, 26179, 70515, 6067, 107103, 50371, 96340, 18319, 34077, 20625]"
118015,"[105120, 88824, 76369, 16408, 46648, 24032, 105518, 4645, 38355, 11661]"
118016,"[39887, 99722, 92611, 43820, 59935, 58437, 86092, 18010, 44174, 41148]"
118017,"[17935, 46652, 18129, 57181, 55588, 83389, 53317, 50333, 56334, 50540]"
118018,"[18114, 62408, 40147, 73102, 71054, 21154, 11709, 81162, 78641, 23160]"
118019,"[64270, 14105, 77373, 6175, 92486, 78648, 98021, 22060, 43960, 95348]"
118020,"[97960, 90611, 16129, 51152, 77706, 68793, 107800, 101492, 78797, 9869]"
118021,"[63490, 31936, 21117, 58572, 13696, 30546, 8664, 73454, 23449, 100207]"
118022,"[105955, 53641, 102207, 11178, 92956, 77526, 98827, 28763, 38266, 62757]"
118023,"[102396, 39343, 77003, 49882, 10033, 90396, 97110, 68038, 60725, 6489]"
118024,"[92354, 79065, 53936, 85567, 26850, 24020, 32790, 90003, 41580, 4636]"
118025,"[81409, 106871, 58357, 45967, 53019, 1567, 84083, 60252, 46940, 24588]"
118026,"[89017, 40169, 32901, 91983, 27287, 48423, 107414, 35221, 1693, 25734]"
118027,"[78551, 65688, 17454, 85036, 13681, 80343, 17668, 60477, 5486, 9018]"
118028,"[45841, 2209, 2198, 8189, 17996, 53881, 72406, 21895, 55108, 18786]"
118029,"[108522, 42289, 17973, 11613, 6102, 53502, 97922, 97921, 11221, 21193]"
118030,"[107374, 18111, 3063, 53103, 48762, 92729, 11726, 101794, 22648, 10660]"
118031,"[102493, 24400, 97030, 32120, 90422, 41673, 73241, 17841, 91181, 87856]"
118032,"[1929, 8284, 13369, 18792, 43007, 70897, 2018, 103590, 3928, 3471]"
118033,"[1443, 4101, 43883, 48587, 86846, 5534, 67239, 26587, 28391, 23034]"
118034,"[49092, 14790, 6397, 28465, 98846, 42941, 51824, 48950, 29221, 674]"
118035,"[74530, 40680, 7934, 6115, 35437, 1483, 42744, 70702, 71125, 64277]"
118036,"[5964, 5646, 108246, 71517, 83827, 64958, 74095, 23803, 97820, 81026]"
118037,"[104100, 67843, 3887, 43256, 79537, 67693, 67671, 59077, 90013, 98419]"
118038,"[30581, 57380, 32166, 107208, 88923, 11323, 80198, 85592, 75280, 41432]"
118039,"[39836, 50982, 35075, 80378, 6898, 84220, 99396, 76747, 49673, 9046]"
118040,"[87526, 91264, 59342, 60438, 19082, 2586, 109405, 94697, 6503, 552]"
118041,"[40696, 70547, 55151, 63738, 28628, 104444, 7953, 69914, 2582, 102333]"
118042,"[80811, 78630, 37031, 71048, 95220, 94108, 26255, 82127, 87150, 13031]"
118043,"[43951, 49330, 20833, 12517, 23028, 5660, 35378, 109325, 13086, 89498]"
118044,"[103325, 49250, 24082, 5271, 61812, 81482, 89577, 81962, 7260, 10000]"
118045,"[81749, 71766, 91070, 63464, 18461, 28441, 26324, 16278, 73183, 72861]"
118046,"[17650, 54464, 4364, 48916, 73, 63577, 100609, 47690, 80466, 8318]"
118047,"[88929, 63260, 32402, 52843, 79376, 21068, 19753, 19148, 40934, 1056]"
118048,"[107645, 15534, 25769, 96567, 75091, 81535, 8090, 47826, 17384, 764]"
118049,"[22786, 92073, 7248, 59715, 39691, 7954, 33334, 102834, 54063, 52140]"
118050,"[101457, 76902, 55616, 21671, 16970, 80156, 59383, 97049, 32910, 22634]"
118051,"[16120, 35765, 17686, 70726, 55391, 41801, 19532, 64886, 9496, 88671]"
118052,"[53811, 18681, 37339, 19534, 61680, 80177, 14014, 30686, 16922, 99545]"
118053,"[28154, 43064, 74249, 63042, 82341, 9239, 73562, 18025, 34047, 79551]"
118054,"[65930, 49197, 12653, 68504, 40227, 38744, 32709, 43539, 26347, 83848]"
118055,"[11475, 54273, 75580, 84695, 80861, 85105, 63461, 73338, 55478, 53421]"
118056,"[70556, 12498, 49545, 14121, 93840, 15289, 9311, 30904, 8820, 10963]"
118057,"[27156, 5047, 38035, 80521, 97354, 52293, 5834, 8954, 15514, 5953]"
118058,"[4137, 97744, 107396, 52128, 57294, 106613, 30549, 2073, 46384, 3964]"
118059,"[79070, 100729, 75919, 103150, 96330, 9746, 43362, 89408, 13641, 46331]"
118060,"[16055, 89492, 66239, 56128, 33207, 87423, 68404, 94964, 1044, 76127]"
118061,"[1622, 55613, 106302, 97005, 35398, 13836, 92108, 105332, 67366, 72907]"
118062,"[40170, 69804, 60082, 54918, 80899, 16384, 104831, 28711, 55621, 93389]"
118063,"[95155, 19614, 19755, 22975, 68689, 41900, 5417, 86237, 76157, 22196]"
118064,"[88908, 12084, 21266, 48464, 12069, 29342, 106333, 8565, 40712, 101813]"
118065,"[69801, 32530, 24171, 9286, 99942, 55935, 19346, 94200, 101278, 7479]"
118066,"[35753, 25564, 15783, 92795, 73358, 19792, 43995, 90631, 21102, 89623]"
118067,"[63480, 88597, 79767, 41339, 90626, 77926, 62180, 42979, 64802, 1939]"
118068,"[44119, 17309, 9085, 2268, 45166, 50511, 15317, 108289, 91762, 101919]"
118069,"[49448, 55621, 39837, 78286, 58885, 66589, 22899, 52437, 18054, 938]"
118070,"[27998, 31447, 11287, 74131, 71057, 75339, 33658, 13921, 106465, 92400]"
118071,"[3627, 52177, 62465, 11236, 109318, 24692, 105930, 44340, 6532, 85515]"
118072,"[79510, 52146, 79021, 2353, 65646, 76390, 94897, 72445, 9861, 11885]"
118073,"[67586, 48776, 79315, 3275, 59826, 18754, 42716, 47098, 68505, 72568]"
118074,"[29599, 34639, 46446, 86587, 58392, 97721, 102557, 78779, 38202, 19949]"
118075,"[85857, 73517, 50377, 70843, 56489, 101085, 13707, 25955, 54970, 23924]"
118076,"[24362, 90643, 81745, 75629, 10150, 70079, 54688, 102391, 71497, 76310]"
118077,"[82797, 16893, 9386, 14250, 65621, 13868, 13742, 69583, 84583, 30893]"
118078,"[72835, 88932, 17533, 90731, 88101, 73412, 39452, 101903, 99537, 60758]"
118079,"[37721, 27538, 24658, 18139, 11952, 47559, 39723, 62440, 27449, 80666]"
118080,"[71393, 31979, 77821, 11447, 37407, 35730, 23350, 23326, 10888, 62665]"
118081,"[5379, 59526, 23540, 30022, 41499, 72388, 58581, 40170, 101108, 48959]"
118082,"[26940, 20038, 80600, 35111, 77543, 67237, 61693, 101446, 76901, 26775]"
118083,"[47829, 4446, 60613, 85291, 14189, 19303, 37284, 32949, 36958, 59291]"
118084,"[6643, 67448, 4837, 109323, 64384, 34835, 88334, 12527, 27890, 59124]"
118085,"[27058, 64378, 93709, 5273, 58070, 81206, 107299, 103457, 98839, 27903]"
118086,"[61053, 54500, 28502, 25136, 39441, 94074, 45276, 5045, 29901, 36052]"
118087,"[31532, 101480, 89244, 70623, 58664, 80945, 101813, 103136, 98221, 36790]"
118088,"[109194, 78730, 55148, 30000, 38108, 109189, 58096, 26066, 105032, 90778]"
118089,"[80962, 81408, 32813, 87740, 59213, 78520, 80202, 76131, 57463, 26856]"
118090,"[106757, 25060, 84510, 16060, 40779, 46370, 68170, 81064, 72998, 86491]"
118091,"[42303, 46918, 103717, 59788, 43723, 95667, 20893, 15842, 96983, 48147]"
118092,"[102533, 50123, 98777, 85219, 17111, 60948, 49551, 35452, 69653, 58587]"
118093,"[5720, 10640, 50414, 107694, 74084, 33505, 92954, 107259, 32239, 72936]"
118094,"[56520, 38406, 8831, 99673, 8031, 29620, 29719, 108046, 85110, 15696]"
118095,"[76044, 38948, 2618, 68257, 1712, 87860, 84760, 81055, 59302, 2375]"
118096,"[88625, 52390, 7724, 39783, 22288, 2549, 67212, 6250, 27733, 66218]"
118097,"[34476, 9313, 89530, 96068, 13564, 10701, 94558, 106232, 61818, 42929]"
118098,"[91409, 82343, 8744, 69036, 20737, 8943, 79805, 69493, 90741, 5905]"
118099,"[74617, 97262, 23518, 31707, 105674, 52983, 69823, 94471, 15513, 37628]"
118100,"[84807, 32393, 65286, 29027, 76926, 83672, 24355, 84180, 36721, 27154]"
118101,"[49925, 15398, 80849, 61394, 86680, 102270, 90999, 53372, 6422, 3236]"
118102,"[40444, 88605, 73185, 23094, 35152, 106384, 31713, 10219, 59268, 21984]"
118103,"[16817, 34254, 78695, 19407, 60927, 58699, 49984, 62649, 18597, 88208]"
118104,"[79811, 63108, 17600, 68448, 6988, 10030, 11158, 7209, 17102, 69033]"
118105,"[45539, 82740, 104249, 37282, 33499, 52527, 109437, 95086, 4671, 106339]"
118106,"[94487, 39197, 16720, 61695, 93357, 53008, 53590, 3201, 5050, 80954]"
118107,"[45303, 38219, 38154, 17304, 86443, 6021, 108896, 38183, 53352, 106479]"
118108,"[52972, 25568, 34969, 19643, 98927, 99594, 104121, 72210, 1936, 9791]"
118109,"[77771, 10895, 7326, 53761, 50453, 2642, 77440, 71481, 104076, 32275]"
118110,"[51804, 64452, 31800, 105419, 5947, 46713, 57741, 57428, 82888, 33709]"
118111,"[99241, 49828, 65679, 14424, 53414, 3604, 68640, 1121, 86666, 83760]"
118112,"[73456, 100390, 93293, 39574, 102922, 81092, 69361, 68516, 85103, 78227]"
118113,"[27191, 36918, 15888, 5698, 102457, 1902, 96334, 80482, 27104, 71900]"
118114,"[74162, 96967, 63184, 50682, 95434, 106393, 49617, 67511, 20561, 3741]"
118115,"[4001, 11080, 1157, 3180, 44151, 57223, 6968, 60229, 25994, 70189]"
118116,"[88232, 107175, 75790, 47533, 26023, 22884, 100283, 7250, 3185, 3464]"
118117,"[94099, 94554, 42832, 82807, 100706, 11242, 52513, 80287, 88240, 105603]"
118118,"[26566, 70628, 71675, 83745, 87578, 32601, 87336, 25651, 107167, 68918]"
118119,"[1832, 52337, 13542, 84253, 17472, 16773, 35144, 98180, 74993, 791]"
118120,"[61459, 12039, 44103, 47133, 105218, 71628, 108866, 38289, 59735, 73021]"
118121,"[66524, 11467, 16109, 91122, 87856, 19159, 50869, 46940, 28695, 79922]"
118122,"[101529, 80231, 59035, 99857, 78480, 3565, 92251, 36353, 85361, 74225]"
118123,"[20803, 54989, 101216, 25082, 25631, 71148, 24987, 14491, 48932, 631]"
118124,"[104474, 44895, 100448, 10644, 62071, 63899, 39590, 50099, 5974, 7361]"
118125,"[76746, 72918, 104399, 54792, 45092, 17226, 28739, 55136, 63957, 75689]"
118126,"[72773, 81778, 2939, 42392, 95049, 68974, 89355, 75707, 26444, 68853]"
118127,"[34181, 87492, 100212, 33246, 16558, 42008, 108808, 30700, 86571, 14968]"
118128,"[38412, 67219, 68847, 60781, 62894, 96245, 80805, 70709, 75062, 14539]"
118129,"[104837, 74563, 49615, 60326, 84610, 100256, 89137, 16240, 28203, 72725]"
118130,"[20690, 83091, 54243, 55012, 43562, 83191, 27456, 95298, 40494, 20382]"
118131,"[85815, 27889, 96558, 60547, 32341, 1275, 13070, 87885, 30237, 2421]"
118132,"[43830, 71673, 72576, 14975, 6771, 72014, 86459, 90843, 83530, 41761]"
118133,"[3596, 60760, 85779, 82714, 109587, 104716, 43596, 70355, 35127, 27792]"
118134,"[40241, 58922, 48790, 88107, 104303, 104612, 17763, 74544, 79456, 15054]"
118135,"[63975, 48368, 54048, 10650, 40307, 57960, 99154, 2832, 56145, 18028]"
118136,"[44560, 63260, 52843, 32064, 38232, 25842, 4870, 19148, 4624, 101294]"
118137,"[107656, 32467, 64082, 21184, 72614, 106147, 16053, 107139, 5831, 10758]"
118138,"[96630, 78457, 30205, 45712, 25552, 99372, 100539, 25670, 8414, 88130]"
118139,"[70183, 50739, 77104, 11689, 97970, 85772, 101724, 103000, 90130, 23645]"
118140,"[80293, 72035, 19603, 44399, 97366, 40869, 14894, 91325, 70233, 41778]"
118141,"[77416, 42294, 104731, 103482, 32488, 78845, 69753, 89364, 87632, 4494]"
118142,"[60890, 29199, 60012, 442, 96077, 72504, 4932, 107370, 56940, 95212]"
118143,"[55091, 109447, 47168, 41989, 73544, 31200, 44894, 6775, 60209, 41457]"
118144,"[98045, 99864, 24662, 106697, 87376, 19210, 89306, 33937, 13126, 78367]"
118145,"[13388, 54834, 33211, 51290, 14844, 40992, 7017, 82413, 35657, 82041]"
118146,"[46501, 31907, 93146, 83793, 93086, 35374, 84343, 89798, 58931, 58374]"
118147,"[11386, 63279, 30126, 20101, 47023, 102065, 6709, 95340, 43572, 49639]"
118148,"[90802, 19368, 45717, 103893, 82260, 53551, 49154, 57366, 34244, 24200]"
118149,"[17328, 85888, 64647, 92632, 59920, 44572, 88932, 33096, 4357, 52202]"
118150,"[87308, 21551, 54786, 38616, 6737, 80259, 63425, 20685, 49683, 97052]"
118151,"[74012, 5280, 12504, 103725, 42173, 11659, 28134, 11234, 108254, 65882]"
118152,"[21771, 66532, 44336, 78182, 27235, 5039, 97033, 105309, 73934, 11038]"
118153,"[6996, 83157, 89146, 20299, 97803, 37141, 89427, 11084, 371, 29248]"
118154,"[88201, 22751, 88698, 63455, 24479, 62435, 83827, 5646, 17750, 6613]"
118155,"[90640, 71207, 48064, 99476, 58016, 68192, 71803, 5034, 78569, 101375]"
118156,"[21229, 108085, 20588, 67529, 48247, 55146, 55195, 52532, 50767, 39275]"
118157,"[67091, 25283, 76600, 52866, 99852, 42266, 32355, 15937, 101542, 31085]"
118158,"[81109, 108197, 102652, 99420, 19117, 27784, 87440, 80881, 69020, 7697]"
118159,"[47769, 2584, 26031, 52373, 52268, 24256, 63775, 38264, 108798, 14701]"
118160,"[38222, 42600, 16774, 75036, 60536, 68589, 15986, 90759, 21820, 33440]"
118161,"[92888, 73487, 82129, 11216, 105926, 104772, 89609, 66012, 83383, 13561]"
118162,"[4700, 61025, 4595, 38493, 72708, 33229, 32454, 66746, 98957, 106089]"
118163,"[71265, 4268, 52889, 79969, 20568, 58806, 64377, 43987, 107320, 76757]"
118164,"[90518, 107494, 22237, 55515, 100218, 79783, 48238, 72523, 76943, 83714]"
118165,"[22724, 69564, 46784, 87417, 5972, 11748, 57274, 89621, 66298, 47327]"
118166,"[45077, 82063, 82458, 72391, 23380, 99715, 104808, 45986, 27214, 53050]"
118167,"[73508, 99896, 87880, 36911, 80300, 82152, 102426, 21145, 61960, 105183]"
118168,"[107874, 75209, 105097, 108902, 51908, 57046, 6331, 21065, 60134, 87322]"
118169,"[58661, 16956, 15391, 74600, 47734, 83598, 38222, 45033, 55728, 86654]"
118170,"[55210, 17506, 1704, 67687, 26384, 80800, 39101, 70643, 18642, 80001]"
118171,"[64820, 23976, 64048, 39854, 19929, 108561, 15503, 59534, 68820, 49959]"
118172,"[85089, 90524, 105041, 14950, 82084, 49574, 43118, 96399, 98807, 16050]"
118173,"[49990, 98196, 14728, 105237, 58724, 35108, 82246, 47147, 63565, 93815]"
118174,"[85173, 96770, 39502, 71360, 84844, 93961, 73371, 88192, 7955, 81380]"
118175,"[71941, 32955, 29629, 40218, 4239, 857, 93786, 89150, 30036, 16105]"
118176,"[23795, 87810, 98094, 6869, 96188, 83374, 46938, 6407, 98464, 99787]"
118177,"[29889, 10529, 87796, 85342, 105362, 75422, 21377, 95054, 66174, 51709]"
118178,"[72107, 82630, 21151, 88173, 53632, 62289, 4925, 61836, 19113, 79681]"
118179,"[68732, 83765, 67656, 87472, 22651, 49911, 13679, 39199, 58723, 66446]"
118180,"[1618, 105593, 26309, 19250, 3174, 42826, 72919, 47873, 32186, 60348]"
118181,"[28941, 20600, 48271, 15760, 6318, 87907, 100423, 37351, 12464, 55757]"
118182,"[69504, 91823, 69252, 37946, 98559, 11134, 93499, 86647, 35491, 70567]"
118183,"[79884, 103891, 71287, 1995, 54675, 68320, 47040, 69377, 86337, 42180]"
118184,"[30239, 67734, 12447, 32814, 7730, 80552, 83130, 44120, 17077, 36442]"
118185,"[8915, 14519, 88536, 97000, 19652, 44733, 63230, 30115, 59386, 64191]"
118186,"[66192, 57453, 19934, 89775, 47564, 63715, 99133, 92790, 90744, 62433]"
118187,"[41602, 34990, 28952, 38423, 29586, 88737, 74103, 66701, 1642, 103014]"
118188,"[37943, 6752, 28600, 14538, 109083, 76449, 15530, 29648, 77747, 80659]"
118189,"[58025, 94802, 81410, 60974, 17250, 58285, 40459, 104871, 73659, 102013]"
118190,"[18962, 19919, 53791, 9347, 49751, 72379, 54042, 27129, 82333, 77793]"
118191,"[29444, 50984, 73959, 73239, 8127, 48845, 43892, 72840, 70412, 52958]"
118192,"[15827, 3777, 48804, 95091, 97106, 32530, 24171, 88875, 44499, 98527]"
118193,"[82936, 60122, 41483, 24901, 15965, 100694, 106017, 17348, 47691, 19289]"
118194,"[57043, 95999, 33113, 27432, 21134, 56273, 40358, 76038, 52027, 24852]"
118195,"[49318, 47288, 38780, 88933, 72147, 109349, 84976, 39386, 76590, 28642]"
118196,"[106641, 30168, 49988, 56164, 59846, 10580, 36570, 56501, 82876, 19208]"
118197,"[29404, 70227, 73553, 36926, 73911, 81463, 76396, 108213, 41744, 108524]"
118198,"[90812, 85608, 27370, 34779, 64862, 30918, 19019, 37583, 27278, 106949]"
118199,"[38409, 95549, 55735, 33524, 39701, 99784, 72244, 105163, 37236, 9536]"
118200,"[61626, 97207, 63236, 81852, 72728, 47516, 9410, 46611, 40289, 75106]"
118201,"[51156, 38064, 79973, 74298, 47896, 54737, 76809, 57769, 19747, 3824]"
118202,"[40776, 48388, 85766, 107594, 54424, 45018, 18561, 49034, 3673, 76418]"
118203,"[76671, 81707, 63649, 43789, 107210, 39904, 74521, 74161, 47319, 52913]"
118204,"[56458, 31540, 96168, 8466, 103116, 8116, 33144, 15464, 32864, 60428]"
118205,"[31774, 1711, 98520, 5295, 15698, 36423, 27787, 101792, 109116, 37194]"
118206,"[102855, 29155, 93482, 40378, 97796, 55410, 83385, 16215, 98413, 2391]"
118207,"[27779, 105239, 18074, 16406, 56970, 106162, 40818, 88141, 74979, 30100]"
118208,"[48540, 96959, 43103, 97888, 76551, 61471, 73175, 33915, 15649, 44583]"
118209,"[27065, 52598, 37957, 1105, 54536, 19949, 37006, 22399, 29355, 37286]"
118210,"[91339, 55336, 69846, 44765, 20843, 56247, 55440, 14213, 87514, 73903]"
118211,"[63775, 106626, 60379, 14701, 108798, 24256, 47769, 52373, 2584, 47963]"
118212,"[79921, 47669, 37812, 11907, 24246, 20557, 76783, 108841, 75388, 45705]"
118213,"[61964, 53967, 77047, 2828, 72778, 64684, 47481, 24878, 97061, 13201]"
118214,"[46499, 66191, 77828, 75815, 95559, 23720, 89407, 11179, 26050, 64310]"
118215,"[49402, 12600, 55273, 55266, 38876, 91829, 7505, 105879, 94086, 71347]"
118216,"[63700, 15418, 23451, 76873, 90866, 53355, 99840, 80932, 101132, 33216]"
118217,"[78964, 36492, 74080, 7840, 57921, 37634, 40823, 34301, 29864, 73049]"
118218,"[16373, 97405, 33668, 28381, 15082, 71818, 72500, 13218, 60560, 92630]"
118219,"[49415, 40614, 37081, 90055, 9728, 41857, 11652, 69968, 14731, 71380]"
118220,"[27533, 89105, 36468, 65699, 22371, 107861, 58438, 25087, 59584, 44405]"
118221,"[28081, 68890, 104885, 103682, 65189, 47685, 25096, 24849, 89866, 4064]"
118222,"[61430, 92300, 17767, 60375, 30546, 84025, 104967, 100542, 8488, 29088]"
118223,"[62651, 77629, 54117, 32172, 71930, 73487, 78295, 30762, 43761, 82129]"
118224,"[96413, 73490, 70340, 21440, 82650, 35192, 57176, 82280, 90772, 70863]"
118225,"[72015, 44805, 49016, 10072, 13528, 73409, 62461, 40728, 42471, 37388]"
118226,"[91675, 59279, 16190, 48618, 79086, 51394, 32990, 21692, 28324, 1521]"
118227,"[84985, 73024, 88100, 13283, 20625, 6067, 70515, 26179, 107103, 30656]"
118228,"[7295, 93997, 10759, 93280, 92498, 58704, 53089, 59467, 24730, 34675]"
118229,"[48584, 23613, 63223, 90964, 89156, 13786, 92246, 47815, 16267, 27669]"
118230,"[89621, 11748, 66298, 52138, 71095, 46784, 10362, 29289, 87417, 5972]"
118231,"[99738, 85159, 89592, 32433, 61869, 52978, 71233, 5927, 12633, 11612]"
118232,"[108333, 19504, 78870, 55973, 35034, 67255, 93185, 75693, 8108, 14686]"
118233,"[2220, 4398, 34148, 63166, 84314, 92884, 60408, 8809, 83558, 53205]"
118234,"[25549, 38304, 95518, 63454, 25355, 51666, 51915, 11858, 55178, 45260]"
118235,"[81658, 97269, 20553, 93433, 67979, 100361, 46174, 10637, 55276, 44638]"
118236,"[45923, 9981, 2676, 20853, 91879, 2183, 82017, 99961, 47310, 23359]"
118237,"[32210, 6454, 92436, 34407, 94748, 97573, 25652, 30865, 50711, 3276]"
118238,"[12888, 72559, 87793, 68436, 80956, 53523, 107356, 43008, 34165, 24220]"
118239,"[69057, 109618, 101482, 99313, 89933, 67822, 24413, 7506, 13018, 107164]"
118240,"[104489, 82727, 84213, 14511, 58457, 17717, 70191, 61692, 72116, 50448]"
118241,"[53592, 20892, 59219, 69593, 35673, 45225, 12248, 38609, 36847, 76294]"
118242,"[27964, 59100, 32074, 11781, 100149, 68843, 14098, 305, 86507, 82114]"
118243,"[37401, 109527, 3678, 36348, 53902, 103202, 33387, 107826, 47186, 52567]"
118244,"[87094, 868, 30637, 33679, 96479, 85598, 70492, 33052, 89791, 32173]"
118245,"[58482, 58900, 28041, 73505, 39318, 72277, 31925, 72631, 60515, 54115]"
118246,"[47741, 5219, 71590, 26485, 9110, 43486, 65738, 1590, 13459, 78182]"
118247,"[63161, 7797, 51241, 80372, 58227, 82090, 42813, 34902, 56662, 52695]"
118248,"[67899, 66291, 28402, 89682, 70675, 7307, 68715, 101274, 46901, 35990]"
118249,"[36393, 101317, 94318, 19108, 7920, 99888, 99171, 24335, 41908, 17708]"
118250,"[49714, 47453, 73465, 27280, 31814, 77298, 68704, 91030, 12297, 80643]"
118251,"[98304, 105128, 10120, 23407, 25963, 75524, 67792, 88337, 8024, 64659]"
118252,"[67077, 58521, 40528, 43126, 6612, 64281, 30500, 22415, 59670, 22571]"
118253,"[64636, 35872, 40958, 10553, 68311, 6305, 29152, 28742, 84280, 62218]"
118254,"[1426, 83381, 54800, 52882, 20643, 2658, 14592, 46528, 53632, 93372]"
118255,"[99685, 41488, 51416, 33260, 50113, 2256, 42738, 54793, 8821, 64791]"
118256,"[75774, 43342, 52430, 88310, 29457, 7474, 75934, 48852, 57570, 66681]"
118257,"[23616, 66035, 40036, 79492, 43220, 55365, 34128, 30432, 49000, 82998]"
118258,"[106985, 23893, 17899, 99817, 61678, 30128, 30385, 41116, 27214, 49300]"
118259,"[12799, 19460, 5835, 66020, 42203, 28741, 25204, 8437, 63533, 52678]"
118260,"[68827, 13700, 53844, 20632, 32388, 74421, 44965, 108841, 66810, 17428]"
118261,"[59759, 14078, 29480, 27288, 103238, 78401, 81528, 76005, 102783, 32856]"
118262,"[94115, 74716, 25886, 46163, 25530, 108782, 108245, 24344, 44439, 69362]"
118263,"[3976, 98159, 84675, 78408, 84046, 12467, 87092, 48245, 27032, 71081]"
118264,"[61553, 100340, 48457, 12005, 88084, 95254, 13823, 80126, 25357, 81306]"
118265,"[50962, 38480, 39096, 30467, 24022, 15643, 103882, 96313, 37540, 38563]"
118266,"[20272, 91503, 77037, 14827, 96895, 59244, 61, 28766, 36416, 35677]"
118267,"[13497, 58580, 20396, 66217, 87071, 91815, 69532, 45976, 47719, 68941]"
118268,"[2775, 49834, 30310, 106257, 11193, 84047, 28698, 48418, 16504, 39605]"
118269,"[68528, 6861, 29217, 50848, 69626, 54832, 29102, 95042, 27557, 90251]"
118270,"[30664, 105097, 107874, 96149, 85203, 100530, 9238, 60700, 67180, 51908]"
118271,"[83513, 17921, 42323, 64251, 35636, 49347, 69408, 65292, 97752, 5188]"
118272,"[87639, 107243, 27614, 24639, 31612, 84842, 72216, 106699, 80016, 40305]"
118273,"[31268, 76445, 28992, 97012, 37345, 30228, 83078, 28073, 73543, 54893]"
118274,"[25041, 23823, 24680, 71751, 52963, 32129, 65339, 40671, 96555, 108668]"
118275,"[15893, 85349, 10873, 99217, 26243, 4970, 4390, 71612, 61306, 36694]"
118276,"[85375, 71978, 97121, 89078, 65431, 75876, 73809, 90728, 90831, 43815]"
118277,"[39760, 56557, 73295, 51836, 71162, 76893, 77913, 8559, 62233, 83970]"
118278,"[16891, 58366, 90186, 59481, 92122, 61755, 92602, 23047, 53016, 19499]"
118279,"[59063, 52060, 82061, 7919, 24574, 56701, 9966, 105567, 13674, 93637]"
118280,"[49127, 78412, 20944, 87239, 7145, 84947, 48452, 69076, 108068, 41465]"
118281,"[77440, 61730, 101213, 19862, 54410, 46532, 10895, 53761, 32275, 50453]"
118282,"[34394, 85852, 44579, 105926, 81018, 94900, 11387, 60183, 84300, 92888]"
118283,"[93433, 67979, 100361, 82287, 24288, 81400, 81658, 13525, 81755, 95943]"
118284,"[48376, 33772, 35906, 55852, 10780, 89290, 64004, 58453, 10904, 70379]"
118285,"[16006, 72828, 100916, 47105, 99610, 47057, 87673, 21856, 53150, 106752]"
118286,"[101099, 47581, 65649, 100015, 3328, 41141, 81639, 5851, 26269, 16041]"
118287,"[81323, 106040, 76356, 39338, 102634, 31436, 108384, 41493, 99919, 45550]"
118288,"[105715, 101396, 30830, 77410, 69543, 101195, 81271, 56704, 81840, 20594]"
118289,"[17919, 85367, 1877, 81093, 87211, 54461, 53183, 108101, 100499, 64348]"
118290,"[83961, 35272, 87554, 45930, 107505, 2440, 92885, 26149, 62962, 88679]"
118291,"[84873, 26942, 74408, 75797, 94730, 100623, 56775, 99315, 108060, 47027]"
118292,"[73243, 40521, 103575, 81869, 61831, 41312, 39146, 25322, 28798, 51457]"
118293,"[104359, 55150, 11680, 80095, 66803, 65500, 52560, 53820, 15772, 38747]"
118294,"[55466, 59091, 74103, 95339, 83959, 23945, 66701, 87106, 72194, 69710]"
118295,"[102843, 78998, 10519, 94030, 98267, 4190, 59999, 49774, 30927, 47237]"
118296,"[90560, 59012, 82078, 27484, 88731, 9805, 91168, 46038, 6573, 15009]"
118297,"[109553, 102601, 79958, 4672, 102421, 44907, 35129, 38829, 45001, 58184]"
118298,"[38443, 95005, 38867, 44309, 7251, 36007, 55595, 25667, 60283, 94485]"
118299,"[87413, 75059, 55694, 87520, 92897, 78210, 63813, 12077, 36089, 82805]"
118300,"[59892, 108872, 95135, 14728, 57950, 93749, 63565, 24748, 106796, 105237]"
118301,"[104980, 91462, 108407, 9835, 4240, 26631, 79380, 39682, 57539, 108094]"
118302,"[6784, 26212, 23839, 107917, 77553, 83123, 5985, 107473, 19564, 83442]"
118303,"[45231, 39916, 17752, 90756, 85330, 88033, 6975, 39490, 72369, 92956]"
118304,"[43288, 54457, 25179, 78439, 6966, 37055, 103007, 106198, 63347, 12225]"
118305,"[335, 25741, 33740, 50089, 4876, 34327, 102327, 12694, 744, 37879]"
118306,"[74512, 87557, 106666, 73648, 6177, 59140, 1979, 95182, 26009, 59822]"
118307,"[108878, 49487, 28930, 89579, 10651, 49336, 76408, 23797, 56738, 21306]"
118308,"[30081, 101836, 21611, 57386, 98354, 17645, 100977, 50554, 81228, 73279]"
118309,"[351, 38634, 27691, 34054, 42573, 18059, 20772, 104171, 84108, 56831]"
118310,"[8703, 2471, 19919, 91835, 48384, 101301, 23780, 8330, 28482, 92162]"
118311,"[55049, 70251, 34102, 32071, 58054, 81736, 60028, 26892, 15858, 32161]"
118312,"[9257, 62872, 72539, 37313, 65823, 103748, 61173, 77210, 13747, 59875]"
118313,"[73936, 59683, 61507, 49798, 94766, 77362, 62211, 35984, 67104, 90646]"
118314,"[9176, 49536, 18730, 32100, 434, 21587, 97534, 5019, 71616, 6074]"
118315,"[40567, 104389, 101339, 13707, 40919, 50377, 14124, 97541, 71560, 44860]"
118316,"[12241, 23974, 30897, 20154, 70040, 17953, 65365, 33951, 44281, 7455]"
118317,"[10904, 104681, 99546, 41547, 48747, 9799, 15631, 77296, 96203, 102364]"
118318,"[89191, 14810, 4639, 32118, 76870, 43238, 71580, 30486, 27975, 13155]"
118319,"[19394, 86024, 18524, 80286, 55344, 80983, 45831, 23639, 92859, 90937]"
118320,"[92739, 54037, 6341, 64582, 60399, 102523, 69480, 36368, 19307, 73455]"
118321,"[1860, 105503, 41877, 15236, 85542, 62990, 79633, 2991, 86981, 97392]"
118322,"[86620, 39602, 58841, 31618, 62862, 79041, 103340, 40616, 86903, 74184]"
118323,"[57624, 41359, 95778, 56121, 62919, 43145, 99223, 78675, 95976, 94134]"
118324,"[87121, 6546, 106225, 102059, 82926, 92144, 4523, 97438, 81073, 51023]"
118325,"[85540, 25188, 97076, 47267, 19631, 105302, 59861, 42592, 100686, 10513]"
118326,"[45224, 11992, 56566, 11739, 3173, 101951, 1098, 4826, 735, 1765]"
118327,"[49124, 22820, 17406, 15429, 39901, 2826, 74126, 1006, 65503, 29774]"
118328,"[30581, 85592, 57380, 49484, 7349, 14900, 92168, 107208, 88923, 54649]"
118329,"[97200, 7411, 5994, 78438, 50618, 77015, 55993, 66420, 42587, 88654]"
118330,"[75597, 99117, 80682, 31508, 61986, 46041, 91141, 14441, 52115, 58730]"
118331,"[11974, 15822, 37666, 40650, 105893, 13031, 55784, 29183, 18410, 17093]"
118332,"[16065, 90425, 96365, 95838, 65833, 61361, 27411, 54880, 74220, 22625]"
118333,"[18769, 27738, 39275, 52532, 33934, 50767, 78359, 63119, 55195, 108085]"
118334,"[34372, 22275, 43512, 67281, 32826, 68555, 84900, 49729, 306, 13986]"
118335,"[14489, 30298, 81539, 35538, 69460, 80329, 42538, 12666, 109298, 80739]"
118336,"[65240, 41201, 9454, 12190, 64885, 102286, 109036, 28612, 96572, 57305]"
118337,"[92309, 38469, 30403, 25613, 107800, 66305, 66043, 105365, 4884, 80006]"
118338,"[93341, 30149, 70032, 8629, 23030, 51590, 55948, 82017, 57829, 27084]"
118339,"[66035, 3395, 46326, 1054, 8427, 75832, 25788, 82005, 95921, 86498]"
118340,"[69500, 35825, 15609, 39559, 102502, 93120, 12085, 47039, 50599, 102674]"
118341,"[19473, 41019, 93937, 99445, 45270, 96124, 91955, 97690, 70468, 2133]"
118342,"[47780, 31506, 10811, 77558, 23683, 88518, 50314, 37227, 45051, 94943]"
118343,"[16765, 47463, 50677, 76163, 69178, 15386, 58389, 26111, 71006, 90374]"
118344,"[98627, 83909, 74362, 105118, 62874, 31148, 27745, 64854, 86286, 22354]"
118345,"[32733, 98674, 101580, 85792, 20471, 32178, 9226, 101072, 28097, 12047]"
118346,"[87254, 87956, 84322, 72058, 72757, 34151, 3727, 75771, 83368, 15209]"
118347,"[19996, 88702, 66219, 22850, 97789, 53323, 75004, 6744, 34136, 3867]"
118348,"[22758, 72910, 52969, 40154, 19647, 72060, 50456, 97823, 51767, 88979]"
118349,"[8845, 29806, 79401, 23113, 58016, 49109, 80991, 76116, 31097, 91739]"
118350,"[101868, 73572, 28760, 98264, 40022, 88669, 7530, 26283, 55807, 96408]"
118351,"[53064, 98803, 72691, 20900, 46261, 102503, 81255, 60711, 71956, 105059]"
118352,"[96014, 20621, 49966, 68078, 25562, 9956, 83357, 21788, 92159, 43195]"
118353,"[615, 23608, 49641, 102960, 13099, 7998, 38806, 78179, 56509, 106086]"
118354,"[25769, 50150, 53214, 27968, 102841, 15984, 63046, 88905, 107645, 15534]"
118355,"[83087, 67474, 65542, 81518, 91263, 96584, 71781, 53025, 48878, 102186]"
118356,"[29051, 67609, 55392, 20200, 65940, 64769, 11464, 68309, 91230, 12642]"
118357,"[102229, 70206, 63911, 38375, 88421, 18551, 101893, 47149, 40521, 34119]"
118358,"[13030, 26899, 91989, 43438, 51449, 19973, 16644, 104430, 21601, 107363]"
118359,"[56430, 60208, 19395, 19026, 68430, 43701, 217, 18484, 2930, 14363]"
118360,"[59912, 19953, 92774, 83334, 61295, 61111, 102357, 2895, 66188, 32133]"
118361,"[15190, 90152, 35603, 76395, 30005, 33736, 56823, 70665, 13115, 48968]"
118362,"[73174, 34234, 10910, 45725, 101906, 106064, 109757, 29029, 60341, 78597]"
118363,"[317, 68297, 27790, 30474, 73404, 39436, 9659, 65846, 22572, 56376]"
118364,"[89159, 61091, 10953, 57030, 16255, 109744, 74113, 38327, 22373, 17318]"
118365,"[59241, 27785, 30454, 34165, 19360, 104181, 8053, 88204, 47752, 19370]"
118366,"[44843, 48573, 108424, 19457, 96819, 93192, 21025, 81894, 109026, 51274]"
118367,"[5874, 60622, 69260, 17121, 62828, 30553, 95782, 87616, 47459, 102722]"
118368,"[72527, 88022, 62724, 80161, 78483, 52135, 49618, 58542, 52575, 14309]"
118369,"[64249, 14767, 70119, 75128, 80858, 39880, 32704, 95688, 74919, 62144]"
118370,"[77978, 74661, 35979, 97493, 16339, 95710, 15522, 21832, 56427, 33549]"
118371,"[100982, 57245, 21693, 57588, 103701, 4635, 37797, 26195, 37893, 59649]"
118372,"[14483, 27217, 44389, 41295, 71110, 106117, 83175, 71084, 28855, 94739]"
118373,"[43693, 905, 26738, 19838, 9117, 21259, 26650, 108301, 35396, 964]"
118374,"[19138, 17176, 105541, 56635, 109605, 109364, 20067, 26797, 52423, 15927]"
118375,"[42706, 59147, 89264, 50126, 6360, 38483, 2280, 107647, 39642, 105068]"
118376,"[90344, 12161, 15951, 52691, 80135, 63039, 55561, 71266, 792, 27341]"
118377,"[41557, 78553, 59614, 11583, 48481, 15091, 16962, 73070, 27718, 26254]"
118378,"[24623, 99406, 12389, 67652, 30474, 64518, 95843, 87090, 81185, 76832]"
118379,"[75830, 27991, 31525, 20134, 53473, 67507, 33964, 61805, 59139, 103777]"
118380,"[21734, 90439, 18832, 102134, 46490, 58124, 93105, 25049, 13616, 66225]"
118381,"[18321, 83992, 58162, 19170, 104585, 73541, 77139, 95562, 35610, 19901]"
118382,"[100035, 107307, 80737, 70594, 19909, 88962, 6343, 40851, 100353, 68071]"
118383,"[44242, 52203, 82657, 34218, 92612, 20025, 62809, 19663, 84896, 18983]"
118384,"[88652, 100508, 51667, 80619, 62221, 66411, 97362, 41528, 61333, 96089]"
118385,"[106207, 2714, 68627, 66947, 50611, 55042, 98780, 59435, 6311, 21324]"
118386,"[71386, 27305, 37475, 42539, 81624, 104809, 98501, 106830, 97657, 69384]"
118387,"[85486, 59564, 55588, 47756, 80605, 5449, 56334, 23131, 62925, 72540]"
118388,"[102536, 102551, 57833, 11892, 42452, 107257, 22625, 65949, 81214, 91311]"
118389,"[67019, 33443, 78386, 26585, 42993, 45874, 12791, 55833, 5877, 72644]"
118390,"[10483, 38738, 35534, 90103, 79516, 674, 81807, 88592, 6397, 49092]"
118391,"[11041, 33160, 1767, 2490, 99791, 48297, 17388, 37718, 74909, 61733]"
118392,"[7136, 94015, 23924, 92680, 12704, 9658, 96606, 73990, 48478, 18571]"
118393,"[15708, 44900, 74973, 32550, 51907, 49396, 83005, 8243, 4048, 73596]"
118394,"[35327, 86630, 28601, 78844, 81312, 104912, 104038, 105724, 57655, 78752]"
118395,"[19325, 14567, 4450, 105790, 42561, 47771, 100286, 46171, 87895, 83440]"
118396,"[2416, 95663, 59624, 3085, 101134, 64144, 81058, 41585, 48727, 33931]"
118397,"[26836, 106489, 82180, 18406, 82296, 48893, 87741, 7965, 89616, 20941]"
118398,"[96851, 51904, 93907, 35576, 67421, 95215, 55096, 11819, 18444, 70922]"
118399,"[54536, 71815, 27065, 24345, 40125, 58297, 43605, 56213, 50736, 71616]"
118400,"[21007, 70246, 21068, 71958, 65720, 49976, 41605, 61967, 95398, 95328]"
118401,"[100974, 35492, 26223, 29573, 21721, 90457, 75103, 92174, 12329, 98293]"
118402,"[17008, 70687, 35573, 100744, 6549, 34030, 36700, 104058, 81934, 94145]"
118403,"[68463, 56864, 11234, 54726, 45258, 79555, 90205, 88766, 43975, 42165]"
118404,"[55449, 10108, 86780, 55767, 85096, 83647, 19217, 7679, 39106, 89603]"
118405,"[83228, 18796, 91327, 42421, 29566, 75111, 80980, 52778, 73302, 94871]"
118406,"[66472, 89273, 22656, 7141, 78999, 28942, 42177, 16484, 48620, 45610]"
118407,"[68659, 103753, 85148, 22411, 100069, 82524, 105236, 28953, 35008, 3324]"
118408,"[57207, 35295, 72668, 25612, 106229, 37041, 41256, 74228, 30085, 73913]"
118409,"[16269, 28502, 27065, 60653, 39441, 34948, 77941, 39394, 73128, 63898]"
118410,"[13293, 13106, 3006, 107892, 74414, 78358, 39842, 66390, 81049, 60112]"
118411,"[100262, 392, 98811, 29052, 19852, 22415, 44337, 91071, 98043, 97841]"
118412,"[31838, 16341, 10756, 98611, 98613, 48032, 27054, 50386, 103234, 60135]"
118413,"[97507, 32578, 28163, 51791, 108881, 14465, 108003, 53758, 70234, 91092]"
118414,"[22642, 5173, 65058, 6493, 9429, 69285, 107406, 32349, 27250, 34548]"
118415,"[101116, 40384, 91724, 26299, 101906, 103230, 32539, 80405, 106064, 54237]"
118416,"[40819, 95981, 8192, 96974, 5096, 93261, 3477, 15249, 24984, 2812]"
118417,"[3455, 75679, 16191, 520, 22981, 52801, 89009, 42174, 22386, 22711]"
118418,"[49176, 2339, 91424, 25475, 105337, 101632, 60367, 96940, 76661, 47345]"
118419,"[811, 76364, 21387, 45779, 87826, 22106, 62090, 7532, 75423, 107171]"
118420,"[6628, 87781, 96130, 45076, 25624, 36233, 69391, 22875, 84510, 44399]"
118421,"[12517, 22175, 39562, 97909, 108715, 74100, 40296, 78287, 89498, 79215]"
118422,"[8630, 10223, 44657, 85382, 68163, 79126, 29007, 69997, 103446, 92838]"
118423,"[47322, 58782, 96501, 27508, 69988, 61134, 83606, 76998, 13467, 101755]"
118424,"[34602, 34749, 49734, 76071, 921, 85833, 38290, 2212, 108732, 29490]"
118425,"[66235, 92897, 78210, 79872, 21419, 6338, 13145, 87078, 55694, 44580]"
118426,"[18598, 102457, 39245, 48666, 19989, 68881, 43387, 102668, 51898, 70767]"
118427,"[54232, 60712, 63828, 97364, 92465, 84788, 51055, 31701, 106948, 55100]"
118428,"[71725, 80207, 37918, 70139, 83048, 18120, 107193, 96162, 2304, 105207]"
118429,"[71804, 104724, 95182, 97956, 97496, 97832, 8384, 84758, 90965, 10983]"
118430,"[47065, 9003, 87898, 17611, 42319, 62470, 4990, 65383, 101675, 103761]"
118431,"[15396, 98915, 39551, 13652, 91066, 55428, 55872, 26493, 78742, 25937]"
118432,"[102601, 109056, 58184, 70840, 22780, 90491, 63949, 82208, 266, 6231]"
118433,"[21991, 7147, 51539, 22585, 63704, 54189, 67905, 107469, 103509, 103384]"
118434,"[17689, 26294, 68479, 4230, 47880, 35719, 79181, 81574, 42748, 54463]"
118435,"[87828, 18590, 90760, 51811, 30383, 89656, 74582, 89579, 10651, 37338]"
118436,"[69413, 95697, 83588, 79579, 18633, 88599, 39341, 12265, 41862, 81245]"
118437,"[73692, 107453, 53235, 107896, 99619, 712, 93371, 21111, 82699, 88687]"
118438,"[102563, 4180, 77164, 74153, 41901, 53579, 87978, 36566, 67139, 20860]"
118439,"[68144, 3842, 44599, 107301, 9157, 58472, 103060, 22930, 61232, 55704]"
118440,"[91396, 68868, 40654, 87280, 42713, 26383, 36641, 29172, 26250, 49218]"
118441,"[40869, 71418, 33701, 32175, 77925, 7466, 106382, 41711, 101097, 22242]"
118442,"[76633, 102655, 90883, 55243, 39181, 100910, 85108, 107384, 67995, 62499]"
118443,"[62670, 41658, 11960, 25001, 109756, 26032, 101192, 15129, 57077, 106470]"
118444,"[66856, 25265, 48406, 79206, 48286, 33906, 97298, 90095, 12907, 40556]"
118445,"[55673, 104335, 73079, 102860, 3917, 14907, 13428, 47232, 75667, 14357]"
118446,"[58242, 40730, 49265, 64611, 76217, 771, 191, 22693, 23775, 66141]"
118447,"[41943, 41476, 104611, 23369, 10281, 12695, 96092, 104246, 93211, 4779]"
118448,"[106111, 68376, 105715, 83581, 42456, 40721, 79836, 100277, 46046, 48144]"
118449,"[70151, 43837, 52904, 107248, 72745, 5626, 87309, 10912, 82087, 5135]"
118450,"[21689, 13180, 66673, 71615, 82939, 79187, 22010, 92362, 62589, 68877]"
118451,"[3617, 12898, 104878, 18393, 34956, 13310, 40531, 79980, 94182, 29905]"
118452,"[42355, 51909, 40713, 62322, 64311, 54321, 14863, 48027, 49872, 28936]"
118453,"[31554, 36736, 43909, 108031, 40386, 50801, 79256, 11133, 91044, 16854]"
118454,"[18437, 51664, 34157, 63029, 54189, 67596, 56989, 14552, 8568, 75944]"
118455,"[9925, 94372, 54037, 6341, 78527, 78196, 92140, 85959, 83363, 30420]"
118456,"[68115, 72306, 56531, 60619, 68478, 82896, 23318, 57986, 41698, 7811]"
118457,"[46843, 82861, 100646, 5546, 95719, 43904, 50586, 37978, 67217, 101251]"
118458,"[6333, 76002, 9399, 76893, 3759, 97655, 56557, 61449, 62121, 109615]"
118459,"[69368, 31296, 18543, 17938, 74914, 10074, 56797, 87986, 95092, 18719]"
118460,"[104644, 99656, 23207, 47326, 38613, 36723, 15000, 69984, 84295, 30852]"
118461,"[105298, 92081, 52509, 25454, 10253, 29011, 89475, 56929, 39910, 37911]"
118462,"[50142, 78036, 40428, 36449, 74216, 47755, 61011, 18005, 74254, 22308]"
118463,"[15361, 11983, 52641, 64676, 58974, 22191, 20751, 12254, 78976, 83455]"
118464,"[17982, 29196, 57057, 80115, 109471, 50412, 47287, 94690, 80728, 90098]"
118465,"[42024, 78653, 92594, 67009, 53634, 28498, 65227, 64960, 40988, 4463]"
118466,"[43141, 94083, 33167, 34227, 63651, 80548, 19735, 75798, 43918, 66650]"
118467,"[74789, 10439, 91694, 92321, 78983, 30719, 29428, 14563, 10034, 52508]"
118468,"[47327, 73013, 69077, 65334, 97340, 45072, 54785, 21627, 6667, 21227]"
118469,"[75655, 16395, 39689, 44652, 61441, 86328, 83147, 48724, 64848, 48031]"
118470,"[109765, 27063, 52453, 28032, 6614, 27548, 82141, 7078, 10210, 10344]"
118471,"[66680, 92991, 10785, 72034, 53233, 43713, 7070, 12557, 10202, 65017]"
118472,"[96955, 7244, 3262, 53879, 96960, 59732, 89746, 89850, 14946, 74833]"
118473,"[38156, 13052, 11552, 24367, 100402, 71413, 106664, 92272, 56214, 102453]"
118474,"[41628, 11781, 82942, 29506, 89068, 82131, 4192, 92673, 67039, 58592]"
118475,"[106871, 39081, 109679, 24588, 34238, 41280, 73140, 101265, 79643, 67493]"
118476,"[35246, 40814, 87224, 17945, 106930, 103111, 56085, 102884, 83710, 59264]"
118477,"[100380, 66468, 88576, 15163, 48633, 93294, 34636, 26807, 30593, 85238]"
118478,"[31425, 18548, 107537, 42420, 45220, 64561, 102227, 109422, 6396, 77840]"
118479,"[74214, 94517, 91685, 33842, 108378, 98020, 11642, 73032, 75960, 73258]"
118480,"[70513, 25507, 41475, 70607, 43250, 56248, 16304, 103833, 55898, 7075]"
118481,"[19418, 46072, 38482, 77659, 102129, 63770, 38801, 31899, 4138, 40049]"
118482,"[49631, 54745, 89637, 25831, 18372, 104133, 98088, 83995, 38648, 36099]"
118483,"[38928, 94488, 107354, 94234, 33912, 53114, 12603, 74727, 62715, 38435]"
118484,"[92510, 1229, 95759, 30583, 69599, 8693, 18236, 102179, 104360, 86472]"
118485,"[20145, 75749, 103183, 46348, 61389, 104889, 98881, 4323, 54211, 30199]"
118486,"[24349, 94507, 37617, 59892, 53981, 63565, 88170, 17063, 62349, 27695]"
118487,"[83884, 102999, 26372, 41788, 12749, 85166, 92789, 41162, 60082, 30277]"
118488,"[51291, 9197, 94432, 96512, 14748, 79118, 57520, 85878, 91933, 66788]"
118489,"[89029, 35034, 58904, 38565, 39807, 104110, 41892, 34374, 55859, 63601]"
118490,"[68798, 20623, 3110, 26601, 46892, 17422, 32469, 42264, 24670, 4945]"
118491,"[64121, 99600, 1532, 55086, 12065, 95108, 83250, 60506, 85401, 101200]"
118492,"[48225, 31544, 12101, 89487, 26029, 18714, 67738, 20768, 56109, 46805]"
118493,"[67368, 48639, 102197, 86777, 40580, 33855, 108727, 10385, 52470, 31953]"
118494,"[104979, 47988, 28481, 50420, 38212, 36250, 101933, 92548, 9430, 73944]"
118495,"[33172, 77039, 76703, 25721, 49417, 96925, 38214, 38197, 39346, 44594]"
118496,"[66068, 69383, 97799, 14391, 71446, 91609, 21720, 98409, 29833, 23746]"
118497,"[94461, 46884, 102769, 69528, 19710, 80339, 39371, 81299, 95539, 86748]"
118498,"[3419, 105132, 56647, 59344, 7006, 36505, 52857, 47161, 27098, 13946]"
118499,"[74658, 61973, 695, 86494, 108552, 66587, 69184, 98013, 90334, 53024]"
118500,"[104196, 104017, 82465, 100185, 42547, 91212, 20810, 52589, 105288, 27776]"
118501,"[18926, 67640, 28838, 102818, 3394, 60201, 95484, 38916, 71593, 69616]"
118502,"[97491, 22392, 15769, 30685, 16328, 95016, 72428, 64506, 17877, 43225]"
118503,"[20120, 101031, 100518, 100254, 84845, 229, 72014, 33155, 34103, 26934]"
118504,"[57028, 15576, 33010, 4547, 104056, 39364, 9846, 57388, 12004, 92129]"
118505,"[95586, 107864, 3853, 77002, 31537, 62699, 90359, 967, 54184, 105047]"
118506,"[92077, 74729, 44054, 43862, 19545, 67662, 104613, 2957, 33690, 67008]"
118507,"[106705, 4149, 89935, 102140, 2121, 85390, 86569, 56926, 23435, 77299]"
118508,"[80946, 25888, 100147, 71566, 96393, 106265, 108947, 32562, 104178, 35485]"
118509,"[18560, 83310, 8754, 39197, 51580, 105071, 321, 100696, 15612, 50374]"
118510,"[53050, 83338, 23380, 11700, 42747, 78635, 45077, 82768, 40167, 95814]"
118511,"[15863, 7711, 17547, 49145, 22915, 94005, 50685, 84543, 65029, 71122]"
118512,"[37705, 60814, 56262, 4118, 63857, 4548, 66131, 62135, 76346, 67213]"
118513,"[55499, 2371, 55910, 64483, 81961, 47602, 73797, 39464, 46273, 24382]"
118514,"[29199, 66314, 105623, 85593, 107370, 70166, 73331, 3633, 87571, 28531]"
118515,"[33677, 39141, 73995, 61879, 94075, 16760, 45448, 72957, 43653, 9810]"
118516,"[57490, 72842, 37005, 79842, 82790, 94103, 48818, 36510, 71619, 41239]"
118517,"[49384, 20115, 48980, 106298, 103314, 12790, 10982, 14258, 36886, 76228]"
118518,"[108967, 67889, 90430, 56853, 16917, 67821, 73887, 28204, 4893, 33885]"
118519,"[54501, 17649, 35345, 88061, 52912, 2667, 2332, 18369, 10154, 99269]"
118520,"[85027, 79385, 2937, 61325, 75160, 31503, 91024, 42051, 42327, 1554]"
118521,"[66768, 101486, 47487, 85457, 12056, 46687, 28791, 75142, 38361, 42110]"
118522,"[29169, 56821, 81657, 102038, 101795, 5309, 47998, 65110, 94844, 84707]"
118523,"[75065, 77614, 7071, 94824, 50134, 53812, 61500, 99490, 5251, 40017]"
118524,"[35324, 2024, 84613, 79917, 97072, 42261, 29001, 8603, 89382, 69609]"
118525,"[71426, 24366, 38667, 24412, 24295, 35854, 105402, 60085, 43404, 85806]"
118526,"[90307, 41883, 108251, 104456, 103007, 54318, 88163, 92810, 37055, 102376]"
118527,"[14325, 44474, 89233, 81449, 82853, 8925, 85612, 10788, 25932, 42866]"
118528,"[60860, 12578, 13890, 40727, 46839, 20057, 99664, 75651, 59635, 56367]"
118529,"[17865, 82878, 9101, 17815, 64866, 70904, 85, 82565, 43850, 26144]"
118530,"[96953, 47408, 90728, 89078, 40693, 65781, 75433, 66394, 9575, 26682]"
118531,"[82541, 57387, 68758, 39867, 57135, 5144, 67094, 100411, 25713, 73403]"
118532,"[35590, 47434, 58628, 21024, 42577, 65204, 36131, 8949, 35074, 15243]"
118533,"[80280, 456, 100823, 10751, 24022, 2416, 101598, 2619, 81546, 55013]"
118534,"[9882, 6495, 43761, 7520, 16943, 18558, 96833, 14632, 37797, 26195]"
118535,"[21162, 23974, 42159, 107161, 94866, 100641, 42643, 16529, 70040, 97219]"
118536,"[32234, 23410, 27208, 67960, 86904, 30058, 46717, 60615, 38373, 73765]"
118537,"[9767, 36320, 48486, 35670, 70128, 107916, 86759, 54344, 44084, 24780]"
118538,"[79285, 31740, 103679, 108294, 37477, 83291, 71660, 29667, 34417, 22103]"
118539,"[2346, 48848, 29982, 37976, 49392, 34802, 30783, 91192, 59806, 45812]"
118540,"[57639, 109262, 28860, 68422, 80776, 87183, 27295, 45426, 60220, 101069]"
118541,"[91645, 72903, 99760, 17805, 58658, 96245, 80805, 32083, 60781, 4957]"
118542,"[107748, 15820, 72403, 69109, 103069, 10036, 16307, 69062, 48330, 771]"
118543,"[79985, 71328, 52760, 12842, 8064, 80458, 88796, 26686, 104738, 61071]"
118544,"[85144, 40783, 3276, 34962, 47018, 64492, 52557, 19460, 16238, 61098]"
118545,"[100184, 83185, 86577, 79231, 41250, 5306, 36123, 69655, 24427, 43740]"
118546,"[85870, 98148, 78211, 7369, 17370, 2188, 67127, 90177, 18745, 3691]"
118547,"[60617, 98402, 6727, 1600, 21622, 83311, 90176, 84662, 48037, 15687]"
118548,"[25174, 1032, 66335, 71523, 89992, 52999, 86301, 92730, 59123, 97042]"
118549,"[105416, 87447, 7923, 89567, 96008, 103028, 68418, 52169, 3352, 53614]"
118550,"[6541, 86230, 107123, 105313, 99920, 96294, 16046, 45931, 41103, 90880]"
118551,"[96174, 31662, 20080, 98534, 35329, 82135, 3126, 48406, 64789, 52863]"
118552,"[97175, 10842, 80976, 74899, 15802, 83170, 66318, 22513, 99874, 69239]"
118553,"[4600, 97240, 93301, 58598, 94933, 47852, 89291, 10006, 48444, 3100]"
118554,"[85407, 66798, 33041, 64864, 9388, 80057, 34141, 43917, 85100, 104587]"
118555,"[16621, 21489, 21666, 65356, 60124, 36999, 5014, 96446, 103694, 4557]"
118556,"[7543, 58117, 9986, 107567, 108857, 43851, 99004, 6393, 90449, 44857]"
118557,"[105826, 81955, 57761, 105033, 105596, 45635, 81424, 72035, 93883, 36475]"
118558,"[91457, 97068, 94213, 108970, 26118, 70357, 62826, 93003, 59047, 95201]"
118559,"[39601, 85369, 25227, 25102, 93801, 32900, 48242, 77528, 19256, 85273]"
118560,"[62899, 32659, 45291, 49203, 101618, 29159, 87470, 28118, 32434, 18055]"
118561,"[28417, 92756, 15566, 31534, 38151, 8045, 12488, 68967, 25698, 90492]"
118562,"[80085, 79581, 43368, 85339, 65765, 20269, 33849, 92940, 68815, 67186]"
118563,"[42148, 58087, 29187, 28955, 30111, 75175, 64724, 64340, 80969, 1865]"
118564,"[60596, 19574, 87245, 5413, 96405, 97818, 68722, 14639, 62871, 50519]"
118565,"[9559, 108035, 27484, 60819, 95700, 11076, 100288, 16781, 108283, 43566]"
118566,"[85177, 93883, 7872, 62215, 68267, 28116, 16582, 21587, 88051, 104811]"
118567,"[34546, 49558, 56848, 54064, 27354, 41910, 9760, 5353, 38125, 90054]"
118568,"[83923, 44016, 102665, 71211, 79571, 108280, 61850, 101524, 25225, 73976]"
118569,"[17998, 58383, 73639, 90944, 35598, 91039, 104000, 95210, 47253, 78741]"
118570,"[81336, 38071, 90087, 66711, 20454, 578, 43793, 84280, 106197, 3022]"
118571,"[84204, 74170, 9494, 57033, 3622, 103044, 32757, 8300, 45840, 43882]"
118572,"[45952, 32591, 18191, 35111, 30228, 833, 56354, 1494, 91224, 17507]"
118573,"[109099, 12036, 8633, 12616, 60199, 37020, 14808, 78876, 74861, 85012]"
118574,"[35801, 38294, 46713, 92798, 48877, 64452, 57428, 5947, 36695, 40847]"
118575,"[107416, 40532, 77743, 67842, 106282, 36980, 18670, 17129, 86036, 53693]"
118576,"[73214, 21807, 102579, 47999, 33211, 82413, 107616, 67652, 14844, 43402]"
118577,"[52247, 103977, 62921, 100925, 90414, 78355, 104939, 50514, 72294, 25013]"
118578,"[80262, 55974, 41434, 9376, 74762, 34300, 35239, 73320, 24812, 86217]"
118579,"[95295, 8334, 48930, 58271, 79444, 56180, 65921, 99340, 3168, 43140]"
118580,"[56976, 40069, 15630, 87248, 6228, 70466, 40365, 19640, 46256, 24029]"
118581,"[3084, 14222, 93264, 56008, 92455, 32673, 50805, 19311, 82226, 61101]"
118582,"[72706, 13827, 47830, 12062, 9701, 57674, 85069, 105988, 42445, 29598]"
118583,"[18804, 76890, 8389, 51474, 75530, 6735, 98754, 22420, 64858, 32073]"
118584,"[3845, 63333, 102861, 19577, 100706, 66639, 84510, 62845, 26036, 75546]"
118585,"[74020, 44973, 104572, 69821, 50839, 31040, 59608, 94377, 78717, 1910]"
118586,"[56820, 99166, 77221, 105910, 79347, 96969, 105005, 35149, 7034, 17641]"
118587,"[53886, 79399, 51256, 37646, 26138, 22968, 33423, 62401, 103512, 11585]"
118588,"[74209, 9162, 78063, 35869, 28281, 51085, 71153, 61689, 99004, 58531]"
118589,"[79642, 12330, 15960, 89902, 12464, 16067, 30045, 72991, 19535, 67687]"
118590,"[74847, 21613, 103667, 83689, 85054, 33308, 45457, 73055, 54922, 80828]"
118591,"[29133, 63040, 44477, 44202, 68160, 12895, 32019, 10918, 78793, 21380]"
118592,"[23520, 100884, 5002, 61116, 65499, 23926, 96762, 21759, 44401, 107450]"
118593,"[12464, 54430, 52928, 19535, 82699, 63882, 52803, 28786, 48020, 79700]"
118594,"[36007, 39940, 40060, 109617, 38867, 38443, 20848, 101332, 68844, 91815]"
118595,"[16635, 61360, 101277, 42593, 50692, 14456, 98860, 45718, 93979, 78373]"
118596,"[19838, 106720, 24456, 79456, 100240, 5858, 57643, 108767, 105357, 43693]"
118597,"[36754, 80852, 100990, 41536, 86316, 96237, 39229, 28932, 104650, 67020]"
118598,"[67419, 84414, 92511, 5378, 23124, 103875, 76813, 19276, 91637, 15614]"
118599,"[91052, 45361, 32407, 79687, 96147, 67197, 61305, 605, 78202, 89560]"
118600,"[4553, 90251, 95042, 7141, 84734, 54832, 29102, 10574, 25531, 62733]"
118601,"[8303, 34181, 87492, 80228, 75086, 2260, 20577, 99780, 33246, 109477]"
118602,"[75165, 54677, 30176, 103980, 16737, 34664, 41674, 39004, 20535, 35029]"
118603,"[57402, 89725, 89184, 67969, 66815, 17752, 99526, 107891, 54328, 24115]"
118604,"[90221, 53417, 65140, 84914, 51210, 75326, 38875, 2486, 5183, 43444]"
118605,"[3393, 44295, 13105, 87816, 44702, 7965, 75506, 76920, 94745, 54211]"
118606,"[26442, 28918, 67037, 78107, 64756, 41078, 89444, 12938, 107226, 94830]"
118607,"[26397, 89700, 23695, 25136, 107573, 57874, 28879, 38327, 32547, 54500]"
118608,"[70456, 75796, 48558, 55485, 77050, 69864, 66210, 93164, 77508, 51785]"
118609,"[55334, 26346, 84925, 102116, 103000, 28788, 43432, 47197, 90012, 20153]"
118610,"[37721, 27538, 80666, 18139, 11952, 21476, 22237, 21541, 24658, 104536]"
118611,"[18852, 78816, 52206, 31980, 98749, 72069, 56994, 45408, 86779, 47650]"
118612,"[94034, 14860, 26567, 98201, 22809, 35348, 67811, 16825, 76885, 61362]"
118613,"[11375, 85082, 108088, 95043, 62606, 52640, 87064, 34309, 11849, 107271]"
118614,"[85567, 70203, 107332, 40433, 23482, 5808, 79065, 75411, 102718, 65207]"
118615,"[53468, 63337, 76683, 4737, 46091, 78010, 4493, 64755, 16936, 16709]"
118616,"[43648, 3572, 2298, 57586, 43159, 8799, 49948, 33693, 42359, 94149]"
118617,"[66665, 160, 29119, 55629, 69972, 34326, 9611, 72937, 61551, 9943]"
118618,"[31008, 44267, 63813, 83999, 55694, 75059, 84591, 67576, 30248, 16454]"
118619,"[40041, 7550, 9686, 87221, 62200, 59049, 107998, 46016, 3142, 1890]"
118620,"[50089, 70743, 27909, 335, 34327, 25741, 1164, 108373, 93872, 43056]"
118621,"[99634, 59185, 71010, 91445, 29962, 40511, 34813, 107889, 47588, 14782]"
118622,"[82415, 46309, 109359, 15885, 9444, 75305, 59008, 94354, 18265, 62787]"
118623,"[60406, 87385, 4868, 20770, 46767, 5258, 63497, 63810, 103079, 26119]"
118624,"[99518, 28593, 275, 40175, 54570, 73768, 84878, 88831, 4992, 81084]"
118625,"[24293, 44295, 76920, 102726, 75506, 94727, 90194, 13656, 3393, 65264]"
118626,"[8609, 84217, 57632, 99062, 23825, 84228, 32993, 11875, 30658, 11550]"
118627,"[11929, 53299, 19746, 98959, 72760, 60145, 56063, 81888, 26513, 25882]"
118628,"[11337, 20529, 44504, 9287, 42994, 33941, 3869, 65279, 46612, 105680]"
118629,"[39944, 40454, 21509, 69337, 31123, 34696, 82870, 55848, 69315, 51299]"
118630,"[76502, 48402, 87608, 69905, 13739, 68646, 94777, 102138, 24222, 55382]"
118631,"[41123, 93744, 48810, 103006, 109419, 24683, 69018, 100981, 95112, 105075]"
118632,"[2652, 9804, 35964, 35881, 27437, 44501, 40045, 91400, 76868, 83915]"
118633,"[89977, 31543, 45257, 23830, 42881, 55182, 55401, 107443, 35261, 22233]"
118634,"[99615, 81222, 17952, 18232, 2016, 10860, 2717, 12805, 98155, 29148]"
118635,"[93655, 62266, 22185, 64158, 81248, 23119, 97993, 57699, 95163, 35442]"
118636,"[16588, 14299, 8967, 45478, 97399, 98831, 58917, 20918, 34977, 94019]"
118637,"[12037, 79573, 99063, 51465, 86405, 20749, 48663, 42045, 94912, 105821]"
118638,"[99169, 74379, 32855, 59454, 46493, 79554, 48197, 19172, 73791, 109243]"
118639,"[91710, 52326, 97053, 104342, 108765, 79236, 95526, 99904, 24937, 47518]"
118640,"[97208, 41221, 58841, 49766, 67056, 11699, 60843, 49653, 102160, 64630]"
118641,"[3012, 107646, 78599, 56110, 101077, 62778, 52548, 53355, 74718, 5960]"
118642,"[93648, 84725, 20213, 58364, 81953, 105705, 109216, 71103, 27635, 104415]"
118643,"[72519, 56114, 36295, 25756, 88892, 43936, 48908, 2177, 32774, 92856]"
118644,"[31424, 48995, 96072, 84405, 75586, 24625, 77405, 43548, 80415, 993]"
118645,"[101722, 628, 32082, 31555, 18064, 62842, 23395, 27556, 7252, 33206]"
118646,"[18270, 58064, 19981, 75296, 895, 47499, 70430, 76420, 70816, 14229]"
118647,"[70313, 85541, 8741, 78329, 36206, 7303, 31878, 84945, 67161, 76576]"
118648,"[86010, 88377, 18037, 52186, 22115, 57370, 72703, 80519, 12525, 65606]"
118649,"[54635, 39944, 39912, 34696, 53745, 92581, 23066, 71332, 70267, 31123]"
118650,"[106641, 30168, 49988, 56164, 59846, 10580, 36570, 56501, 82876, 19208]"
118651,"[60985, 73014, 71785, 79569, 10358, 59265, 13898, 65161, 103023, 95118]"
118652,"[38934, 22942, 102946, 66305, 66043, 46786, 34382, 30403, 40506, 84599]"
118653,"[80714, 22129, 46437, 21993, 90761, 80392, 64258, 108576, 105936, 66424]"
118654,"[17219, 54892, 38203, 8358, 99387, 43259, 69948, 20355, 27430, 33430]"
118655,"[37450, 59723, 81073, 81977, 82926, 46426, 102215, 7311, 50584, 58846]"
118656,"[38855, 87575, 104081, 102870, 45658, 72929, 52986, 45769, 27766, 11221]"
118657,"[84438, 75108, 90391, 36324, 77607, 33280, 91061, 67312, 72906, 27320]"
118658,"[47969, 39062, 18486, 92128, 38725, 73398, 75387, 2579, 14081, 18735]"
118659,"[79973, 13147, 96327, 8081, 104936, 3824, 67088, 96588, 63828, 60713]"
118660,"[37469, 8851, 35132, 109339, 88898, 9153, 69820, 9826, 4841, 79419]"
118661,"[5783, 44111, 44251, 87685, 22941, 70569, 92249, 104914, 7143, 4763]"
118662,"[105144, 88139, 46303, 890, 92755, 101409, 71196, 108456, 58800, 53911]"
118663,"[52141, 50606, 71685, 10540, 61342, 34557, 57095, 50400, 56104, 46396]"
118664,"[95801, 68579, 56950, 73574, 36683, 15887, 86042, 77998, 90651, 33171]"
118665,"[33010, 40633, 67992, 38153, 61516, 80716, 10070, 34826, 10658, 57388]"
118666,"[93862, 41525, 27424, 80723, 63499, 36776, 25596, 44067, 61519, 23772]"
118667,"[88076, 69141, 94421, 14333, 38995, 36089, 18924, 41678, 44624, 67576]"
118668,"[23615, 66506, 60438, 77058, 90927, 63813, 46615, 56994, 87526, 86132]"
118669,"[98437, 75016, 45416, 7411, 50618, 38924, 20655, 4858, 46387, 12826]"
118670,"[74247, 52525, 78955, 78137, 15762, 17192, 67269, 26443, 21355, 74398]"
118671,"[53239, 64894, 99128, 15133, 24427, 48240, 33767, 36365, 51778, 13107]"
118672,"[106932, 95686, 2728, 66482, 91185, 71791, 68920, 92690, 5465, 51722]"
118673,"[12014, 75588, 51324, 42747, 56167, 41404, 72391, 91818, 8533, 72492]"
118674,"[20661, 25486, 67296, 25687, 44711, 11632, 30531, 63001, 76379, 76132]"
118675,"[40756, 96835, 93730, 39458, 4567, 99846, 38312, 74612, 77929, 19668]"
118676,"[76495, 20770, 44190, 4868, 45726, 78492, 85008, 106516, 88952, 60127]"
118677,"[46513, 75235, 74286, 91434, 47468, 23500, 55115, 72985, 70221, 49404]"
118678,"[5425, 109161, 102150, 39584, 51950, 25747, 68026, 28308, 14586, 76999]"
118679,"[79224, 87216, 59563, 56551, 16939, 85075, 44383, 34385, 98712, 13883]"
118680,"[6415, 11877, 3782, 90869, 49441, 20532, 12483, 94413, 29454, 89120]"
118681,"[16053, 78867, 60948, 34782, 42049, 81192, 109692, 85219, 35452, 60939]"
118682,"[8917, 62063, 61658, 15684, 66830, 103207, 10501, 44931, 95208, 75802]"
118683,"[37996, 9460, 2623, 107315, 107158, 17395, 84814, 21336, 1003, 84701]"
118684,"[72401, 100996, 71221, 107907, 15483, 14760, 42448, 49410, 67869, 48619]"
118685,"[98729, 60216, 80972, 18068, 37829, 76424, 48760, 27140, 97703, 3427]"
118686,"[44806, 69221, 109624, 41872, 89089, 76964, 6077, 96240, 8980, 108626]"
118687,"[34864, 94273, 40282, 76420, 18270, 100365, 18821, 6063, 76916, 58496]"
118688,"[87002, 102068, 68963, 43422, 44068, 5768, 37090, 81260, 20519, 15064]"
118689,"[66494, 73490, 41581, 53109, 3122, 25639, 101050, 21440, 99033, 49043]"
118690,"[57795, 83707, 86049, 82905, 66837, 8118, 15417, 94611, 89630, 77512]"
118691,"[75594, 54352, 67885, 34855, 73115, 94021, 27676, 5107, 104725, 98289]"
118692,"[13177, 22639, 62957, 68877, 7800, 76042, 71045, 82939, 22069, 34058]"
118693,"[74270, 15602, 91425, 102865, 61186, 10031, 87851, 72300, 13361, 85062]"
118694,"[84152, 11260, 4409, 56703, 56803, 48887, 95240, 69380, 25976, 19399]"
118695,"[75814, 74155, 70160, 40986, 109072, 40054, 12984, 109726, 86020, 98984]"
118696,"[77265, 39473, 9999, 7787, 17511, 64028, 511, 88142, 69065, 25117]"
118697,"[75127, 63206, 14140, 54310, 4441, 13068, 26579, 60371, 1702, 13300]"
118698,"[87968, 14055, 62569, 87371, 2234, 48265, 14274, 84491, 76988, 29144]"
118699,"[44014, 92636, 108202, 21429, 42748, 35719, 102151, 56992, 33300, 53833]"
118700,"[41924, 79131, 90081, 28901, 41099, 35276, 87575, 75143, 47205, 4049]"
118701,"[33114, 107053, 27288, 99461, 41114, 100613, 65153, 103247, 34018, 47057]"
118702,"[103813, 20867, 100968, 64145, 82221, 103698, 37728, 76171, 31490, 24170]"
118703,"[80030, 108736, 73075, 45106, 77463, 95832, 17509, 44760, 30860, 97369]"
118704,"[1443, 21914, 12036, 5580, 95678, 83456, 29932, 5534, 58706, 22964]"
118705,"[39774, 96297, 106752, 93442, 16006, 42602, 84736, 6914, 40563, 13253]"
118706,"[13945, 103745, 95986, 82046, 60685, 100495, 62715, 87390, 95947, 14923]"
118707,"[66444, 39148, 77948, 4501, 1094, 95620, 38148, 64579, 16979, 61744]"
118708,"[69942, 90027, 86059, 96925, 100858, 104383, 29312, 16204, 51266, 35705]"
118709,"[60340, 29510, 83388, 45169, 63457, 41080, 73008, 108627, 63960, 41066]"
118710,"[78599, 56110, 54740, 27479, 57594, 107646, 10920, 37957, 49392, 40182]"
118711,"[81206, 27058, 5273, 27903, 58070, 7313, 30727, 93709, 103457, 98839]"
118712,"[67978, 36253, 86105, 11582, 89144, 50114, 52173, 81879, 32774, 107449]"
118713,"[31662, 102822, 3126, 78698, 96174, 82135, 79725, 52529, 40548, 98534]"
118714,"[25062, 54313, 91532, 67243, 71223, 38903, 61612, 29026, 68913, 105344]"
118715,"[96104, 31499, 74100, 81086, 82276, 48412, 24760, 80282, 72448, 94928]"
118716,"[52330, 79498, 66929, 60579, 40163, 31668, 7589, 57504, 41253, 104219]"
118717,"[60982, 90690, 41649, 59132, 7606, 29435, 48488, 3189, 90515, 73850]"
118718,"[106977, 15321, 70900, 14511, 28501, 104489, 17717, 67252, 58789, 77435]"
118719,"[7283, 93327, 21285, 92360, 90617, 94883, 81505, 78244, 49505, 97874]"
118720,"[4256, 74963, 92422, 1236, 43144, 98110, 53343, 91848, 83191, 9146]"
118721,"[28538, 49609, 24068, 70432, 62297, 56555, 44212, 6500, 73435, 53243]"
118722,"[1822, 69130, 34892, 30728, 76763, 102310, 107232, 54018, 30356, 44357]"
118723,"[29069, 72045, 38909, 104041, 76229, 109734, 10819, 35238, 5839, 52526]"
118724,"[62632, 103782, 101110, 64389, 99896, 109626, 75962, 87863, 87880, 67523]"
118725,"[101387, 104870, 98205, 80537, 102673, 98051, 66331, 33945, 1624, 66083]"
118726,"[13359, 55200, 1982, 83326, 59836, 50417, 40493, 7208, 27463, 85957]"
118727,"[35103, 104654, 88449, 72798, 59715, 46477, 62479, 43101, 49809, 33559]"
118728,"[106841, 91435, 20091, 54644, 59702, 75270, 72740, 33783, 44109, 51143]"
118729,"[68866, 31255, 11690, 49594, 15998, 22354, 14061, 54202, 38146, 11159]"
118730,"[74762, 4962, 87409, 87312, 24564, 41434, 52051, 15738, 83538, 38076]"
118731,"[93813, 37030, 18003, 33678, 45375, 102832, 67618, 70125, 72702, 23741]"
118732,"[73746, 30736, 30700, 49494, 99349, 1606, 108862, 88423, 31625, 19696]"
118733,"[89396, 103194, 97954, 30464, 12560, 79719, 53736, 45736, 29223, 60908]"
118734,"[48045, 21189, 91497, 91513, 18581, 88828, 49900, 9372, 107940, 53055]"
118735,"[32344, 48913, 95674, 69108, 96377, 31181, 87535, 48689, 83156, 68633]"
118736,"[20584, 26533, 76352, 51181, 2585, 9947, 82970, 71520, 102989, 25861]"
118737,"[67747, 53407, 22376, 101988, 51707, 51220, 64889, 11846, 59007, 20093]"
118738,"[100100, 35898, 107069, 65259, 48903, 92748, 104320, 43839, 106115, 109050]"
118739,"[77561, 76766, 51639, 69808, 37060, 1513, 28745, 7306, 82479, 12432]"
118740,"[98110, 24356, 80603, 19657, 90749, 14224, 69427, 109406, 92773, 80895]"
118741,"[14348, 26937, 76237, 39357, 72103, 6796, 109061, 90253, 74869, 60366]"
118742,"[24499, 13509, 16432, 85306, 2959, 15798, 47305, 65492, 44066, 52674]"
118743,"[66665, 54057, 34271, 2959, 63611, 16432, 15798, 40584, 78285, 52518]"
118744,"[86290, 15570, 18308, 24563, 70523, 105082, 48180, 27919, 63997, 17438]"
118745,"[53343, 57280, 8324, 19847, 77433, 5888, 52047, 26949, 8867, 35039]"
118746,"[26739, 85001, 78002, 99927, 30266, 68890, 79646, 67287, 101366, 71544]"
118747,"[15395, 61022, 26823, 55665, 60487, 42627, 43890, 108623, 71355, 54042]"
118748,"[20234, 53481, 105200, 105090, 31880, 42270, 103144, 28394, 106367, 22422]"
118749,"[40763, 87820, 30279, 39582, 21779, 178, 46849, 74929, 50252, 25833]"
118750,"[82171, 94342, 75795, 80928, 89418, 24647, 446, 72441, 9548, 89187]"
118751,"[80972, 109066, 22343, 45406, 89238, 86008, 3427, 64409, 73859, 33517]"
118752,"[17936, 102630, 39089, 105920, 64873, 6347, 102134, 18832, 13616, 13314]"
118753,"[47177, 73252, 70307, 1874, 106240, 48022, 78420, 93624, 19114, 1065]"
118754,"[64252, 4605, 34324, 41401, 15325, 104911, 46649, 2529, 92234, 43642]"
118755,"[64505, 44786, 24432, 90714, 55762, 22681, 18051, 58796, 9253, 55713]"
118756,"[52621, 4935, 56660, 53305, 66220, 79354, 55542, 71119, 34250, 99648]"
118757,"[4494, 62478, 39847, 65835, 47467, 64632, 99238, 79269, 14573, 22645]"
118758,"[16495, 90847, 84654, 21767, 3154, 5849, 97650, 10079, 58140, 59091]"
118759,"[97721, 38987, 31773, 29789, 81430, 34639, 63833, 73569, 109299, 80287]"
118760,"[49350, 109744, 99329, 23695, 71301, 49253, 62433, 38327, 8951, 70329]"
118761,"[20463, 103407, 71760, 50728, 13130, 71841, 17392, 14605, 32587, 82446]"
118762,"[106564, 40034, 91171, 47963, 55101, 104792, 106944, 90166, 5073, 24324]"
118763,"[104387, 54634, 77069, 19235, 8297, 91630, 70121, 19110, 27110, 59412]"
118764,"[55564, 4591, 23263, 20231, 108652, 70728, 50276, 56064, 19562, 18428]"
118765,"[37044, 99284, 86388, 80330, 86672, 92256, 57552, 41990, 43689, 91220]"
118766,"[74032, 6034, 83879, 44616, 56197, 50234, 86675, 101011, 50810, 81308]"
118767,"[105201, 14681, 85248, 68032, 82038, 81208, 15204, 60069, 106871, 76848]"
118768,"[22586, 3935, 77886, 56522, 103147, 65186, 44869, 43494, 62999, 50532]"
118769,"[41969, 52527, 109715, 37200, 99569, 1443, 61180, 67239, 5534, 42482]"
118770,"[58227, 104414, 45865, 89837, 39714, 16054, 86295, 35741, 87484, 63161]"
118771,"[84566, 67918, 71188, 71649, 88848, 4716, 51523, 1925, 85467, 71001]"
118772,"[55620, 95026, 75789, 37321, 89210, 93980, 88739, 9144, 56138, 18403]"
118773,"[68865, 59444, 47414, 12535, 108960, 74463, 87732, 101882, 31790, 94573]"
118774,"[17706, 4754, 52251, 35170, 44194, 64767, 98688, 16833, 76202, 20150]"
118775,"[75321, 52420, 26951, 37753, 96907, 34601, 17956, 33169, 40505, 75500]"
118776,"[70110, 52821, 99958, 70854, 92555, 64198, 48528, 108890, 59161, 91501]"
118777,"[94895, 23758, 39191, 47219, 75963, 77476, 56642, 14226, 36866, 67026]"
118778,"[87662, 50496, 98684, 72416, 107869, 66814, 28380, 41682, 14104, 23101]"
118779,"[19382, 70982, 51502, 58766, 65674, 55026, 13051, 79409, 49392, 39495]"
118780,"[44949, 61232, 64650, 9307, 7140, 11017, 55704, 40194, 107301, 28684]"
118781,"[30959, 60992, 63462, 60940, 103648, 66032, 89529, 84372, 20360, 82339]"
118782,"[72618, 12974, 29126, 53475, 20720, 95151, 1283, 13587, 85507, 90496]"
118783,"[107821, 36272, 45833, 91483, 10257, 36228, 78412, 22119, 50467, 17194]"
118784,"[84612, 54159, 95810, 57180, 64648, 59188, 27122, 100841, 83882, 52607]"
118785,"[70390, 31076, 33388, 107662, 52392, 62844, 59893, 85824, 15650, 107036]"
118786,"[16445, 76685, 4287, 91738, 12555, 15508, 89780, 2880, 38222, 85092]"
118787,"[14915, 39393, 74009, 40359, 81605, 4834, 64986, 96160, 106549, 5904]"
118788,"[101789, 20472, 30529, 62365, 98250, 51577, 106879, 38205, 75229, 22715]"
118789,"[89458, 62367, 47329, 88501, 15774, 96940, 76661, 25475, 83938, 94436]"
118790,"[35137, 42469, 80408, 99204, 55476, 109128, 92929, 19953, 31574, 58051]"
118791,"[51775, 33228, 19710, 69528, 104922, 46128, 40530, 5599, 108989, 6234]"
118792,"[28808, 89172, 101799, 96228, 102609, 21069, 36694, 18871, 67502, 64455]"
118793,"[26225, 98791, 100518, 29355, 72576, 3184, 13537, 93200, 99055, 52311]"
118794,"[108228, 26948, 7405, 57180, 100841, 59761, 39290, 12739, 87285, 67986]"
118795,"[18996, 29848, 39554, 24778, 67774, 57836, 74905, 14529, 41638, 57960]"
118796,"[59295, 24342, 109185, 108497, 76186, 46013, 100633, 108532, 56012, 34125]"
118797,"[37055, 92810, 57747, 24233, 6966, 25179, 63347, 12225, 22383, 78439]"
118798,"[86282, 16866, 56175, 1795, 42269, 39081, 29972, 65629, 38445, 84083]"
118799,"[56037, 8986, 19094, 55365, 57702, 90364, 97156, 17426, 89054, 35786]"
118800,"[12621, 76669, 46051, 86840, 22792, 79127, 52988, 35258, 13222, 35466]"
118801,"[105614, 55686, 38864, 60270, 38540, 103414, 45530, 66422, 102673, 17272]"
118802,"[5864, 50374, 45046, 9238, 18560, 51580, 84682, 83310, 77880, 45621]"
118803,"[9326, 37686, 80611, 4564, 63444, 47375, 32108, 47340, 96865, 56227]"
118804,"[71863, 98, 1462, 68444, 108105, 60977, 88699, 54685, 36587, 87982]"
118805,"[84890, 7611, 43315, 10460, 73784, 13526, 14907, 37299, 108927, 70975]"
118806,"[92782, 99779, 30473, 585, 41477, 16823, 55358, 28130, 80404, 7415]"
118807,"[89954, 88995, 23657, 94545, 11020, 3884, 98960, 77540, 34029, 109103]"
118808,"[79458, 92589, 94929, 70820, 20221, 37973, 7709, 105639, 99465, 91256]"
118809,"[40439, 81311, 107118, 43028, 55065, 99986, 62628, 85873, 39187, 18644]"
118810,"[62403, 91638, 52855, 45031, 45361, 32407, 34882, 78202, 70584, 64589]"
118811,"[108221, 40422, 7735, 71172, 65737, 40542, 55227, 99622, 50054, 81198]"
118812,"[88005, 23680, 50642, 59084, 49858, 27266, 105984, 86920, 22362, 86439]"
118813,"[94828, 38785, 36671, 23076, 81426, 26141, 45751, 107521, 28153, 59769]"
118814,"[78972, 795, 61064, 74273, 97006, 20180, 69949, 57813, 36083, 16753]"
118815,"[72936, 74084, 33505, 73105, 12026, 5963, 10640, 5720, 48026, 87324]"
118816,"[107646, 57594, 22304, 49392, 37957, 29355, 27479, 19949, 20999, 108164]"
118817,"[61871, 108872, 57950, 98769, 92927, 92566, 60165, 101478, 32262, 59892]"
118818,"[13779, 88894, 104756, 63698, 37593, 25957, 103155, 67459, 5704, 21277]"
118819,"[69308, 37171, 76451, 99899, 33439, 29763, 1362, 33777, 28286, 79515]"
118820,"[37481, 83188, 10076, 41752, 95428, 3675, 19107, 80295, 74082, 103083]"
118821,"[108902, 86251, 51252, 37892, 97338, 52866, 77443, 10134, 31059, 12177]"
118822,"[105046, 55957, 94417, 3234, 5162, 88404, 59480, 76968, 60198, 34845]"
118823,"[10005, 35622, 109136, 105682, 47234, 10998, 56927, 19192, 37247, 7130]"
118824,"[98135, 52216, 22075, 95596, 26396, 20945, 102475, 49143, 87884, 52957]"
118825,"[33318, 62218, 86918, 10769, 33571, 36391, 20077, 101914, 31671, 77854]"
118826,"[102534, 20825, 12013, 109497, 72683, 104525, 68520, 98238, 78053, 11836]"
118827,"[22271, 89599, 55559, 77267, 39565, 62795, 42059, 49966, 49973, 17677]"
118828,"[53390, 10058, 21738, 59682, 105181, 78917, 100617, 38408, 1638, 72693]"
118829,"[18174, 72857, 33762, 102434, 28687, 8542, 4865, 103012, 87588, 80161]"
118830,"[64094, 109410, 96075, 84393, 39984, 19187, 75038, 62265, 86995, 47721]"
118831,"[63004, 20857, 47642, 70680, 100682, 14129, 65279, 86359, 6080, 20380]"
118832,"[68856, 7472, 24204, 105856, 91892, 80827, 74274, 35743, 55671, 96079]"
118833,"[102573, 44794, 28613, 28816, 1191, 53127, 54011, 8263, 11351, 41512]"
118834,"[11180, 6939, 44173, 86893, 19605, 87152, 40396, 68146, 34815, 21639]"
118835,"[100894, 30744, 73642, 95078, 73732, 77618, 74786, 9952, 61177, 28303]"
118836,"[88078, 104634, 102053, 44544, 98519, 84808, 15980, 53700, 65046, 7967]"
118837,"[24798, 4925, 74778, 37977, 61836, 55731, 41833, 88461, 57853, 80683]"
118838,"[36297, 83838, 84586, 11722, 54274, 6750, 3211, 27724, 32999, 16317]"
118839,"[4870, 81178, 107289, 4624, 96187, 99205, 74818, 33404, 61044, 69346]"
118840,"[95818, 49948, 43648, 77246, 102296, 27525, 43159, 57586, 13375, 27545]"
118841,"[74906, 89810, 23300, 1986, 8011, 36356, 31525, 53473, 62977, 30374]"
118842,"[98067, 99928, 92957, 100418, 102273, 74547, 99673, 59283, 37579, 18297]"
118843,"[1826, 60732, 54641, 108344, 85011, 36258, 43901, 22110, 60646, 18223]"
118844,"[89807, 21819, 24415, 28217, 5356, 44125, 68095, 14077, 53536, 76577]"
118845,"[87886, 104675, 64098, 49834, 76694, 38268, 16145, 48418, 64612, 107708]"
118846,"[100506, 79213, 46098, 31785, 15513, 97659, 61418, 61980, 82221, 45609]"
118847,"[100071, 55494, 93089, 10413, 60113, 69181, 78557, 63876, 42852, 89163]"
118848,"[109353, 20428, 71134, 41033, 23944, 11113, 70608, 27732, 10022, 46986]"
118849,"[68884, 83786, 44658, 54812, 69744, 27996, 104058, 34030, 84101, 12426]"
118850,"[19928, 82576, 56787, 23124, 36699, 80213, 16344, 103518, 95224, 59994]"
118851,"[53115, 7458, 8979, 80392, 64258, 31883, 40110, 51228, 93066, 9802]"
118852,"[26585, 76661, 25475, 100148, 70627, 91424, 82072, 103732, 93259, 14741]"
118853,"[48469, 13162, 102408, 87926, 57656, 30728, 22573, 60209, 38422, 93464]"
118854,"[68023, 68435, 29004, 67861, 40699, 73785, 91197, 97162, 5911, 81381]"
118855,"[89759, 55745, 77555, 98183, 99501, 7433, 66435, 50178, 61008, 86191]"
118856,"[11911, 5504, 35970, 96329, 76905, 76094, 53857, 23196, 80138, 26841]"
118857,"[10119, 79063, 74511, 56817, 76491, 57927, 64430, 108126, 75242, 24914]"
118858,"[30359, 21648, 97613, 91320, 71717, 95614, 101652, 31999, 3637, 32296]"
118859,"[9686, 73711, 53427, 7550, 107922, 87221, 62200, 77720, 59049, 79197]"
118860,"[47839, 25335, 99096, 77404, 59743, 25901, 41370, 101017, 14573, 100694]"
118861,"[52443, 100140, 11987, 78024, 27765, 58610, 85047, 73455, 46565, 64507]"
118862,"[96081, 50296, 98997, 46262, 79859, 59357, 70412, 53825, 97788, 190]"
118863,"[83920, 87149, 58068, 2554, 54113, 191, 40229, 18115, 41349, 104558]"
118864,"[64830, 18846, 103643, 40182, 20162, 49049, 60745, 69440, 65523, 53607]"
118865,"[98102, 38316, 54059, 83708, 39361, 74832, 27271, 36193, 97424, 81891]"
118866,"[80346, 94722, 103023, 59265, 86211, 71785, 47966, 108770, 106390, 87962]"
118867,"[4947, 60477, 957, 46240, 25493, 78551, 72076, 95969, 72733, 3904]"
118868,"[74449, 45463, 66461, 107240, 16602, 65349, 30887, 101488, 19130, 45130]"
118869,"[63408, 101444, 14031, 71680, 41443, 48260, 38324, 37165, 68821, 54731]"
118870,"[102631, 36403, 91556, 71558, 14095, 3102, 10266, 47824, 32810, 33789]"
118871,"[29697, 60877, 16052, 57074, 2003, 51141, 47276, 48824, 52661, 9498]"
118872,"[74501, 106076, 29302, 21125, 79163, 11048, 55460, 7344, 84949, 4775]"
118873,"[67857, 97008, 76197, 74560, 57563, 80231, 43568, 27215, 65616, 102407]"
118874,"[2385, 26263, 103494, 82919, 107239, 55211, 39797, 39477, 21067, 15585]"
118875,"[83463, 90719, 269, 68468, 81487, 80972, 60813, 10338, 37230, 76275]"
118876,"[67677, 21084, 13605, 9665, 3245, 69939, 16235, 59105, 40604, 102608]"
118877,"[55765, 16993, 88775, 26250, 7731, 93366, 90621, 44688, 95706, 76590]"
118878,"[75772, 29374, 26623, 65337, 7416, 34025, 61649, 28576, 37852, 3284]"
118879,"[66095, 109111, 81394, 58884, 18824, 26984, 72585, 48787, 32856, 91521]"
118880,"[72859, 101069, 60220, 58883, 23163, 45426, 103660, 109262, 99208, 57639]"
118881,"[78292, 56987, 87355, 38598, 90421, 8177, 95169, 89102, 25090, 28655]"
118882,"[97992, 81365, 71979, 97301, 101064, 35710, 68251, 21513, 21760, 31516]"
118883,"[12515, 102372, 37369, 32815, 40192, 104728, 96158, 50510, 33106, 11617]"
118884,"[68790, 64282, 53165, 33077, 16157, 33372, 48228, 66795, 34363, 29446]"
118885,"[84542, 33375, 19926, 91892, 83377, 71121, 9843, 65354, 5535, 23423]"
118886,"[7200, 48381, 57322, 5664, 24982, 82347, 555, 13652, 1807, 27961]"
118887,"[92805, 52739, 89748, 28957, 61933, 37556, 58477, 77217, 102352, 85207]"
118888,"[102217, 30530, 85273, 25102, 42735, 29333, 93067, 64391, 5021, 83639]"
118889,"[48121, 1454, 56717, 91090, 26651, 10389, 2283, 5399, 44553, 66534]"
118890,"[28796, 45611, 76469, 9980, 84772, 15989, 61513, 75478, 40802, 49504]"
118891,"[91331, 45524, 70382, 47905, 37693, 36304, 69772, 77696, 69643, 2050]"
118892,"[64306, 46062, 10254, 16989, 27132, 25280, 102546, 25586, 86972, 107178]"
118893,"[96090, 61526, 72475, 85463, 18005, 55112, 42132, 106960, 14776, 62586]"
118894,"[65800, 104215, 67518, 10505, 13430, 106744, 70823, 86842, 82442, 12623]"
118895,"[23631, 7648, 53334, 89037, 91484, 40558, 65860, 9732, 57534, 92018]"
118896,"[10355, 70001, 545, 33352, 49496, 86489, 52975, 60603, 26414, 713]"
118897,"[71474, 100607, 101013, 75350, 40619, 15786, 44770, 33151, 50969, 26227]"
118898,"[33174, 100825, 38690, 104585, 55044, 90394, 68077, 71034, 76003, 58162]"
118899,"[9098, 67975, 72629, 71489, 30523, 5702, 105261, 30688, 26320, 31787]"
118900,"[10606, 83361, 94616, 45777, 41690, 105483, 94565, 82977, 17536, 60568]"
118901,"[57936, 107404, 90509, 96702, 69119, 52244, 63541, 36620, 72943, 35585]"
118902,"[100575, 13399, 11032, 101889, 10329, 60901, 50, 104392, 76138, 74798]"
118903,"[29890, 99466, 11371, 30995, 20243, 73253, 45221, 14788, 28980, 51541]"
118904,"[79534, 38405, 48470, 107549, 2122, 14257, 76490, 91279, 46570, 52976]"
118905,"[74779, 104505, 10217, 101488, 8565, 52329, 14699, 95612, 43139, 107456]"
118906,"[61493, 4738, 100354, 81113, 19441, 91165, 81368, 34981, 3102, 59746]"
118907,"[18602, 7175, 86035, 35642, 56803, 96599, 48066, 82092, 31770, 52347]"
118908,"[15944, 47178, 59356, 31232, 104995, 94157, 86737, 105078, 105961, 62817]"
118909,"[82137, 4428, 100827, 73240, 76807, 57168, 64677, 33632, 48934, 27243]"
118910,"[34524, 50423, 11244, 12293, 93698, 32463, 16048, 48346, 5075, 24720]"
118911,"[21162, 97219, 107161, 93022, 10528, 70040, 97520, 77428, 31788, 42159]"
118912,"[68316, 70277, 3817, 45170, 14046, 65265, 1732, 14940, 31100, 69706]"
118913,"[96252, 6830, 4686, 98589, 61611, 16683, 72249, 32223, 73839, 18873]"
118914,"[53087, 41721, 79730, 94920, 52987, 70031, 48505, 76444, 24353, 47532]"
118915,"[45271, 60335, 90790, 42088, 87120, 97965, 20414, 10936, 10727, 38313]"
118916,"[42249, 23501, 50780, 90954, 58731, 33854, 10139, 88894, 69878, 69365]"
118917,"[49305, 91809, 14081, 64811, 18646, 6517, 18735, 46632, 106431, 56690]"
118918,"[23887, 82276, 38817, 25617, 24646, 84537, 37663, 107483, 64600, 42802]"
118919,"[17960, 5619, 60736, 44757, 88901, 72814, 61308, 82183, 90385, 49460]"
118920,"[98039, 9760, 14588, 88830, 103789, 44461, 59261, 75271, 101428, 84988]"
118921,"[301, 1585, 94798, 69239, 28233, 106421, 63637, 20001, 86932, 83170]"
118922,"[105010, 98567, 89734, 40754, 44378, 54690, 4102, 4606, 58882, 19563]"
118923,"[69211, 67770, 78522, 46318, 38126, 11397, 103291, 24397, 76000, 108541]"
118924,"[82824, 32870, 87463, 4842, 40135, 3205, 49839, 39784, 108894, 50600]"
118925,"[34149, 11003, 65037, 7699, 105438, 39095, 77486, 44352, 35759, 98143]"
118926,"[19184, 70796, 27336, 109114, 92253, 92150, 8613, 58589, 64199, 56565]"
118927,"[42833, 52412, 78498, 78509, 82332, 46194, 94117, 20801, 34383, 59506]"
118928,"[10492, 41297, 13246, 88145, 83052, 29364, 90121, 96353, 29620, 12400]"
118929,"[31813, 87745, 101508, 57058, 86587, 31834, 78779, 1644, 25175, 19152]"
118930,"[74383, 5252, 50315, 86058, 79678, 94360, 3418, 75332, 64743, 8882]"
118931,"[62394, 26310, 56773, 49484, 53213, 73641, 30581, 18226, 39512, 50444]"
118932,"[23960, 47174, 13638, 51494, 6185, 77334, 97135, 60314, 33556, 95435]"
118933,"[42266, 2321, 62196, 67091, 107640, 76537, 34011, 82928, 105071, 86432]"
118934,"[74920, 495, 43494, 30901, 90088, 12143, 103041, 1658, 108135, 80833]"
118935,"[4890, 27434, 64208, 68521, 94565, 58565, 92133, 86843, 3195, 10606]"
118936,"[104753, 2034, 96096, 51104, 87509, 60019, 55305, 4513, 75504, 41279]"
118937,"[95987, 70653, 32633, 37765, 63373, 71252, 10535, 48776, 47494, 30231]"
118938,"[22969, 5470, 28818, 35518, 55993, 106711, 71151, 74316, 25358, 87835]"
118939,"[3351, 77957, 97531, 57564, 38861, 28330, 6346, 102547, 101465, 25184]"
118940,"[24302, 6708, 16317, 42026, 1140, 44803, 27266, 62710, 87484, 95096]"
118941,"[58954, 35116, 4512, 33283, 104473, 9754, 76577, 21819, 86495, 57685]"
118942,"[99039, 77869, 65661, 77367, 20424, 29099, 41149, 54366, 96927, 94584]"
118943,"[89782, 35226, 32006, 61416, 54985, 22783, 72167, 81677, 86120, 28466]"
118944,"[71791, 68920, 93013, 9694, 24660, 20081, 61765, 91298, 97696, 2728]"
118945,"[22688, 36649, 76388, 76470, 75523, 21348, 70196, 24490, 96303, 82508]"
118946,"[35772, 109131, 86293, 14920, 63380, 45486, 44208, 71166, 68630, 71317]"
118947,"[62711, 88428, 76334, 40445, 105441, 107360, 57096, 30866, 58269, 22574]"
118948,"[109671, 313, 49491, 103583, 66989, 105449, 66958, 26942, 55650, 7684]"
118949,"[107776, 40107, 7193, 69977, 75567, 22792, 11874, 35258, 62869, 42893]"
118950,"[11804, 239, 18143, 31530, 68214, 77085, 83618, 102057, 15944, 21442]"
118951,"[23305, 1752, 62549, 19463, 14204, 48603, 19847, 73033, 77133, 13373]"
118952,"[81656, 105911, 91732, 69127, 71523, 27495, 12579, 47827, 28512, 60643]"
118953,"[59957, 3775, 41637, 5463, 4206, 53574, 8181, 10764, 73033, 36068]"
118954,"[24262, 35478, 51262, 108408, 11589, 2453, 74700, 86940, 27048, 101531]"
118955,"[39056, 62434, 101248, 101021, 79665, 61131, 19007, 83841, 93197, 54606]"
118956,"[21931, 54704, 96139, 72258, 48684, 27382, 19477, 102803, 27345, 92474]"
118957,"[88618, 48737, 69000, 104264, 86284, 40379, 54574, 30970, 17964, 85285]"
118958,"[72847, 90493, 70961, 105504, 16409, 70707, 59622, 99499, 642, 30021]"
118959,"[10060, 88035, 27660, 66963, 92164, 81155, 3980, 77673, 99701, 2918]"
118960,"[42368, 15817, 16376, 72734, 70140, 33713, 83778, 87767, 93194, 104423]"
118961,"[17890, 51974, 67477, 58106, 73086, 85907, 49883, 69776, 32724, 53964]"
118962,"[23645, 7062, 50881, 25649, 77054, 35737, 63741, 57516, 7464, 40704]"
118963,"[48650, 40860, 96637, 91035, 87757, 8580, 22951, 103666, 48365, 76165]"
118964,"[71095, 13572, 95610, 47327, 33731, 22724, 99675, 43399, 69564, 6825]"
118965,"[36974, 62290, 96676, 107356, 87793, 58045, 20053, 41668, 12888, 97221]"
118966,"[20670, 73301, 89590, 97059, 77194, 35465, 85882, 40972, 25069, 16364]"
118967,"[87293, 91034, 27598, 106022, 43243, 19340, 33477, 58887, 61542, 101957]"
118968,"[471, 105112, 58649, 24844, 88878, 48306, 76224, 86819, 42791, 54259]"
118969,"[52964, 61719, 60416, 61257, 48715, 82986, 35809, 53454, 99318, 80903]"
118970,"[61966, 77610, 55967, 67928, 18176, 21595, 79590, 71625, 89642, 87249]"
118971,"[5195, 60078, 60983, 99338, 73612, 79051, 74159, 97385, 56649, 74588]"
118972,"[29431, 5096, 10357, 44898, 109519, 65054, 50317, 23120, 58269, 22600]"
118973,"[77257, 82826, 8088, 58844, 1623, 44039, 94348, 89569, 106493, 26257]"
118974,"[59729, 35401, 86841, 11329, 96112, 56964, 96956, 52739, 70613, 37287]"
118975,"[84927, 35380, 42942, 52598, 86457, 14449, 80648, 30636, 81180, 91483]"
118976,"[72782, 72797, 36326, 29208, 1627, 80868, 47877, 3502, 91461, 49967]"
118977,"[107579, 92393, 88411, 22599, 36608, 1710, 24074, 60545, 18290, 73691]"
118978,"[56944, 44915, 4399, 54063, 31229, 84664, 49671, 77204, 33, 101244]"
118979,"[18250, 76554, 15743, 41661, 108698, 95704, 777, 82865, 72325, 5313]"
118980,"[30206, 27256, 109334, 74864, 44628, 26064, 17373, 105781, 34904, 57941]"
118981,"[48885, 88131, 15192, 47603, 39638, 81481, 20457, 11417, 93696, 64653]"
118982,"[86515, 74233, 98298, 74487, 96105, 18913, 47284, 33188, 23226, 87049]"
118983,"[34707, 61759, 43815, 49275, 75876, 37164, 65431, 58202, 71097, 20232]"
118984,"[64044, 29286, 74820, 68083, 90085, 89531, 9597, 29002, 15074, 105647]"
118985,"[45970, 98433, 75273, 2012, 108932, 76538, 62689, 77669, 104888, 55801]"
118986,"[82194, 61454, 98098, 101744, 105961, 68274, 57619, 79881, 71570, 104995]"
118987,"[7248, 61130, 59065, 13179, 106256, 49847, 97291, 26373, 56765, 49982]"
118988,"[52527, 45539, 41969, 22424, 23034, 95086, 72795, 33888, 44065, 60204]"
118989,"[43382, 12333, 77912, 57271, 66096, 86354, 33979, 13330, 32371, 41139]"
118990,"[40199, 71641, 74851, 89025, 62400, 22363, 60680, 74331, 15445, 72212]"
118991,"[56058, 4809, 4633, 72453, 32052, 73598, 90154, 80327, 35705, 76571]"
118992,"[100751, 30353, 18394, 99832, 39184, 36164, 50461, 2422, 98798, 55066]"
118993,"[69424, 38223, 15625, 45639, 105461, 47050, 87553, 79571, 2709, 78895]"
118994,"[52866, 108902, 67091, 25283, 37199, 54840, 76600, 75209, 97338, 105097]"
118995,"[27972, 94151, 102443, 78725, 19507, 4578, 53613, 47600, 61605, 4823]"
118996,"[27599, 20673, 80757, 52320, 29002, 47866, 83304, 72103, 153, 82292]"
118997,"[60616, 82098, 109087, 37482, 22205, 27626, 38999, 48040, 107012, 47035]"
118998,"[845, 89418, 26315, 58505, 8661, 41543, 24843, 8177, 54244, 47508]"
118999,"[99009, 31887, 64082, 72614, 32467, 33914, 6559, 62110, 7828, 59476]"
119000,"[40603, 24181, 98331, 66166, 34035, 73159, 94872, 2276, 97094, 88570]"
119001,"[81365, 97301, 97992, 77748, 97609, 64356, 101064, 29020, 21760, 33342]"
119002,"[61550, 22618, 41169, 48513, 7230, 89542, 104016, 96305, 25262, 55727]"
119003,"[87090, 24623, 20772, 9145, 12389, 22735, 95843, 76832, 1199, 30474]"
119004,"[49102, 59459, 64502, 7946, 60803, 44590, 105457, 99406, 67738, 64061]"
119005,"[33495, 96422, 97884, 39380, 28455, 78470, 33967, 41687, 57570, 44292]"
119006,"[65844, 31723, 53492, 104802, 105217, 44929, 96826, 32890, 23347, 26829]"
119007,"[81313, 96152, 15372, 82889, 54716, 68659, 61969, 88845, 82861, 5546]"
119008,"[78133, 33672, 33120, 47573, 33558, 18125, 58466, 100212, 15269, 46870]"
119009,"[105509, 12515, 85130, 78940, 2766, 53542, 80190, 70044, 64892, 89028]"
119010,"[79474, 64565, 74673, 108505, 5184, 108889, 98609, 92666, 100077, 101593]"
119011,"[47961, 70580, 74851, 24801, 107247, 40199, 109180, 60680, 38680, 32217]"
119012,"[66435, 50178, 66789, 82995, 98183, 10101, 85939, 89759, 108161, 32728]"
119013,"[36960, 1776, 30046, 23765, 24010, 78465, 29684, 27128, 47495, 24912]"
119014,"[38239, 107560, 37882, 103649, 67537, 65895, 36296, 3826, 60748, 1178]"
119015,"[79047, 87807, 68417, 48724, 55266, 72615, 38876, 9795, 29968, 86328]"
119016,"[65867, 33629, 45305, 105684, 1024, 71260, 70508, 30703, 80967, 18645]"
119017,"[36814, 2990, 12567, 9820, 12624, 28738, 15261, 12800, 78958, 48532]"
119018,"[44175, 72569, 66584, 73803, 43798, 41441, 105406, 2636, 37702, 44233]"
119019,"[22300, 55960, 16237, 93168, 51327, 21089, 41062, 96303, 59264, 61632]"
119020,"[52696, 68178, 93223, 71476, 1239, 95481, 109602, 99263, 88082, 82671]"
119021,"[108247, 52653, 56933, 20327, 24454, 66699, 50794, 45189, 8058, 82374]"
119022,"[12435, 23634, 77535, 70215, 73617, 37768, 55513, 78571, 87116, 32104]"
119023,"[40044, 5821, 56674, 86904, 93947, 12915, 67960, 31427, 25804, 60615]"
119024,"[62982, 76062, 96083, 26339, 42637, 94800, 2025, 63979, 48843, 73563]"
119025,"[46302, 4852, 5062, 57176, 49043, 34083, 80721, 35124, 52148, 72969]"
119026,"[15122, 9847, 68073, 102756, 80269, 102978, 64163, 94037, 1181, 28773]"
119027,"[71544, 93889, 76165, 61977, 82681, 88798, 3077, 26739, 101052, 42496]"
119028,"[58024, 101389, 52495, 48648, 102848, 39339, 12875, 75634, 36227, 63734]"
119029,"[57255, 50990, 249, 85049, 11936, 79225, 14271, 107737, 100830, 94170]"
119030,"[33460, 12925, 69295, 7708, 108758, 65680, 61246, 13459, 94382, 37746]"
119031,"[77654, 36622, 70713, 12683, 6639, 78375, 21604, 79889, 76858, 747]"
119032,"[63892, 99615, 8936, 58842, 29989, 88713, 93213, 52037, 48285, 82404]"
119033,"[87627, 103538, 67412, 63224, 62787, 29124, 61046, 93672, 9377, 34586]"
119034,"[91448, 99714, 25418, 86909, 43203, 58275, 58972, 21947, 85393, 93996]"
119035,"[95897, 17364, 10491, 87586, 61881, 1868, 2917, 11345, 77464, 2744]"
119036,"[47916, 77608, 49038, 7866, 51473, 100898, 78347, 20853, 50150, 91448]"
119037,"[15514, 5953, 68987, 4504, 42559, 12976, 34647, 86309, 69652, 9529]"
119038,"[31384, 15915, 47087, 51818, 25578, 92775, 5101, 40908, 96608, 33510]"
119039,"[14837, 5226, 96276, 67884, 32983, 98080, 107169, 106220, 50414, 45057]"
119040,"[10531, 75087, 81047, 23008, 61197, 22126, 10113, 100143, 78862, 24259]"
119041,"[1238, 103110, 100872, 63858, 98506, 91897, 46021, 11795, 45766, 99065]"
119042,"[39753, 30664, 96149, 12497, 100888, 85203, 105097, 100530, 42266, 51612]"
119043,"[93488, 28210, 30163, 67349, 3818, 50820, 91431, 82893, 19515, 34423]"
119044,"[87251, 63141, 34036, 75983, 10913, 12188, 70577, 20688, 1353, 44276]"
119045,"[66293, 71898, 89157, 11232, 72950, 87394, 70361, 44900, 109205, 37548]"
119046,"[92401, 83078, 76445, 95931, 99386, 54893, 55573, 97012, 40405, 79167]"
119047,"[26483, 72730, 51887, 92056, 107109, 13958, 24365, 72358, 20578, 99222]"
119048,"[41675, 106005, 3645, 96047, 77371, 46422, 52109, 18515, 60997, 62413]"
119049,"[108709, 99717, 33560, 10905, 101833, 73509, 96438, 59578, 91537, 52235]"
119050,"[38327, 16311, 39789, 44734, 3534, 11331, 109744, 30229, 87979, 30218]"
119051,"[64283, 86834, 91275, 56149, 2483, 3449, 17564, 17700, 28992, 102949]"
119052,"[38619, 40805, 88946, 107423, 14217, 91824, 14065, 65612, 6978, 60386]"
119053,"[28332, 69699, 36599, 49885, 54338, 72574, 102866, 75621, 100139, 55045]"
119054,"[52175, 65318, 39327, 23176, 4952, 28605, 5865, 49428, 85393, 25418]"
119055,"[90500, 34345, 18024, 47314, 56652, 76146, 61229, 66777, 62473, 74262]"
119056,"[102224, 97986, 5902, 16372, 39779, 96191, 837, 109355, 85547, 89603]"
119057,"[75521, 83534, 10906, 13396, 12935, 10913, 103730, 98251, 102937, 80760]"
119058,"[69611, 72564, 98775, 98099, 61776, 64701, 32511, 23635, 94009, 78342]"
119059,"[79650, 68082, 21852, 54210, 63596, 18953, 37917, 67868, 40182, 28705]"
119060,"[90180, 23560, 33450, 106028, 28682, 37773, 8880, 67224, 26532, 60559]"
119061,"[57502, 70351, 33945, 47322, 63489, 58319, 69988, 52033, 99038, 19398]"
119062,"[54246, 43280, 76030, 36594, 47458, 71502, 37555, 39347, 64205, 72870]"
119063,"[15522, 94816, 97493, 74661, 77978, 56990, 58533, 33549, 19211, 58143]"
119064,"[35167, 5513, 52335, 98042, 71110, 51480, 78427, 99126, 44389, 32607]"
119065,"[43414, 38420, 39133, 49499, 58860, 69816, 62032, 29042, 24191, 24583]"
119066,"[29865, 53735, 33912, 83143, 5837, 82907, 65352, 53114, 67489, 102857]"
119067,"[24326, 40122, 71241, 36913, 107170, 53458, 104103, 38689, 17114, 38181]"
119068,"[63929, 60032, 75056, 18850, 49725, 108609, 18476, 83170, 57258, 828]"
119069,"[59843, 19238, 80266, 41087, 92108, 60148, 23986, 9633, 24225, 61341]"
119070,"[63882, 72744, 31428, 61255, 15498, 94728, 101174, 2619, 75509, 56936]"
119071,"[71666, 71313, 102697, 89842, 83205, 32918, 44972, 58373, 7949, 85032]"
119072,"[94073, 59829, 39533, 27704, 25007, 81709, 35649, 107779, 68261, 72647]"
119073,"[47150, 9112, 2029, 85538, 12524, 100836, 84282, 42494, 94972, 28875]"
119074,"[49626, 62931, 78999, 53900, 78250, 46561, 83064, 43739, 38178, 8985]"
119075,"[99377, 21290, 1253, 69562, 16528, 38954, 53316, 73111, 34716, 39107]"
119076,"[86742, 89069, 103153, 77236, 51682, 54672, 53373, 36719, 25430, 20262]"
119077,"[100193, 73978, 19979, 78711, 22248, 83703, 75018, 25011, 16226, 86963]"
119078,"[101292, 82957, 29164, 72321, 54962, 97641, 107426, 82285, 5462, 18042]"
119079,"[47403, 879, 43300, 106818, 3439, 20634, 70411, 108542, 83331, 65567]"
119080,"[28498, 42024, 62201, 78653, 43323, 52652, 40988, 65227, 90653, 56452]"
119081,"[24257, 31628, 30267, 83411, 5730, 72067, 20986, 51297, 60614, 109506]"
119082,"[81188, 41104, 97342, 32418, 79720, 10472, 55450, 21011, 13256, 89148]"
119083,"[22891, 61834, 59901, 105072, 97850, 96697, 27466, 95688, 74919, 22434]"
119084,"[3293, 58455, 2994, 89131, 49930, 42169, 96490, 81055, 99006, 109306]"
119085,"[27541, 5557, 48426, 11971, 32396, 77596, 25352, 82164, 45823, 13212]"
119086,"[38064, 51156, 57769, 54737, 3824, 102879, 8081, 86256, 63432, 41623]"
119087,"[98602, 105391, 19596, 100970, 73776, 104822, 74065, 37824, 77228, 70183]"
119088,"[38406, 8831, 56520, 108046, 29719, 7288, 57701, 99673, 95553, 42174]"
119089,"[2697, 9509, 37037, 43076, 9269, 93267, 85993, 57835, 92208, 88875]"
119090,"[54552, 63348, 2504, 97484, 40586, 104573, 15320, 12117, 53807, 45590]"
119091,"[86275, 52077, 109390, 36482, 28016, 81586, 54208, 85892, 91450, 72581]"
119092,"[92834, 52176, 99411, 101923, 2416, 10774, 21686, 1172, 43891, 80280]"
119093,"[55969, 20943, 79677, 72929, 97670, 91139, 58857, 89772, 27481, 34092]"
119094,"[100788, 32153, 83040, 106019, 2028, 57099, 37058, 86578, 34961, 11881]"
119095,"[16307, 81817, 19548, 59512, 14760, 68591, 102183, 69109, 2708, 90252]"
119096,"[85562, 50615, 90240, 48700, 32019, 102435, 29336, 27189, 23958, 105009]"
119097,"[104368, 81397, 27309, 104416, 62537, 36154, 90600, 7345, 87706, 78414]"
119098,"[39711, 95742, 59286, 89199, 66100, 109492, 96332, 53714, 29639, 44766]"
119099,"[88848, 95318, 99867, 18491, 71001, 51523, 102142, 49821, 25079, 14069]"
119100,"[22158, 82804, 75281, 34678, 3940, 88909, 95694, 101394, 98256, 1850]"
119101,"[89330, 84218, 78159, 10555, 60167, 77517, 56841, 16744, 103885, 68700]"
119102,"[23653, 83278, 80640, 9857, 79136, 107926, 45558, 60129, 50010, 48115]"
119103,"[90400, 33743, 29742, 32106, 45802, 17620, 27271, 52864, 53125, 41124]"
119104,"[10989, 91236, 85269, 44567, 60482, 13763, 85192, 82826, 86335, 8088]"
119105,"[65421, 50897, 18804, 33609, 86247, 98177, 91510, 33458, 19256, 95568]"
119106,"[8222, 18925, 57135, 68758, 2756, 67081, 90519, 74485, 36533, 75437]"
119107,"[64445, 54218, 66523, 19915, 64934, 74265, 107509, 92725, 52541, 40861]"
119108,"[18944, 42680, 81458, 2978, 68575, 87614, 9404, 69291, 98211, 97866]"
119109,"[21005, 54118, 62583, 80454, 109579, 42334, 105106, 41769, 49661, 54236]"
119110,"[38966, 53748, 75367, 94116, 32429, 48880, 75226, 15161, 73547, 96004]"
119111,"[71581, 61130, 89851, 13179, 33982, 39691, 66335, 7954, 61448, 14180]"
119112,"[53559, 22622, 25378, 96573, 66871, 74629, 37168, 52384, 78342, 72380]"
119113,"[34961, 101315, 26487, 24473, 100788, 2228, 2781, 50215, 18286, 97814]"
119114,"[54070, 68143, 100144, 43914, 45038, 22485, 107181, 101847, 85533, 33758]"
119115,"[94943, 21352, 55536, 77672, 77558, 87160, 88518, 92364, 53410, 33920]"
119116,"[25598, 92748, 44606, 84828, 108073, 42236, 40672, 77726, 6989, 83114]"
119117,"[96663, 98847, 44802, 90118, 97946, 34156, 107460, 61706, 68143, 68460]"
119118,"[46766, 69039, 49454, 78225, 59335, 65687, 30678, 38500, 77551, 97303]"
119119,"[32417, 83351, 67761, 24175, 27662, 90172, 76516, 38349, 51825, 37139]"
119120,"[59369, 74633, 107858, 95905, 3380, 64566, 103733, 49899, 82567, 43849]"
119121,"[97110, 55675, 39343, 77003, 8832, 90396, 10033, 8776, 102396, 87396]"
119122,"[23222, 39131, 98800, 52006, 7964, 56091, 44291, 11468, 25830, 48426]"
119123,"[109067, 99963, 108061, 21915, 20313, 43305, 101356, 105306, 103053, 71545]"
119124,"[106580, 80071, 49208, 100758, 69857, 95607, 68962, 49378, 41282, 66646]"
119125,"[7183, 22868, 84127, 36892, 29471, 37358, 90213, 91824, 82546, 98091]"
119126,"[85274, 70078, 98386, 66263, 28986, 80793, 51602, 69701, 7273, 40696]"
119127,"[2198, 2209, 27854, 55108, 106043, 6648, 103076, 81180, 77435, 108578]"
119128,"[5288, 85415, 4056, 5688, 63956, 39106, 109367, 86883, 69714, 6698]"
119129,"[106203, 64497, 68420, 107051, 109563, 91767, 91667, 63951, 13251, 56586]"
119130,"[51050, 16563, 14466, 69020, 91130, 76249, 13863, 58542, 80161, 96527]"
119131,"[62496, 102180, 2438, 89381, 54654, 34079, 21887, 101841, 48967, 102677]"
119132,"[44393, 99922, 96380, 38438, 19562, 50342, 27279, 7469, 53894, 29579]"
119133,"[52458, 77424, 73023, 93892, 14378, 1179, 96509, 103499, 68071, 69675]"
119134,"[54881, 80817, 66085, 5907, 77089, 95927, 89290, 95028, 70379, 48831]"
119135,"[31999, 4151, 4477, 30359, 76623, 91527, 29829, 56212, 79608, 86410]"
119136,"[33553, 66110, 59235, 37101, 67112, 90055, 63147, 23382, 18595, 39265]"
119137,"[83369, 10137, 46952, 108402, 45601, 89257, 64387, 104844, 17769, 87114]"
119138,"[14480, 96903, 104324, 102742, 25224, 58208, 12803, 89779, 20491, 17305]"
119139,"[21283, 13588, 107062, 46253, 76480, 74043, 104766, 14210, 76999, 100284]"
119140,"[89481, 82059, 83786, 44658, 13813, 32613, 39543, 68702, 41522, 97649]"
119141,"[78926, 30378, 82783, 87330, 14035, 101466, 38977, 80169, 8631, 7181]"
119142,"[18464, 90656, 65638, 37035, 7123, 63234, 53692, 20335, 66226, 43419]"
119143,"[24899, 101410, 80657, 4991, 25517, 38742, 77588, 90897, 45677, 55964]"
119144,"[6966, 26128, 37055, 63347, 88163, 25179, 12225, 41883, 78890, 92810]"
119145,"[104102, 50057, 61403, 59126, 10291, 100396, 18071, 78881, 10270, 15089]"
119146,"[74753, 16698, 108057, 7775, 17598, 20129, 3390, 21363, 1200, 30602]"
119147,"[12309, 74931, 76678, 74399, 63459, 52849, 60712, 31637, 107128, 37577]"
119148,"[83519, 23741, 20495, 45375, 37030, 69722, 96274, 69314, 79274, 58792]"
119149,"[91302, 38430, 28806, 6509, 4469, 21029, 18338, 72074, 7204, 41900]"
119150,"[49561, 12998, 36702, 7662, 74127, 83402, 74723, 67303, 97820, 34846]"
119151,"[36019, 45734, 43347, 5660, 34648, 54186, 30217, 22456, 101680, 1188]"
119152,"[79617, 91267, 25263, 80339, 5571, 39371, 93518, 81608, 44160, 15529]"
119153,"[14183, 31100, 23690, 66629, 20411, 69706, 56640, 104446, 33272, 35646]"
119154,"[40063, 73508, 99896, 79223, 87880, 101110, 75962, 76068, 36911, 75051]"
119155,"[88814, 48861, 11002, 1729, 24612, 92962, 27142, 100919, 80079, 6881]"
119156,"[58753, 43626, 43608, 25199, 47630, 13118, 100105, 103427, 31307, 80574]"
119157,"[67488, 28327, 33777, 37758, 12970, 78672, 87007, 43036, 39127, 37171]"
119158,"[8573, 87872, 10589, 28959, 54559, 40472, 38656, 84480, 4114, 45843]"
119159,"[44925, 44192, 37548, 56475, 95253, 46320, 101126, 11225, 108567, 36882]"
119160,"[94566, 28181, 109582, 55118, 25602, 70897, 15451, 47474, 61657, 103590]"
119161,"[84230, 24452, 8914, 97095, 38174, 80473, 64752, 58521, 51683, 4269]"
119162,"[28126, 7683, 68784, 42309, 106806, 75877, 35240, 71196, 46303, 40066]"
119163,"[29546, 37370, 23872, 55930, 102950, 40248, 84625, 45418, 33012, 44092]"
119164,"[89362, 79205, 20117, 106578, 47990, 99631, 42095, 7967, 101940, 28250]"
119165,"[68760, 19956, 83083, 73959, 58601, 8085, 8127, 30769, 48744, 24177]"
119166,"[72518, 69435, 7197, 55565, 92157, 54279, 97168, 50756, 27420, 4993]"
119167,"[107788, 71027, 80396, 23045, 66908, 13160, 49340, 35541, 106100, 105080]"
119168,"[106875, 85167, 47544, 47004, 73919, 35509, 40591, 76761, 68541, 4274]"
119169,"[15809, 31859, 8220, 22014, 108221, 65737, 40542, 99841, 52084, 89292]"
119170,"[1345, 34722, 67068, 21537, 50591, 98726, 56865, 37725, 103678, 14568]"
119171,"[55254, 85922, 41323, 15759, 106972, 48170, 42320, 53992, 80386, 25824]"
119172,"[6431, 31100, 43179, 31934, 19464, 92394, 76545, 11255, 82068, 87338]"
119173,"[52051, 15738, 46290, 89848, 9344, 55809, 19074, 19141, 94793, 54097]"
119174,"[67234, 92376, 59933, 73748, 25703, 100511, 66198, 49351, 95008, 65577]"
119175,"[98683, 106485, 41022, 31569, 93851, 51450, 77262, 75615, 42687, 14330]"
119176,"[16298, 23025, 83955, 19297, 37282, 32147, 41720, 105767, 76946, 56414]"
119177,"[105164, 70583, 63470, 19478, 21992, 56062, 33620, 105566, 40983, 74564]"
119178,"[76129, 36336, 57907, 34508, 55749, 42913, 23437, 60184, 81533, 87250]"
119179,"[90482, 76290, 29955, 82004, 76580, 75369, 65095, 87362, 26637, 2733]"
119180,"[84992, 89826, 20559, 5172, 33835, 47937, 16471, 19850, 89417, 95285]"
119181,"[83384, 8210, 45080, 93187, 145, 67216, 14407, 61104, 27893, 25576]"
119182,"[26336, 57063, 71367, 103053, 88086, 109141, 105148, 99963, 37844, 20313]"
119183,"[72337, 104652, 72586, 58675, 37488, 2333, 19558, 61941, 24522, 14740]"
119184,"[98809, 2956, 10109, 65270, 102294, 44095, 30957, 79221, 58711, 63378]"
119185,"[67699, 16165, 4856, 99540, 689, 83280, 46682, 3070, 107510, 52374]"
119186,"[30639, 49101, 16390, 77492, 29342, 91524, 91011, 18208, 48438, 83408]"
119187,"[59495, 97703, 72095, 102326, 29281, 80972, 48760, 21386, 32406, 98729]"
119188,"[27433, 54053, 36266, 73040, 59, 87712, 80684, 41779, 74314, 107693]"
119189,"[92319, 75114, 66604, 73032, 82204, 89125, 108129, 6342, 8350, 31083]"
119190,"[499, 8706, 21340, 26433, 82685, 78254, 92390, 63336, 88964, 85037]"
119191,"[39471, 81280, 22874, 58539, 12246, 89639, 32416, 103830, 47701, 4545]"
119192,"[23008, 75087, 50672, 60188, 100021, 102651, 92814, 106198, 61660, 12225]"
119193,"[107320, 17102, 79969, 20568, 67914, 78785, 9032, 71265, 4268, 76757]"
119194,"[40447, 80784, 81637, 21592, 48216, 56906, 63738, 28628, 58827, 76314]"
119195,"[31343, 22399, 73128, 14267, 86409, 38070, 65024, 13370, 27065, 32021]"
119196,"[101560, 34051, 96486, 47726, 108148, 73551, 99982, 17853, 102082, 6216]"
119197,"[86374, 3010, 18200, 65479, 59639, 39323, 92008, 13033, 49753, 5374]"
119198,"[73391, 57957, 90975, 40950, 96127, 9405, 88730, 89867, 34856, 104033]"
119199,"[78096, 86934, 52207, 34808, 20282, 38336, 15074, 41695, 13503, 68939]"
119200,"[10594, 49899, 95905, 64566, 103733, 43849, 109772, 59369, 74633, 3380]"
119201,"[14199, 7081, 56863, 49042, 81018, 41791, 9949, 3639, 17619, 42987]"
119202,"[52408, 68443, 106296, 53153, 31535, 63276, 39018, 7302, 27248, 9059]"
119203,"[97158, 92353, 9215, 88822, 58711, 58359, 23196, 88187, 82663, 27729]"
119204,"[42866, 85612, 65874, 14325, 90644, 90532, 29961, 44474, 10788, 100611]"
119205,"[11122, 58657, 68542, 91651, 105683, 93914, 63312, 49663, 87033, 37941]"
119206,"[98584, 85667, 100912, 60749, 14725, 38275, 11251, 79490, 32629, 25138]"
119207,"[30986, 31736, 79949, 28348, 28106, 53210, 35077, 66170, 48691, 52188]"
119208,"[98856, 43625, 7216, 6820, 72317, 80438, 18061, 59611, 7813, 35062]"
119209,"[89622, 27836, 13574, 35788, 44625, 99613, 109264, 40552, 31063, 52503]"
119210,"[61412, 6077, 41872, 89089, 108626, 38236, 60276, 16023, 103161, 109537]"
119211,"[57392, 14580, 101922, 9270, 8790, 1413, 68423, 35048, 69480, 102523]"
119212,"[92204, 71127, 20911, 29641, 39734, 525, 64115, 27759, 13633, 25177]"
119213,"[13282, 32860, 16288, 45830, 69303, 85066, 7172, 58308, 87209, 91510]"
119214,"[57882, 77843, 88502, 89307, 82885, 59486, 79242, 30591, 79878, 50820]"
119215,"[85211, 65431, 79243, 97121, 54666, 72137, 80723, 73968, 12646, 75548]"
119216,"[31585, 42691, 7438, 95114, 56278, 21219, 11977, 78502, 58514, 64524]"
119217,"[94295, 1831, 75366, 46309, 8020, 37971, 61831, 67794, 107393, 24600]"
119218,"[60284, 17807, 41718, 72612, 8990, 31267, 13558, 57487, 79569, 65471]"
119219,"[105825, 79150, 63021, 29467, 39904, 10080, 44979, 91041, 89751, 47013]"
119220,"[77949, 88736, 49907, 68982, 39154, 34654, 107850, 75551, 11109, 21187]"
119221,"[94844, 107527, 39728, 46268, 84707, 68454, 106113, 61071, 97183, 76006]"
119222,"[62019, 68345, 97157, 40991, 28992, 100276, 108466, 3909, 3765, 104447]"
119223,"[24427, 70099, 55155, 83185, 84269, 50176, 68236, 74890, 12492, 100184]"
119224,"[41943, 91910, 3794, 23369, 96092, 97067, 31656, 8973, 98853, 93211]"
119225,"[65334, 89515, 57737, 27772, 100177, 22003, 53899, 104475, 67353, 50048]"
119226,"[61711, 7094, 102526, 48631, 79914, 107380, 32557, 34142, 71993, 58509]"
119227,"[50854, 36932, 88783, 73686, 102490, 3580, 7458, 68945, 51228, 53115]"
119228,"[90612, 24657, 37214, 58726, 89557, 40019, 78215, 64055, 72038, 14988]"
119229,"[41339, 79767, 90446, 63480, 4705, 88597, 77926, 32012, 103205, 32301]"
119230,"[91013, 26204, 8896, 57789, 61704, 85986, 54990, 33713, 96018, 56086]"
119231,"[26812, 33102, 86028, 97092, 58453, 70594, 94664, 89290, 104036, 12861]"
119232,"[97548, 53478, 27768, 82274, 77761, 109565, 12270, 85928, 49978, 25723]"
119233,"[14525, 77863, 49329, 59122, 54919, 90321, 52104, 29057, 16257, 9269]"
119234,"[76226, 106402, 71958, 43254, 87871, 85281, 19458, 53651, 77972, 97506]"
119235,"[84603, 37120, 86734, 1683, 78900, 62040, 47438, 38059, 49812, 66156]"
119236,"[55598, 25091, 85408, 105056, 40161, 22727, 81956, 64839, 297, 100685]"
119237,"[90344, 91759, 63039, 63055, 56671, 792, 99444, 59432, 24503, 88772]"
119238,"[104819, 104343, 43203, 57054, 69256, 50150, 50355, 39480, 60271, 18922]"
119239,"[28885, 108731, 72393, 44001, 6113, 108196, 108484, 81010, 84143, 16730]"
119240,"[86534, 37025, 74713, 24035, 22019, 105415, 24484, 89518, 70870, 1428]"
119241,"[21311, 92143, 78611, 7012, 2522, 105716, 53411, 24960, 61478, 51431]"
119242,"[38360, 78022, 35830, 93975, 99605, 22048, 65673, 105823, 54164, 71100]"
119243,"[79942, 43886, 80774, 39179, 45710, 45446, 31185, 57278, 86166, 14269]"
119244,"[62716, 21728, 100514, 100988, 53860, 68518, 36081, 26553, 56042, 85611]"
119245,"[64033, 95619, 65731, 7204, 55292, 71514, 25483, 54503, 78740, 97809]"
119246,"[35817, 63010, 57566, 45598, 75470, 59578, 33627, 36321, 8373, 52059]"
119247,"[74684, 1315, 38351, 106162, 42699, 70677, 30039, 94114, 94026, 50474]"
119248,"[4538, 71848, 17405, 97710, 1810, 94076, 77917, 8070, 4402, 97027]"
119249,"[80758, 51744, 46502, 25183, 39128, 81399, 82977, 17536, 108120, 102621]"
119250,"[50564, 65812, 55528, 46147, 22597, 47394, 75000, 106678, 106762, 48886]"
119251,"[65317, 105349, 71583, 42212, 78842, 2072, 52411, 18699, 50451, 5638]"
119252,"[92491, 33257, 50332, 83304, 22973, 98618, 100993, 58332, 17263, 83806]"
119253,"[32912, 40908, 9841, 70844, 47686, 109462, 32453, 22478, 43760, 26013]"
119254,"[99646, 2413, 54760, 45936, 87908, 101681, 52, 107529, 51215, 26160]"
119255,"[44480, 103737, 78757, 27758, 67977, 65301, 98864, 76393, 38024, 4806]"
119256,"[89566, 106434, 92617, 47901, 14600, 83862, 86674, 35853, 605, 92342]"
119257,"[24257, 72067, 73946, 51297, 79689, 28488, 83411, 60614, 94440, 307]"
119258,"[106271, 26465, 61547, 26015, 39034, 49952, 9516, 70643, 70095, 48767]"
119259,"[89246, 1972, 30371, 79577, 72513, 108691, 81929, 97518, 33172, 25721]"
119260,"[93124, 13829, 30200, 4212, 99998, 34940, 16606, 92145, 66744, 3142]"
119261,"[53314, 33142, 89409, 8288, 43052, 49079, 85461, 103271, 47128, 56603]"
119262,"[25296, 95287, 21762, 41234, 98051, 3705, 45530, 41571, 7279, 30722]"
119263,"[44751, 67094, 105912, 36675, 96371, 22282, 29544, 7879, 68758, 82427]"
119264,"[41733, 104430, 69828, 13030, 19845, 43438, 62455, 34488, 30503, 60245]"
119265,"[105677, 83827, 56155, 84203, 2805, 47, 11355, 107503, 84980, 103062]"
119266,"[106708, 4909, 92331, 8861, 27934, 67738, 96161, 7946, 73309, 97511]"
119267,"[62075, 31824, 76926, 60365, 70052, 102489, 63210, 4456, 60132, 893]"
119268,"[31912, 20592, 85616, 98574, 70837, 88910, 45467, 22796, 59654, 58322]"
119269,"[109500, 82440, 70257, 98891, 5950, 106522, 73567, 31594, 62833, 57613]"
119270,"[24256, 45283, 106626, 2584, 52373, 64340, 20416, 47769, 13899, 52268]"
119271,"[33014, 58058, 4129, 50013, 46279, 103027, 70114, 60807, 23852, 42268]"
119272,"[32683, 52079, 108827, 58121, 42198, 58208, 102667, 47521, 17305, 25224]"
119273,"[11954, 107990, 65983, 94814, 51130, 55800, 90105, 27136, 10002, 93350]"
119274,"[20857, 109408, 33858, 100682, 63807, 42994, 21315, 68089, 59655, 30375]"
119275,"[100121, 60884, 38591, 42076, 67163, 82406, 45814, 97499, 94387, 19694]"
119276,"[46612, 11337, 67345, 20529, 54857, 42994, 9287, 57383, 49599, 74813]"
119277,"[47613, 17306, 96146, 81664, 73823, 27094, 97479, 18341, 50843, 88210]"
119278,"[84605, 95841, 97734, 67605, 59353, 58175, 50123, 89204, 70068, 71856]"
119279,"[20757, 66971, 36662, 12435, 23634, 93515, 68990, 6920, 77535, 55513]"
119280,"[20352, 14851, 34999, 5962, 5956, 77170, 87018, 109613, 89163, 89346]"
119281,"[68967, 103129, 1906, 90492, 102549, 90254, 48537, 99696, 15548, 31534]"
119282,"[49221, 59835, 52888, 59471, 92980, 78972, 64067, 104364, 28641, 57813]"
119283,"[12783, 98104, 99516, 59166, 19137, 96592, 8694, 18751, 108401, 40309]"
119284,"[36610, 43744, 7567, 93747, 33376, 107083, 64647, 106681, 82250, 30191]"
119285,"[61409, 48620, 28913, 85727, 18739, 59901, 73460, 86764, 68662, 2495]"
119286,"[105628, 72839, 68631, 25296, 16488, 61961, 98051, 66422, 52212, 44673]"
119287,"[55393, 108355, 35327, 78844, 105724, 10539, 89836, 92628, 80755, 100608]"
119288,"[36418, 56156, 81618, 80836, 51106, 79752, 94240, 26057, 26327, 24545]"
119289,"[57845, 18081, 19938, 98655, 54989, 79393, 109617, 107659, 53449, 86613]"
119290,"[74645, 91094, 48685, 90450, 21615, 82150, 29706, 92468, 104907, 81757]"
119291,"[23155, 41518, 20153, 106756, 65725, 15240, 57522, 74190, 106223, 54951]"
119292,"[109146, 78886, 74569, 7077, 1208, 80670, 66474, 7833, 108265, 103229]"
119293,"[49568, 71437, 16578, 55447, 33002, 87155, 2409, 7792, 801, 59623]"
119294,"[34969, 19643, 25568, 49868, 52972, 104121, 41265, 47490, 13874, 9564]"
119295,"[31950, 100800, 62486, 71266, 52163, 12161, 44157, 55843, 47255, 33092]"
119296,"[3636, 71267, 21782, 90470, 103194, 90307, 8194, 78930, 103966, 102376]"
119297,"[31563, 104207, 85510, 54904, 53449, 106634, 21821, 43704, 102749, 89272]"
119298,"[63756, 59877, 32549, 106531, 25867, 101144, 17453, 3440, 22917, 51411]"
119299,"[37204, 64146, 39085, 76884, 31514, 47245, 16822, 71749, 45085, 19899]"
119300,"[107940, 50529, 54234, 88189, 32086, 71641, 60163, 74916, 41731, 16642]"
119301,"[100328, 95731, 78731, 37872, 36543, 55918, 85321, 96614, 17426, 79033]"
119302,"[40548, 71342, 103541, 37291, 59022, 63914, 11393, 89824, 17895, 39190]"
119303,"[89923, 8598, 71942, 47880, 58669, 75192, 106850, 4230, 23883, 43563]"
119304,"[48266, 5156, 41411, 105182, 97396, 104344, 52410, 90683, 50245, 63790]"
119305,"[103461, 108518, 7366, 7886, 47357, 88392, 65579, 41745, 20750, 51056]"
119306,"[89108, 77195, 38681, 38145, 33093, 87693, 11858, 37203, 20749, 23450]"
119307,"[59995, 80203, 10069, 21156, 86242, 102253, 97322, 63595, 60747, 72073]"
119308,"[36094, 65581, 109751, 48754, 9603, 57857, 65307, 100931, 72807, 96583]"
119309,"[9582, 62035, 15126, 4384, 17421, 22786, 70758, 58104, 56384, 59642]"
119310,"[35799, 28956, 105447, 5697, 27146, 23717, 6840, 11959, 87495, 40220]"
119311,"[5866, 79331, 7909, 77223, 93460, 63410, 45982, 108435, 89080, 77013]"
119312,"[31469, 77024, 20433, 55877, 60161, 26455, 32812, 14746, 4107, 27986]"
119313,"[7995, 1470, 98538, 36358, 24129, 40766, 10087, 23012, 70451, 4131]"
119314,"[74647, 70096, 27579, 78317, 59765, 10094, 53548, 45842, 34154, 65440]"
119315,"[92933, 89845, 94368, 74967, 40800, 44774, 71273, 43462, 70881, 52618]"
119316,"[71012, 48113, 20654, 82909, 30824, 18977, 2383, 64980, 5766, 89129]"
119317,"[3727, 43631, 90375, 52301, 84730, 100380, 7544, 34151, 29208, 1923]"
119318,"[101519, 9338, 32087, 44477, 44202, 9559, 74787, 79974, 16781, 60819]"
119319,"[89743, 48841, 39404, 81997, 43657, 3134, 86769, 4914, 100310, 105832]"
119320,"[46637, 32728, 68831, 50584, 20008, 72316, 32940, 68858, 61786, 91950]"
119321,"[45301, 91012, 92369, 92735, 102222, 39353, 42020, 61140, 51544, 81099]"
119322,"[5754, 74116, 64857, 34400, 31084, 41315, 54592, 3705, 13727, 48431]"
119323,"[16660, 40417, 84879, 50937, 99507, 2849, 40038, 76916, 58496, 58892]"
119324,"[90700, 42216, 22845, 3702, 16885, 72483, 92257, 60971, 19954, 50751]"
119325,"[70489, 83324, 71961, 9346, 5937, 42124, 20976, 7282, 104265, 13628]"
119326,"[22098, 67579, 38109, 51066, 14705, 55400, 31156, 32603, 30170, 60991]"
119327,"[92561, 20876, 61520, 88268, 3437, 13458, 46738, 38605, 97287, 78271]"
119328,"[18804, 51474, 78460, 41362, 13096, 30623, 35217, 5500, 101477, 16214]"
119329,"[65912, 22365, 95834, 35947, 8197, 50364, 40023, 55432, 73749, 11134]"
119330,"[54928, 66640, 21624, 50908, 59456, 98027, 28582, 13536, 66648, 50810]"
119331,"[53398, 37112, 3736, 68689, 41900, 7708, 19614, 95155, 52395, 64033]"
119332,"[19696, 54268, 84837, 61847, 99349, 108808, 73746, 71111, 63197, 97656]"
119333,"[93102, 28551, 11988, 18142, 31280, 65465, 42838, 47975, 24642, 2287]"
119334,"[70151, 72745, 43837, 214, 97173, 82087, 107248, 87309, 10912, 5135]"
119335,"[63798, 48786, 83568, 21618, 40516, 88871, 21369, 86444, 23480, 16818]"
119336,"[84551, 25998, 72548, 99962, 6061, 106301, 42079, 18516, 18177, 35384]"
119337,"[39720, 83392, 45921, 30461, 50445, 81281, 71300, 54147, 108050, 8412]"
119338,"[72975, 46925, 54111, 40339, 59598, 66090, 44330, 90475, 74999, 19502]"
119339,"[12988, 18123, 92560, 104932, 3208, 104124, 82747, 49696, 17475, 89970]"
119340,"[60845, 79043, 48698, 17924, 75378, 25958, 56991, 36521, 105327, 33557]"
119341,"[101469, 83148, 10765, 109282, 1594, 106644, 101833, 73509, 60124, 67218]"
119342,"[40927, 12307, 4554, 87239, 49031, 84748, 20793, 100976, 92348, 73099]"
119343,"[51398, 90837, 24905, 19430, 37868, 16912, 75093, 20028, 1429, 31414]"
119344,"[28302, 79765, 18012, 107761, 75751, 6712, 61175, 58353, 94238, 82272]"
119345,"[44441, 89312, 65762, 18125, 70950, 44909, 62990, 30427, 62368, 57471]"
119346,"[72344, 6163, 64488, 86612, 105961, 30549, 39447, 51787, 59356, 77469]"
119347,"[73573, 79098, 100908, 27846, 79833, 47371, 67419, 103467, 101125, 33122]"
119348,"[86463, 80149, 60166, 30834, 98439, 104710, 12376, 6066, 57125, 17461]"
119349,"[108326, 80742, 81459, 31070, 17916, 51610, 36948, 95316, 8169, 83932]"
119350,"[4955, 78666, 86798, 94598, 64563, 64525, 3892, 58534, 74066, 28109]"
119351,"[7153, 86104, 6513, 18604, 6606, 89888, 25928, 17090, 105039, 43616]"
119352,"[83129, 36915, 33137, 68358, 6851, 60, 61813, 90145, 46405, 31657]"
119353,"[82560, 62279, 98503, 41341, 82735, 56903, 88113, 64694, 129, 21793]"
119354,"[1904, 26112, 90052, 85757, 64525, 49684, 60536, 33440, 68589, 10703]"
119355,"[29582, 89181, 13371, 65606, 15860, 72896, 10794, 12525, 50761, 98666]"
119356,"[90854, 93275, 64485, 50846, 990, 8094, 71815, 51192, 9899, 62268]"
119357,"[4500, 23688, 46867, 92594, 67009, 43257, 79877, 43323, 53634, 102039]"
119358,"[78162, 71748, 23966, 18818, 6781, 42284, 30892, 30732, 56015, 6099]"
119359,"[48784, 98374, 33438, 28709, 54213, 107900, 70006, 71238, 20066, 38753]"
119360,"[79940, 32610, 69179, 32, 89617, 24221, 37036, 106490, 40623, 22985]"
119361,"[82078, 9805, 91168, 88731, 59012, 46038, 108283, 83998, 27484, 10745]"
119362,"[59848, 38541, 75401, 64631, 62296, 64313, 76396, 22501, 22740, 45710]"
119363,"[81072, 106347, 93197, 1372, 221, 59385, 26551, 107657, 104838, 20678]"
119364,"[87091, 38383, 44341, 51623, 88041, 63535, 54517, 61983, 91906, 96797]"
119365,"[76031, 8368, 93183, 108148, 102082, 103082, 59992, 5480, 17853, 47726]"
119366,"[108717, 8963, 104124, 20673, 82747, 83806, 56668, 74820, 108041, 21183]"
119367,"[20813, 104703, 88994, 102161, 63415, 55795, 74631, 90024, 78827, 78263]"
119368,"[89627, 31046, 26695, 3486, 98995, 74937, 96304, 105759, 29717, 23074]"
119369,"[6623, 17655, 103422, 63244, 25172, 31491, 1386, 54455, 67404, 19436]"
119370,"[106250, 56160, 37618, 76128, 92320, 80596, 83076, 65656, 69439, 97787]"
119371,"[85014, 23056, 86085, 50110, 106724, 107891, 59005, 25356, 25714, 81524]"
119372,"[82296, 106489, 7965, 82180, 87741, 26632, 20941, 26836, 48893, 33149]"
119373,"[35226, 89782, 83757, 53230, 54985, 310, 22783, 82223, 32006, 19153]"
119374,"[45093, 67953, 77588, 55372, 86637, 86641, 21709, 42847, 85501, 80146]"
119375,"[15591, 53152, 90278, 19726, 77916, 36852, 55394, 32915, 26914, 12755]"
119376,"[30080, 87195, 4476, 95019, 107518, 8364, 53669, 70806, 107726, 40576]"
119377,"[48145, 28413, 84200, 66392, 102800, 80634, 85716, 49954, 23831, 5677]"
119378,"[101849, 15595, 36056, 68881, 40781, 538, 92539, 90232, 105570, 107705]"
119379,"[40305, 28515, 58668, 106126, 57704, 107083, 33139, 100874, 86185, 40173]"
119380,"[22161, 84641, 3519, 44269, 2069, 74624, 88259, 106833, 67570, 3471]"
119381,"[42262, 102195, 11626, 4626, 89673, 57295, 85715, 4802, 47282, 67505]"
119382,"[103750, 34106, 57709, 5681, 4648, 43665, 93527, 71457, 77193, 45650]"
119383,"[37120, 86734, 47438, 25880, 62040, 84603, 42091, 2331, 88485, 21909]"
119384,"[35803, 23133, 26865, 6644, 22390, 17595, 51199, 76966, 32521, 71597]"
119385,"[4759, 3394, 92349, 74417, 65842, 104836, 69772, 17348, 38916, 61354]"
119386,"[53653, 53535, 66280, 76843, 106743, 94460, 17468, 35910, 43637, 57525]"
119387,"[24800, 62326, 7225, 109733, 88596, 104993, 60523, 2636, 38536, 19646]"
119388,"[73208, 60167, 77517, 35423, 68700, 44415, 84218, 44370, 4393, 31387]"
119389,"[77360, 109344, 86938, 71154, 68563, 72970, 97319, 93646, 78755, 49942]"
119390,"[65376, 87246, 8934, 43274, 55145, 99289, 16490, 2927, 8299, 8460]"
119391,"[62220, 19454, 73868, 5364, 58036, 88301, 67973, 57049, 57200, 28549]"
119392,"[83585, 7246, 1651, 64055, 53048, 50740, 26458, 69318, 84776, 89557]"
119393,"[34070, 23139, 84882, 56688, 42441, 105595, 44956, 32532, 31832, 21750]"
119394,"[57757, 27882, 87663, 25436, 40844, 30946, 76225, 11590, 72694, 92292]"
119395,"[62659, 1299, 105648, 69978, 104964, 95427, 84426, 13907, 16687, 103401]"
119396,"[1447, 43834, 44679, 56382, 18752, 56884, 99792, 58648, 62647, 36446]"
119397,"[81200, 54701, 23070, 14397, 24927, 22206, 89788, 94726, 79574, 29486]"
119398,"[33755, 33590, 35023, 59768, 105711, 93470, 11932, 2900, 87398, 102285]"
119399,"[23995, 10499, 74282, 53003, 45355, 62760, 62769, 88683, 6837, 15933]"
119400,"[90677, 18958, 65426, 64188, 77291, 25312, 62704, 51405, 60772, 1370]"
119401,"[77154, 100700, 52294, 92487, 104267, 104596, 95347, 53295, 99438, 78098]"
119402,"[94479, 39656, 14162, 74443, 14306, 41820, 5579, 94400, 59049, 77328]"
119403,"[9418, 7183, 29198, 49016, 58423, 104908, 88946, 36837, 107570, 82401]"
119404,"[103929, 79101, 31012, 93222, 88741, 103973, 79695, 76308, 97323, 80067]"
119405,"[74410, 10305, 27960, 47353, 42796, 39231, 73456, 48557, 31381, 92827]"
119406,"[69828, 21113, 43438, 67478, 60252, 41733, 54022, 43160, 108864, 86282]"
119407,"[5829, 9451, 10286, 54865, 39142, 31679, 2309, 6956, 1539, 77823]"
119408,"[75045, 101904, 39652, 93228, 63628, 4055, 8195, 36681, 37605, 92656]"
119409,"[74914, 69368, 18543, 17938, 31296, 95092, 18719, 19095, 10074, 87986]"
119410,"[74666, 95877, 106177, 16061, 20745, 99823, 19678, 29569, 19449, 23840]"
119411,"[101557, 12882, 71468, 33756, 37857, 45759, 2206, 97668, 83599, 11234]"
119412,"[109012, 83787, 52827, 23577, 11591, 77787, 93188, 33714, 43587, 19501]"
119413,"[33401, 55783, 36241, 21379, 100909, 32881, 32828, 63146, 40617, 70815]"
119414,"[78086, 32124, 13880, 32649, 31741, 63719, 100105, 47476, 10421, 40538]"
119415,"[52656, 3048, 38492, 67756, 109658, 2430, 73774, 28809, 75996, 12398]"
119416,"[10222, 108774, 18116, 46025, 16072, 16596, 68050, 92556, 30940, 16174]"
119417,"[1091, 92604, 54959, 39525, 18640, 99814, 68334, 59629, 59475, 1495]"
119418,"[106264, 74973, 44900, 109205, 90028, 37305, 71898, 36387, 97849, 53547]"
119419,"[56235, 100355, 16070, 12581, 63065, 17423, 77483, 84392, 33984, 78538]"
119420,"[79949, 81432, 97528, 105985, 69688, 66079, 85043, 491, 56593, 65001]"
119421,"[20241, 58874, 11891, 56381, 52709, 13979, 94289, 108325, 105883, 1769]"
119422,"[10025, 32060, 11299, 69491, 107979, 36478, 74224, 55491, 55183, 63226]"
119423,"[61325, 75160, 31503, 74797, 107216, 14168, 31540, 61103, 29470, 76573]"
119424,"[95904, 8090, 69191, 28848, 72232, 25769, 69763, 20383, 57054, 20853]"
119425,"[6339, 68754, 21606, 102762, 35989, 21313, 54488, 16849, 23590, 20583]"
119426,"[95113, 17123, 31463, 34063, 106966, 18857, 2511, 107664, 91301, 89214]"
119427,"[33166, 94221, 97644, 74685, 89987, 85102, 18002, 108131, 45888, 62495]"
119428,"[52970, 70693, 11430, 82516, 54169, 72678, 32813, 87740, 28865, 80962]"
119429,"[1546, 57116, 38502, 49742, 89023, 48655, 41289, 8884, 10462, 59168]"
119430,"[19195, 24353, 25141, 47532, 75885, 94920, 103481, 87478, 1133, 18653]"
119431,"[59157, 83803, 28025, 65423, 67465, 67052, 102540, 54886, 44106, 61690]"
119432,"[7174, 74951, 23983, 92029, 19796, 57870, 62755, 68069, 92726, 1817]"
119433,"[35361, 38818, 95594, 83990, 9569, 280, 33345, 103484, 96346, 18351]"
119434,"[35307, 99113, 11794, 94622, 92770, 9919, 37477, 48937, 71191, 70935]"
119435,"[72735, 3923, 97015, 95347, 53295, 39623, 26042, 109423, 21098, 63869]"
119436,"[37561, 29804, 48423, 97765, 11853, 68737, 65082, 32901, 75080, 25053]"
119437,"[2082, 97275, 104960, 19093, 40981, 67908, 23182, 60723, 34156, 96267]"
119438,"[54921, 62229, 85603, 18610, 99402, 51007, 6410, 13279, 72741, 16318]"
119439,"[107339, 70658, 80312, 82793, 63594, 35923, 90002, 16128, 7498, 2253]"
119440,"[37286, 94074, 60653, 19165, 39394, 107573, 41882, 39441, 49253, 2072]"
119441,"[27086, 57956, 64148, 33883, 35425, 58324, 33941, 103552, 90992, 42994]"
119442,"[58560, 54524, 18636, 62460, 88889, 66296, 2264, 78737, 74694, 61773]"
119443,"[44018, 68651, 21690, 52606, 13103, 12684, 72460, 75286, 83504, 67795]"
119444,"[50763, 96416, 76354, 56128, 33207, 93900, 87423, 89492, 47491, 100967]"
119445,"[76009, 102720, 4725, 95137, 54043, 35315, 20392, 25971, 81171, 69375]"
119446,"[81439, 106865, 50630, 105999, 85297, 523, 87680, 97486, 109004, 77238]"
119447,"[150, 30290, 3688, 76466, 107964, 60566, 53078, 95054, 38872, 28530]"
119448,"[57305, 21482, 86400, 93326, 57481, 86153, 54087, 16659, 98118, 43027]"
119449,"[78975, 42419, 86665, 29978, 53874, 2458, 102589, 31519, 68599, 91917]"
119450,"[89372, 106250, 76128, 97787, 6215, 11473, 99245, 7925, 80596, 5544]"
119451,"[12410, 85118, 33246, 27819, 14968, 82033, 83837, 52224, 23672, 62139]"
119452,"[25545, 30731, 7894, 63261, 81343, 102783, 44503, 3474, 40740, 7771]"
119453,"[97612, 39530, 65373, 60112, 1445, 24039, 579, 17673, 68873, 84749]"
119454,"[34815, 87152, 6939, 75492, 86893, 11180, 84813, 74706, 44173, 9380]"
119455,"[24966, 29755, 107865, 85563, 97283, 48002, 30117, 28262, 98177, 10297]"
119456,"[9755, 84108, 21659, 54603, 53068, 44005, 88129, 11495, 22572, 96105]"
119457,"[18852, 98749, 72069, 78816, 31980, 30573, 45408, 52206, 75113, 30661]"
119458,"[22351, 9534, 44418, 22488, 104197, 75249, 34442, 34638, 83654, 109373]"
119459,"[79733, 80160, 73234, 8991, 52015, 13458, 92255, 27730, 9021, 3437]"
119460,"[38351, 12942, 98020, 68490, 94114, 94026, 103977, 62921, 88573, 109231]"
119461,"[73108, 77808, 98657, 35391, 61842, 96592, 55317, 46677, 97422, 11633]"
119462,"[36022, 988, 81694, 96352, 92714, 98618, 76600, 101542, 62046, 5176]"
119463,"[14911, 13055, 66053, 15665, 77623, 92698, 54388, 84991, 101172, 62575]"
119464,"[89084, 102522, 74244, 5213, 24791, 40431, 75052, 86276, 14487, 9775]"
119465,"[33147, 81098, 80301, 25729, 26546, 49049, 65523, 83508, 92502, 6789]"
119466,"[58266, 77016, 91134, 4137, 78619, 66990, 28123, 93484, 84616, 31154]"
119467,"[87540, 47062, 74629, 96573, 37168, 22622, 61820, 58528, 96540, 78342]"
119468,"[85400, 106963, 38429, 21517, 73029, 38510, 102108, 49232, 71425, 8019]"
119469,"[19670, 99280, 87883, 71553, 25614, 15100, 26051, 29082, 7208, 100413]"
119470,"[22164, 82212, 78430, 75737, 40960, 107409, 31847, 35773, 46753, 39132]"
119471,"[103028, 745, 71768, 9460, 28750, 90526, 107828, 35490, 1003, 63237]"
119472,"[16661, 6579, 72965, 58455, 2994, 50189, 83082, 49930, 96325, 67959]"
119473,"[72957, 6838, 95810, 19391, 84612, 54159, 45286, 39141, 85421, 59270]"
119474,"[16382, 60442, 29282, 52084, 95204, 41098, 99622, 8747, 87021, 49249]"
119475,"[44494, 36322, 23086, 94403, 65947, 86209, 92877, 29703, 97453, 90922]"
119476,"[70151, 43837, 52904, 107248, 72745, 5626, 87309, 10912, 82087, 5135]"
119477,"[10465, 35487, 11500, 107794, 73291, 40956, 45265, 36876, 80557, 29679]"
119478,"[74500, 59519, 50680, 87231, 74911, 63761, 45783, 84271, 13074, 109595]"
119479,"[75587, 106235, 66451, 90730, 69307, 33319, 9342, 22184, 80164, 5812]"
119480,"[71838, 55404, 55887, 33105, 27196, 89528, 69002, 60560, 32593, 59016]"
119481,"[2513, 43413, 71936, 47060, 97474, 60814, 90725, 66131, 9881, 55513]"
119482,"[109758, 25734, 68737, 65082, 79111, 48423, 16580, 54557, 109165, 97765]"
119483,"[44714, 30636, 11156, 73466, 93311, 21164, 54988, 102997, 61431, 8367]"
119484,"[41455, 20467, 9816, 89455, 57654, 66150, 2970, 20571, 88574, 83370]"
119485,"[15084, 59479, 13875, 38421, 74758, 14340, 7186, 3650, 51452, 13141]"
119486,"[80293, 19603, 84437, 72035, 3739, 40869, 41778, 14894, 46111, 1048]"
119487,"[84337, 64717, 12605, 86701, 70649, 44189, 7383, 98595, 55079, 101897]"
119488,"[92657, 9959, 6522, 20036, 91731, 52048, 1979, 97616, 18952, 73648]"
119489,"[84547, 23702, 77982, 106066, 104875, 36586, 36678, 1144, 103443, 94921]"
119490,"[100769, 107333, 60067, 24297, 106123, 56621, 21409, 73571, 65475, 103606]"
119491,"[27575, 20293, 79835, 65551, 53516, 48673, 56408, 42893, 80195, 38685]"
119492,"[77630, 66746, 95500, 108494, 20760, 7599, 94297, 22266, 66090, 38493]"
119493,"[3971, 24625, 79662, 47850, 96072, 33768, 38863, 60294, 98181, 2130]"
119494,"[56045, 91036, 41285, 67149, 62695, 65567, 76609, 92765, 66849, 85509]"
119495,"[75213, 23675, 36512, 80343, 54483, 3475, 53191, 21337, 65749, 53678]"
119496,"[99258, 51495, 22331, 93606, 7399, 85490, 86713, 100642, 27535, 16268]"
119497,"[90106, 28333, 58169, 71265, 4268, 94232, 29478, 201, 39161, 58806]"
119498,"[103825, 100777, 55574, 87821, 67546, 76914, 3476, 83845, 4080, 58867]"
119499,"[23435, 17941, 22047, 88973, 3209, 107971, 101512, 14675, 56926, 29425]"
119500,"[89838, 5606, 76955, 37569, 31995, 5996, 96248, 10721, 48943, 29579]"
119501,"[56893, 106935, 59709, 15995, 40320, 77300, 62461, 13652, 87747, 58564]"
119502,"[17933, 70295, 42292, 57270, 49258, 73509, 11833, 67218, 34926, 52235]"
119503,"[107101, 67295, 139, 95445, 71186, 5753, 49414, 72029, 4749, 46059]"
119504,"[84394, 31260, 67145, 15343, 103612, 95976, 19541, 94134, 66065, 10401]"
119505,"[71661, 63261, 43650, 62998, 70081, 34984, 100837, 23439, 8473, 46443]"
119506,"[533, 64551, 25780, 69957, 84775, 20295, 39734, 40544, 23911, 76779]"
119507,"[23252, 79718, 38914, 52484, 93480, 101288, 28956, 4652, 22224, 6337]"
119508,"[38222, 15986, 85092, 20440, 8050, 68386, 16445, 15508, 40272, 37282]"
119509,"[85087, 20383, 29984, 29583, 69191, 38706, 15049, 70804, 42460, 98422]"
119510,"[35380, 3412, 109207, 91487, 41414, 52598, 52548, 83384, 96945, 6669]"
119511,"[48501, 94893, 99479, 50275, 50272, 32295, 12881, 94544, 24245, 64836]"
119512,"[52494, 13152, 104069, 74689, 97021, 90033, 91063, 98997, 100209, 71885]"
119513,"[74049, 22634, 34677, 21460, 77361, 101457, 11267, 81510, 55616, 21671]"
119514,"[52033, 103414, 6073, 55670, 27508, 69988, 47322, 58782, 17272, 64111]"
119515,"[62710, 89513, 42026, 1140, 101047, 1156, 75558, 52265, 45479, 65019]"
119516,"[7004, 85723, 86364, 41496, 49395, 25571, 29179, 27002, 17262, 50447]"
119517,"[105022, 42755, 1003, 9460, 38004, 97761, 48742, 43514, 71768, 6058]"
119518,"[107549, 98226, 97889, 19968, 57913, 41462, 33065, 5512, 85332, 79534]"
119519,"[59831, 91585, 8459, 40484, 43454, 11509, 11083, 16100, 62947, 23791]"
119520,"[49599, 11337, 65279, 105680, 2721, 14129, 20529, 18727, 6080, 57383]"
119521,"[59446, 29542, 65181, 79302, 97343, 54245, 61640, 68542, 80079, 64847]"
119522,"[102241, 8493, 88278, 1939, 15784, 4602, 93994, 104819, 53844, 74421]"
119523,"[41526, 96499, 2969, 48284, 92360, 79888, 93327, 88863, 95945, 93203]"
119524,"[105436, 102151, 1692, 75192, 17689, 4127, 42748, 90582, 21429, 19284]"
119525,"[4648, 75562, 34106, 58856, 93042, 15627, 35340, 43999, 43665, 93527]"
119526,"[82794, 64108, 1281, 5072, 92982, 92297, 108868, 92562, 31347, 89792]"
119527,"[2970, 20337, 36866, 96886, 5437, 31508, 103070, 78999, 21674, 62733]"
119528,"[96517, 104712, 14343, 35420, 33690, 14838, 17336, 59763, 102608, 11622]"
119529,"[70923, 83322, 37999, 84502, 78619, 80738, 62529, 28323, 63715, 2266]"
119530,"[17985, 35906, 96509, 20291, 14421, 69836, 27251, 74168, 82011, 103705]"
119531,"[49000, 31070, 62906, 36338, 100556, 5474, 81934, 17008, 68884, 35573]"
119532,"[51799, 42872, 96344, 35618, 107437, 63248, 93150, 80210, 41757, 40880]"
119533,"[101032, 87365, 76780, 84458, 103435, 17456, 82989, 54912, 68905, 22351]"
119534,"[95709, 20999, 68269, 54911, 37957, 39145, 38036, 105884, 53620, 89700]"
119535,"[11101, 60435, 52425, 89897, 107724, 88081, 109586, 56242, 98758, 93743]"
119536,"[97024, 40974, 44059, 27574, 67030, 45626, 16686, 43326, 102464, 29674]"
119537,"[90965, 10983, 27425, 25266, 4338, 96616, 53961, 63778, 67823, 102626]"
119538,"[91383, 64830, 42927, 48637, 105384, 98185, 83189, 56420, 31640, 25308]"
119539,"[11685, 39471, 77233, 81280, 10549, 58539, 52282, 5636, 32416, 84839]"
119540,"[50247, 97058, 101763, 52673, 13681, 100531, 51560, 82846, 61158, 72955]"
119541,"[29152, 91629, 106399, 34098, 41842, 104307, 28742, 60517, 33963, 8137]"
119542,"[8642, 106994, 80806, 91820, 45072, 13801, 78259, 78864, 96841, 56519]"
119543,"[57672, 100239, 49916, 56922, 28252, 16765, 51900, 98170, 58389, 31197]"
119544,"[70291, 36327, 30124, 6512, 29464, 74657, 89819, 61208, 21653, 52098]"
119545,"[7565, 8537, 57060, 64729, 42965, 13574, 85929, 81795, 19521, 36058]"
119546,"[15643, 39096, 30467, 50962, 38480, 24022, 103882, 38563, 65853, 37540]"
119547,"[38692, 106612, 98568, 30325, 9480, 49448, 26504, 62622, 54754, 66589]"
119548,"[18763, 70713, 12683, 96033, 93533, 18665, 5741, 92902, 21604, 16353]"
119549,"[66304, 73474, 90617, 38464, 20016, 92378, 96139, 44829, 48684, 52877]"
119550,"[28347, 43216, 24330, 2831, 74712, 45140, 62274, 54774, 49716, 22944]"
119551,"[105364, 11251, 32865, 100783, 60749, 98584, 100814, 108676, 14725, 11092]"
119552,"[31689, 17546, 43772, 39417, 4199, 32252, 10694, 94127, 38749, 52875]"
119553,"[50742, 66232, 105770, 56068, 62712, 98332, 61824, 15365, 56475, 12635]"
119554,"[98319, 30341, 82000, 69105, 70961, 52152, 72847, 8017, 108640, 16409]"
119555,"[74125, 88783, 38062, 28606, 103916, 73686, 91081, 68945, 99290, 83717]"
119556,"[81794, 18379, 96336, 30583, 51493, 81440, 58310, 10468, 47062, 40735]"
119557,"[19224, 67540, 28769, 89589, 106151, 39419, 12753, 27230, 103082, 92301]"
119558,"[36757, 17323, 21112, 87406, 64400, 42341, 54815, 60639, 24942, 75825]"
119559,"[65289, 51897, 5956, 101770, 5962, 94935, 77756, 78557, 24573, 102775]"
119560,"[74104, 75029, 75979, 37912, 26495, 11086, 89271, 35077, 30067, 48952]"
119561,"[54461, 53183, 105173, 64879, 55218, 96085, 90384, 47690, 71567, 56846]"
119562,"[77181, 84273, 53554, 57678, 97970, 106907, 36135, 30485, 16997, 70183]"
119563,"[100216, 42890, 105459, 25988, 18202, 20572, 35776, 19826, 100770, 39222]"
119564,"[58218, 72992, 6370, 57703, 64791, 33260, 32291, 81271, 98885, 55678]"
119565,"[18963, 79344, 11173, 53666, 85628, 9775, 40431, 75052, 88195, 100601]"
119566,"[76229, 36247, 80305, 36289, 35238, 62003, 9057, 3874, 69190, 29069]"
119567,"[39803, 36867, 50313, 91934, 19009, 102873, 72803, 52283, 23023, 48695]"
119568,"[11581, 4139, 97128, 1599, 105399, 10160, 102955, 24264, 105607, 82753]"
119569,"[93380, 74996, 15690, 38528, 86051, 58893, 69173, 12507, 89693, 23423]"
119570,"[83068, 59990, 50680, 74500, 51188, 91784, 3653, 67484, 102938, 15227]"
119571,"[86773, 66930, 12875, 100871, 80413, 81369, 13446, 14015, 56560, 54084]"
119572,"[13214, 80497, 21528, 15817, 85417, 89360, 71224, 104423, 58390, 34806]"
119573,"[86972, 105676, 18632, 7276, 107742, 107094, 99809, 87586, 1945, 10826]"
119574,"[14404, 81857, 89415, 93459, 93173, 44507, 37403, 20807, 14316, 1873]"
119575,"[45132, 7365, 14827, 12172, 17364, 101453, 11345, 106976, 10491, 28716]"
119576,"[77806, 13350, 28711, 93389, 16384, 95474, 69804, 18054, 78591, 35460]"
119577,"[78985, 1872, 97876, 75374, 39075, 74781, 2110, 42778, 66107, 41852]"
119578,"[80817, 77089, 80071, 72716, 68734, 9967, 81553, 49763, 16595, 23165]"
119579,"[48808, 41953, 4669, 94553, 87736, 59592, 34300, 84349, 98195, 64343]"
119580,"[36975, 69730, 78452, 46511, 76218, 104251, 29215, 69376, 1830, 107191]"
119581,"[82036, 28383, 7089, 107615, 78072, 102984, 2027, 50227, 70267, 69337]"
119582,"[40877, 14996, 93327, 70170, 57781, 102803, 46294, 48284, 92360, 44266]"
119583,"[45933, 59770, 104695, 12417, 53226, 105617, 70722, 25818, 97746, 57544]"
119584,"[57948, 62571, 46885, 30682, 85393, 35086, 23514, 39781, 104343, 18922]"
119585,"[26393, 72711, 59349, 43816, 28990, 61629, 1928, 52062, 90361, 74003]"
119586,"[23446, 4532, 25406, 84057, 3921, 54882, 27445, 40553, 743, 2023]"
119587,"[98566, 81260, 2083, 91420, 101059, 92558, 82490, 20519, 77269, 6335]"
119588,"[1289, 21888, 91381, 18746, 97634, 46222, 20916, 76213, 7872, 95927]"
119589,"[107586, 28738, 12567, 5505, 23132, 100918, 48096, 9566, 302, 23576]"
119590,"[66613, 107144, 6614, 51629, 73938, 5983, 104660, 65857, 91533, 80606]"
119591,"[63223, 89156, 48584, 47815, 76934, 23613, 66862, 64906, 73314, 93942]"
119592,"[8304, 2715, 57265, 71877, 83624, 87382, 74472, 55876, 76626, 93439]"
119593,"[16474, 34331, 28093, 66447, 109603, 96666, 75848, 98796, 73808, 73514]"
119594,"[9368, 36303, 3887, 98419, 79537, 43256, 80448, 59490, 22908, 89948]"
119595,"[91014, 25522, 71180, 15866, 21326, 27657, 109764, 52395, 49835, 20677]"
119596,"[95548, 103331, 56798, 47515, 13303, 89162, 105121, 24927, 61096, 56723]"
119597,"[46822, 59077, 90555, 50877, 68999, 55074, 65179, 58674, 13749, 12571]"
119598,"[95981, 3477, 2812, 14704, 40819, 96974, 2320, 78859, 20683, 93261]"
119599,"[51134, 107228, 20818, 108905, 98347, 56720, 93117, 7167, 57233, 23589]"
119600,"[97818, 67744, 2862, 106503, 96405, 5413, 19574, 65130, 45214, 65464]"
119601,"[24586, 70560, 104611, 41476, 21139, 96092, 35230, 27553, 23369, 72791]"
119602,"[54502, 10695, 35692, 60137, 43051, 42193, 80307, 13219, 17270, 108621]"
119603,"[58044, 84768, 64876, 106368, 107381, 85268, 89794, 73278, 41342, 106385]"
119604,"[95963, 66113, 64488, 39447, 6163, 72344, 58816, 8511, 77562, 31379]"
119605,"[63753, 53336, 34851, 44742, 14242, 69820, 65430, 4841, 33458, 8851]"
119606,"[1053, 48171, 74965, 56400, 3713, 10244, 20826, 60147, 57468, 92052]"
119607,"[1832, 17472, 791, 35144, 52337, 16773, 74993, 61733, 34048, 89766]"
119608,"[33225, 27320, 95582, 37037, 53015, 91061, 67312, 56730, 93012, 39233]"
119609,"[63476, 98148, 105811, 66739, 108544, 56739, 82269, 80471, 29860, 4273]"
119610,"[84000, 13638, 12212, 661, 30648, 16955, 94899, 78808, 87573, 3573]"
119611,"[21183, 83806, 108753, 2469, 95469, 14348, 90018, 33257, 17263, 32174]"
119612,"[92299, 5467, 34057, 24557, 66993, 94552, 10393, 49149, 95563, 51371]"
119613,"[12525, 17416, 62403, 7178, 91638, 78202, 92231, 53636, 99250, 89560]"
119614,"[7625, 13700, 90446, 53844, 20632, 26634, 106908, 59665, 12878, 4705]"
119615,"[40324, 96272, 18599, 97792, 25883, 100308, 8689, 106207, 77451, 35069]"
119616,"[43664, 51558, 14379, 76288, 105063, 60889, 16251, 38895, 22225, 34074]"
119617,"[87670, 60889, 56373, 46895, 43466, 95329, 53964, 85907, 49883, 82342]"
119618,"[68061, 56328, 27849, 89739, 91145, 49949, 294, 58146, 107721, 103862]"
119619,"[53699, 101427, 55412, 18791, 97109, 62271, 50545, 49712, 30626, 22589]"
119620,"[2081, 7786, 3377, 28758, 4074, 80378, 82540, 40143, 89403, 66692]"
119621,"[97874, 50061, 93327, 20016, 66304, 73474, 92378, 92360, 89294, 4874]"
119622,"[24791, 75052, 31352, 85628, 79344, 16608, 9775, 89084, 66908, 63054]"
119623,"[15110, 50568, 90694, 63441, 24945, 94192, 29874, 85790, 38905, 49418]"
119624,"[11878, 108743, 58256, 81131, 72811, 89240, 47127, 61000, 27304, 65142]"
119625,"[20757, 93515, 68990, 77535, 7525, 71226, 23634, 12424, 68346, 63233]"
119626,"[37431, 63889, 25565, 69088, 92580, 54978, 62889, 59033, 96746, 95374]"
119627,"[5314, 31451, 6412, 97529, 1077, 98349, 30983, 19974, 35759, 105591]"
119628,"[73593, 63616, 57983, 5770, 74214, 82406, 93878, 3288, 46165, 80528]"
119629,"[5777, 29683, 41921, 44546, 77661, 64571, 38096, 97938, 83277, 34790]"
119630,"[89261, 60572, 39734, 16855, 525, 66566, 61829, 27759, 38675, 71127]"
119631,"[41726, 74566, 37998, 43294, 2950, 99838, 57068, 23743, 25134, 81339]"
119632,"[81692, 24300, 2793, 62010, 97558, 87755, 93349, 6253, 84226, 70797]"
119633,"[79728, 33173, 47488, 95639, 75890, 49512, 19429, 76568, 26578, 40195]"
119634,"[74907, 58163, 45505, 12655, 98451, 4675, 36305, 56727, 53688, 28900]"
119635,"[33376, 105868, 18868, 14894, 106499, 78265, 89298, 19958, 68133, 96926]"
119636,"[88625, 6579, 1295, 107415, 65767, 58532, 46359, 70129, 90473, 66388]"
119637,"[57684, 72182, 100127, 62243, 64263, 40759, 12671, 84962, 66182, 67137]"
119638,"[74267, 24960, 105716, 59638, 20118, 72334, 53411, 51431, 106084, 62097]"
119639,"[70932, 17042, 93576, 47106, 80595, 85591, 100728, 85218, 98236, 14646]"
119640,"[76219, 56152, 43423, 93151, 52192, 70826, 97489, 105407, 18729, 31015]"
119641,"[29509, 86070, 80206, 46439, 27675, 87573, 3573, 91490, 100584, 85476]"
119642,"[18289, 72207, 9770, 98041, 60868, 92611, 56371, 44507, 5187, 47836]"
119643,"[17322, 58302, 90026, 10831, 53933, 93526, 89696, 7388, 14856, 53256]"
119644,"[74400, 29606, 79634, 43303, 97, 2207, 54196, 26801, 67075, 66988]"
119645,"[47603, 20545, 74898, 15192, 15059, 38225, 93696, 20457, 17753, 11417]"
119646,"[107663, 11520, 90790, 42088, 11776, 69032, 70370, 53870, 67006, 49359]"
119647,"[66081, 86168, 75909, 26108, 60827, 4859, 3657, 67490, 39555, 58856]"
119648,"[25200, 21675, 50143, 34798, 37880, 32273, 30516, 1029, 49982, 79696]"
119649,"[42503, 85230, 19064, 105923, 64672, 71404, 21230, 44705, 869, 18184]"
119650,"[61611, 73462, 13726, 51330, 21999, 21166, 98589, 27830, 89822, 69531]"
119651,"[47159, 99884, 17398, 7416, 84975, 57868, 61649, 103317, 100808, 65928]"
119652,"[84092, 60116, 11436, 182, 75577, 93118, 58574, 48540, 32674, 44583]"
119653,"[74909, 84253, 67062, 61182, 11046, 93179, 83075, 84971, 106784, 77539]"
119654,"[81448, 25057, 73253, 74160, 7085, 3454, 36111, 74968, 109517, 1579]"
119655,"[34947, 11765, 29500, 51859, 53938, 11373, 56922, 28252, 24825, 15855]"
119656,"[80014, 77833, 83156, 31713, 48689, 104052, 27861, 30776, 32344, 71043]"
119657,"[13625, 27010, 85603, 37940, 37008, 72741, 13279, 31220, 37937, 54921]"
119658,"[37393, 97978, 108472, 75038, 60204, 6700, 79931, 109715, 103742, 33969]"
119659,"[29220, 93949, 91435, 26714, 71794, 53365, 3183, 50229, 14508, 105221]"
119660,"[100281, 6309, 97002, 98289, 55294, 86363, 12445, 38572, 34855, 75594]"
119661,"[3087, 51493, 8680, 96336, 74980, 51723, 27527, 17078, 769, 81440]"
119662,"[94118, 91968, 82223, 99796, 39286, 25088, 87304, 79476, 63913, 38447]"
119663,"[69596, 30015, 59438, 58650, 64467, 21686, 13244, 72713, 69832, 456]"
119664,"[29255, 52151, 4037, 24951, 47429, 40838, 78079, 101284, 4803, 9240]"
119665,"[99553, 90397, 14864, 5884, 15451, 81724, 3928, 59400, 9835, 63009]"
119666,"[7874, 16091, 34793, 93622, 65647, 15721, 17700, 81316, 57924, 67966]"
119667,"[41048, 99915, 87103, 19929, 27164, 51767, 89688, 12102, 4967, 48126]"
119668,"[6328, 38455, 73171, 50641, 64556, 101921, 50241, 88135, 24651, 60357]"
119669,"[8732, 48474, 5384, 106979, 36995, 10498, 54604, 88132, 98755, 34958]"
119670,"[47636, 30683, 4332, 28354, 87270, 101861, 44365, 100860, 70192, 78790]"
119671,"[39191, 77476, 36866, 94895, 69626, 42393, 32510, 56642, 14226, 58730]"
119672,"[39592, 92406, 22195, 101561, 86139, 74653, 18195, 15922, 17227, 59279]"
119673,"[39454, 96279, 69842, 93827, 76970, 72409, 50374, 45046, 108969, 95375]"
119674,"[59328, 73908, 74659, 10117, 1351, 66432, 46008, 24998, 80400, 13887]"
119675,"[53233, 72034, 92991, 84121, 66680, 98023, 20829, 37846, 7070, 48505]"
119676,"[108332, 98769, 109120, 3420, 72089, 54490, 27027, 39212, 95135, 60165]"
119677,"[11958, 1628, 108927, 60651, 75576, 81585, 86135, 27428, 17808, 81886]"
119678,"[47827, 105911, 103164, 37495, 28512, 85018, 77041, 7092, 56071, 81656]"
119679,"[66836, 80153, 87994, 79628, 81341, 37533, 108536, 11260, 15360, 71450]"
119680,"[16312, 59991, 52098, 83111, 83824, 106804, 32636, 20902, 103113, 87473]"
119681,"[64580, 14675, 107971, 31512, 103529, 70657, 88973, 23620, 23435, 66819]"
119682,"[77010, 17468, 107328, 52347, 4202, 102257, 66977, 44582, 66280, 17153]"
119683,"[64439, 52191, 34739, 78965, 81453, 9798, 19357, 84489, 23900, 107318]"
119684,"[43384, 99305, 82294, 56849, 51828, 93923, 70102, 10409, 26349, 62055]"
119685,"[88535, 80214, 96879, 34755, 23273, 50701, 21520, 36360, 83206, 6264]"
119686,"[70350, 50744, 56176, 28651, 44193, 100809, 82631, 47918, 65709, 30550]"
119687,"[76125, 18334, 67281, 32826, 8686, 44090, 22275, 89227, 40096, 4597]"
119688,"[52648, 82771, 95684, 52812, 40029, 49296, 98011, 95065, 68839, 77155]"
119689,"[42501, 102994, 55482, 58071, 50499, 106347, 1591, 79099, 51921, 31691]"
119690,"[102302, 3028, 51998, 33068, 19792, 21676, 43995, 8010, 21102, 59278]"
119691,"[81517, 96280, 2644, 15116, 6670, 92111, 17986, 86974, 49601, 96657]"
119692,"[18628, 2108, 28889, 43045, 86106, 62583, 84644, 48120, 13249, 65378]"
119693,"[33481, 19394, 8412, 39530, 23639, 57997, 89998, 108413, 55344, 38651]"
119694,"[75877, 31964, 106806, 21585, 35240, 40066, 71196, 75203, 48109, 16513]"
119695,"[109467, 65828, 64811, 51615, 89468, 80704, 68834, 8448, 94068, 8530]"
119696,"[40834, 50114, 56114, 82237, 72519, 5979, 14432, 32774, 11941, 75892]"
119697,"[31533, 76089, 89127, 77951, 26373, 64119, 15677, 88449, 51071, 61342]"
119698,"[104978, 102056, 3374, 52314, 42188, 43647, 81660, 8822, 25310, 31220]"
119699,"[92305, 89901, 54702, 20612, 40557, 62887, 47964, 45523, 97756, 89762]"
119700,"[54198, 104230, 51109, 38441, 64658, 38358, 24579, 106611, 90662, 94203]"
119701,"[68344, 97914, 25966, 97507, 51791, 103919, 108881, 30976, 14207, 49269]"
119702,"[73972, 5745, 69779, 101730, 26285, 32453, 27145, 53541, 57359, 75598]"
119703,"[837, 97986, 16603, 102224, 65790, 39779, 85547, 50492, 79293, 2732]"
119704,"[108464, 96216, 76981, 108474, 102681, 76982, 62963, 18137, 108903, 31765]"
119705,"[60183, 85852, 105926, 95816, 102262, 73487, 82129, 84300, 31872, 44579]"
119706,"[83087, 104741, 53025, 102186, 5932, 64285, 67474, 65542, 107367, 23782]"
119707,"[468, 61576, 34179, 70125, 3197, 81482, 78906, 104564, 33989, 32026]"
119708,"[67917, 25034, 29015, 102745, 84678, 98564, 82823, 17303, 75475, 45159]"
119709,"[74316, 32230, 40798, 48047, 106711, 34804, 38657, 83264, 25358, 38791]"
119710,"[104682, 65121, 31956, 17599, 86823, 52995, 45832, 48422, 71771, 85104]"
119711,"[32164, 76026, 48658, 74410, 24635, 95692, 77789, 7651, 61359, 73456]"
119712,"[31896, 89179, 30475, 49034, 26959, 40776, 381, 65824, 85866, 91794]"
119713,"[28726, 27449, 45732, 23973, 21541, 41271, 4674, 56524, 49327, 15996]"
119714,"[93057, 98671, 68020, 81111, 29422, 79575, 25960, 17596, 104126, 66514]"
119715,"[78438, 43196, 20777, 14752, 5994, 77015, 106599, 104905, 9926, 88654]"
119716,"[32547, 54911, 10139, 69365, 19995, 36148, 54350, 39145, 41294, 78910]"
119717,"[371, 29248, 98855, 34340, 11084, 89427, 69823, 102687, 33738, 97262]"
119718,"[50370, 72531, 46362, 37619, 22529, 17853, 102735, 66753, 59678, 65993]"
119719,"[14713, 66088, 92512, 59519, 48392, 93573, 29973, 27747, 104919, 24922]"
119720,"[87012, 63213, 53456, 107918, 46018, 84640, 48278, 86539, 80951, 77234]"
119721,"[70223, 10175, 2158, 595, 71353, 8200, 38407, 58777, 45152, 50724]"
119722,"[32178, 9226, 20471, 26883, 72761, 85792, 71352, 92136, 28539, 83832]"
119723,"[20038, 26940, 80600, 67237, 35111, 56354, 76901, 26775, 100032, 64959]"
119724,"[17022, 45860, 86510, 81662, 44903, 42924, 50379, 64823, 73306, 10878]"
119725,"[100079, 103159, 84712, 17412, 85721, 20789, 11440, 78748, 1204, 79810]"
119726,"[107702, 11192, 67380, 33699, 5352, 86000, 89575, 106458, 73894, 64419]"
119727,"[32199, 6789, 43357, 25830, 4658, 31862, 13225, 52018, 56217, 70363]"
119728,"[48749, 91210, 43582, 12889, 24325, 2825, 34580, 50547, 27698, 60217]"
119729,"[19535, 28786, 103376, 79642, 24022, 55219, 4658, 68878, 2619, 48889]"
119730,"[80613, 90401, 95045, 18936, 13932, 11386, 83728, 10661, 1312, 80404]"
119731,"[102800, 80634, 37650, 23831, 41781, 11560, 54219, 66392, 93825, 28413]"
119732,"[30743, 61481, 14906, 24815, 62495, 108131, 64642, 76120, 2497, 8784]"
119733,"[28496, 76590, 28642, 46816, 94536, 56369, 16152, 72147, 81124, 87441]"
119734,"[19239, 24935, 67355, 108063, 74455, 31885, 65055, 102685, 106216, 37189]"
119735,"[87667, 23286, 29121, 107259, 19023, 74311, 89760, 44175, 79844, 48827]"
119736,"[9922, 74978, 98584, 100912, 50028, 14966, 50200, 19922, 68574, 94990]"
119737,"[49321, 38115, 82657, 55016, 16306, 39605, 106251, 87176, 55036, 89075]"
119738,"[30737, 28573, 95504, 26087, 26415, 74632, 103688, 99635, 98367, 86323]"
119739,"[104295, 80983, 66390, 67695, 86958, 18524, 76515, 81750, 67119, 45831]"
119740,"[23108, 10528, 105277, 70384, 18432, 102589, 32740, 100589, 97219, 55473]"
119741,"[35084, 95775, 91615, 37307, 72890, 0, 58207, 18674, 64948, 53493]"
119742,"[55251, 13412, 49126, 7260, 41993, 15639, 78449, 87791, 106738, 14398]"
119743,"[80723, 63499, 44067, 96189, 47439, 17448, 64583, 36776, 25596, 41525]"
119744,"[19172, 79554, 8536, 109243, 27506, 92254, 74379, 32855, 99169, 84296]"
119745,"[44865, 24125, 6656, 65368, 73498, 86841, 74939, 70970, 105244, 54993]"
119746,"[103642, 65933, 27513, 84202, 91946, 27569, 18855, 103178, 9565, 64852]"
119747,"[86334, 87580, 30750, 5519, 25751, 80348, 69098, 99304, 47410, 76715]"
119748,"[65564, 49510, 50971, 41024, 77551, 84753, 97304, 43486, 98236, 20938]"
119749,"[91207, 30584, 28926, 2752, 33363, 17477, 67790, 16534, 72264, 20254]"
119750,"[91755, 89425, 64104, 71501, 66944, 93867, 22430, 85383, 43146, 85316]"
119751,"[31094, 86672, 42072, 24110, 54580, 12532, 99284, 69831, 62853, 56563]"
119752,"[957, 72213, 90224, 52623, 72076, 17729, 25493, 29482, 74756, 59970]"
119753,"[42269, 18806, 29972, 16561, 66344, 74152, 87856, 19159, 16058, 106185]"
119754,"[14919, 32743, 69867, 97092, 57683, 93768, 10544, 105928, 27369, 34703]"
119755,"[60773, 31652, 39896, 3597, 61683, 78531, 81426, 8155, 44650, 81117]"
119756,"[82751, 96379, 72221, 40631, 33000, 89851, 76069, 87661, 104280, 63614]"
119757,"[37441, 31723, 46204, 101258, 13709, 85870, 34085, 74153, 95164, 98148]"
119758,"[57127, 41578, 95249, 76584, 66071, 82208, 89156, 13320, 84468, 48584]"
119759,"[7430, 81419, 19911, 77035, 12183, 109610, 41754, 59793, 4098, 86069]"
119760,"[18142, 73699, 2287, 37789, 50369, 17610, 32452, 94799, 70014, 109011]"
119761,"[45049, 54717, 83274, 2806, 82253, 92761, 64621, 80681, 70755, 6825]"
119762,"[6928, 106386, 14723, 91961, 244, 2641, 105123, 84735, 83780, 52960]"
119763,"[15540, 511, 50097, 12411, 97774, 21131, 24375, 105255, 24497, 106934]"
119764,"[9979, 97820, 87649, 43153, 87218, 19741, 74127, 16482, 37804, 24402]"
119765,"[58183, 99451, 68405, 66765, 74680, 91764, 33320, 71388, 54390, 93353]"
119766,"[98503, 21793, 45113, 25793, 84483, 91504, 129, 27362, 82735, 8526]"
119767,"[59123, 100957, 19282, 103106, 14050, 108926, 26614, 56573, 78638, 68853]"
119768,"[53398, 43033, 63032, 19625, 29929, 64712, 106769, 105042, 94800, 37112]"
119769,"[8377, 1893, 43089, 32098, 27970, 102344, 49548, 103860, 48930, 43140]"
119770,"[58063, 16588, 96064, 26682, 74952, 108517, 62895, 62009, 100593, 40465]"
119771,"[68285, 2316, 56171, 74912, 2337, 99199, 72052, 100676, 12106, 16290]"
119772,"[40443, 11284, 92613, 3233, 28528, 12526, 56028, 74376, 87981, 17753]"
119773,"[63555, 52410, 49228, 50771, 81980, 37530, 30840, 36537, 49799, 8942]"
119774,"[77720, 94400, 93349, 84226, 43740, 9686, 35544, 47918, 86200, 87221]"
119775,"[57862, 25019, 2874, 92074, 44806, 64806, 13288, 31990, 80059, 106443]"
119776,"[97653, 26993, 70785, 1696, 24198, 108260, 85913, 87601, 32216, 22018]"
119777,"[28831, 27987, 21281, 37893, 71647, 103701, 4635, 9882, 54809, 13998]"
119778,"[25869, 83010, 101963, 109630, 99610, 47105, 77979, 87673, 29415, 6640]"
119779,"[59992, 5480, 50639, 55566, 26412, 102745, 109745, 92120, 25034, 36582]"
119780,"[50822, 18166, 91345, 68669, 9615, 56006, 87049, 28119, 68572, 95197]"
119781,"[22101, 76254, 22906, 78716, 90304, 89665, 69956, 74160, 51309, 61583]"
119782,"[24731, 55215, 90958, 6152, 102319, 81303, 29564, 53798, 21413, 22794]"
119783,"[101032, 17456, 87365, 68905, 82989, 84458, 88924, 76780, 59103, 104197]"
119784,"[15254, 108393, 108327, 48659, 613, 59825, 99949, 109389, 48701, 39594]"
119785,"[8339, 78995, 107484, 32275, 56410, 13361, 42277, 54331, 104076, 46616]"
119786,"[18769, 27738, 79191, 55195, 39275, 43002, 6124, 72684, 100351, 24206]"
119787,"[101339, 46498, 5564, 89917, 50377, 32832, 32163, 40919, 104389, 38637]"
119788,"[6303, 23518, 15513, 79130, 31707, 75786, 61189, 23183, 35182, 37628]"
119789,"[51998, 76288, 14379, 27115, 57603, 81609, 16100, 60333, 5468, 19792]"
119790,"[32076, 59409, 45911, 50569, 68774, 19499, 55130, 43888, 22309, 27788]"
119791,"[85780, 25057, 102025, 104291, 48940, 47831, 62012, 99466, 12267, 66432]"
119792,"[31808, 107646, 88369, 78599, 56110, 31038, 105768, 80782, 8909, 64830]"
119793,"[6310, 98316, 41471, 99393, 24833, 43313, 107476, 58558, 94913, 15266]"
119794,"[68562, 85340, 42123, 41081, 15604, 36165, 61129, 19986, 46040, 48434]"
119795,"[96413, 90991, 82280, 21440, 53097, 73490, 78253, 32451, 1593, 20814]"
119796,"[77807, 15272, 69363, 29519, 55700, 73593, 63872, 72804, 46089, 39751]"
119797,"[95957, 61059, 65876, 96542, 43221, 33138, 5279, 93379, 93378, 35539]"
119798,"[26909, 9092, 227, 109120, 3420, 54046, 34310, 25433, 95135, 1984]"
119799,"[39666, 70917, 31071, 84006, 11780, 60423, 73209, 65800, 73169, 63385]"
119800,"[69531, 93431, 51227, 24638, 98523, 65411, 1531, 103311, 50690, 32296]"
119801,"[18063, 81984, 47709, 20926, 108653, 104081, 102870, 46791, 35550, 40523]"
119802,"[97467, 93420, 69726, 40663, 8889, 14536, 38041, 88860, 76019, 16896]"
119803,"[60820, 20402, 28865, 60310, 47623, 52970, 11430, 7072, 60265, 80962]"
119804,"[27512, 81310, 80724, 101517, 24932, 28744, 103125, 83059, 43788, 65158]"
119805,"[65289, 34999, 12601, 530, 57820, 16637, 51897, 77756, 98664, 78296]"
119806,"[54033, 88473, 96136, 92146, 9736, 20169, 7417, 24888, 18804, 30623]"
119807,"[94509, 9503, 96939, 59595, 46182, 94803, 80291, 32914, 108965, 39815]"
119808,"[71367, 41862, 25950, 95046, 52174, 21682, 92960, 107771, 22980, 6981]"
119809,"[47289, 59315, 77199, 1700, 107505, 90335, 35279, 43073, 14382, 92784]"
119810,"[37797, 26195, 21693, 9882, 4315, 59104, 57588, 71647, 100982, 57245]"
119811,"[73404, 59950, 317, 68297, 39436, 63270, 9659, 82295, 70403, 30474]"
119812,"[85022, 94054, 60248, 92907, 18999, 4269, 38816, 51861, 72078, 43675]"
119813,"[81551, 20862, 11885, 20562, 52242, 32044, 12471, 12454, 51754, 37172]"
119814,"[83776, 1401, 63128, 41361, 81424, 70043, 88583, 105706, 23730, 85969]"
119815,"[103537, 16114, 90139, 104779, 97701, 59864, 31947, 53998, 13874, 17424]"
119816,"[23452, 43333, 9158, 101618, 38505, 66847, 57078, 101, 56343, 55380]"
119817,"[30072, 74800, 32298, 31462, 105375, 46726, 27333, 84155, 77167, 42828]"
119818,"[7204, 49649, 66213, 95619, 33023, 25483, 9998, 51714, 91302, 14056]"
119819,"[95081, 70316, 51743, 100209, 41374, 98997, 69830, 50789, 1399, 50984]"
119820,"[105026, 74516, 25958, 85956, 41262, 96257, 29960, 10985, 97176, 97140]"
119821,"[16833, 64767, 43537, 3918, 2800, 73259, 108047, 71350, 97560, 82425]"
119822,"[15987, 26337, 2243, 12707, 1336, 66513, 30515, 21447, 40114, 53934]"
119823,"[23707, 23503, 21958, 44257, 9229, 28806, 71887, 59643, 31300, 4469]"
119824,"[31331, 70688, 101254, 22677, 22228, 32813, 94654, 59213, 108226, 78520]"
119825,"[5090, 20357, 108125, 37306, 94290, 80488, 50369, 10195, 35418, 5813]"
119826,"[46192, 65116, 85057, 46139, 26210, 8948, 87409, 24564, 13523, 9845]"
119827,"[92170, 71331, 90725, 16465, 74105, 27427, 59281, 39949, 85226, 65818]"
119828,"[76007, 104624, 78015, 44166, 101280, 58864, 33809, 7983, 88724, 105517]"
119829,"[57222, 36000, 17806, 6217, 72873, 30099, 12841, 91341, 14231, 42479]"
119830,"[102828, 55067, 48686, 65351, 107146, 71206, 41406, 92375, 52442, 99764]"
119831,"[50073, 3132, 105710, 3756, 5483, 21636, 7049, 72708, 80719, 15882]"
119832,"[53972, 70000, 28087, 78619, 12250, 107290, 102768, 35404, 57294, 67713]"
119833,"[108477, 27017, 33775, 6864, 22048, 16732, 70051, 71308, 7376, 7247]"
119834,"[100694, 85550, 12427, 79090, 15965, 80018, 46441, 92218, 82936, 69267]"
119835,"[107020, 3980, 99701, 81155, 97443, 29612, 10060, 33386, 10678, 101445]"
119836,"[43234, 97659, 28532, 45609, 2995, 54200, 61980, 2737, 100506, 31785]"
119837,"[78401, 29480, 70081, 8473, 91521, 50186, 48787, 62789, 86628, 41114]"
119838,"[14385, 29546, 70422, 41807, 87359, 102472, 96199, 52643, 80582, 79085]"
119839,"[59203, 18518, 94225, 84299, 57191, 109746, 57153, 86053, 100733, 96281]"
119840,"[101466, 87330, 83128, 30378, 29991, 38977, 17042, 73488, 82783, 102467]"
119841,"[22660, 11716, 32704, 65711, 42087, 13729, 85710, 97850, 91821, 88424]"
119842,"[79607, 99367, 28570, 43279, 12801, 106493, 22591, 17038, 106519, 63749]"
119843,"[74248, 57901, 65296, 13089, 37690, 16545, 70920, 81878, 34869, 22616]"
119844,"[59923, 93962, 11644, 2057, 78127, 91538, 84133, 98407, 5956, 5962]"
119845,"[65265, 68316, 31230, 47905, 14940, 27835, 46788, 70277, 86326, 3817]"
119846,"[51552, 92632, 72387, 104010, 59602, 82739, 67162, 44572, 74043, 12645]"
119847,"[86484, 31288, 75017, 56192, 36034, 43621, 46448, 24399, 89060, 45489]"
119848,"[52186, 92743, 22115, 41323, 60018, 46447, 68410, 67197, 58463, 83100]"
119849,"[43107, 29809, 82193, 87005, 16740, 38372, 24753, 39927, 28674, 65403]"
119850,"[33535, 98969, 95677, 92274, 18478, 63884, 72138, 48075, 22649, 3607]"
119851,"[83115, 45849, 101847, 21096, 58949, 36544, 39264, 36232, 82386, 104153]"
119852,"[67126, 63634, 105390, 18201, 8068, 71967, 14327, 27791, 74207, 92068]"
119853,"[33690, 15642, 104712, 11622, 67662, 89328, 105929, 12261, 94753, 74729]"
119854,"[32201, 109051, 55308, 88122, 16882, 64398, 26256, 54982, 92390, 8516]"
119855,"[90648, 90419, 76493, 86856, 101954, 96182, 32078, 37799, 97618, 67461]"
119856,"[259, 98438, 60117, 56309, 72099, 12602, 27064, 89171, 87814, 75179]"
119857,"[79594, 106453, 77308, 28245, 3395, 75832, 101337, 99626, 38020, 82913]"
119858,"[43186, 95227, 70424, 51435, 1170, 11737, 91248, 15124, 61114, 83558]"
119859,"[24086, 1350, 90356, 106595, 83333, 59448, 46830, 57909, 26222, 10888]"
119860,"[20218, 12740, 64838, 76660, 6897, 45732, 28726, 4280, 80140, 89408]"
119861,"[1281, 92297, 108868, 82794, 61853, 82758, 27197, 92562, 28892, 29586]"
119862,"[38193, 39167, 20049, 24193, 7199, 91172, 101636, 82227, 38586, 10858]"
119863,"[67444, 101965, 46911, 36904, 58519, 95596, 31608, 35688, 22075, 2753]"
119864,"[86654, 51184, 38517, 37077, 4459, 11334, 103935, 83598, 44913, 3245]"
119865,"[82071, 72694, 52385, 86448, 56048, 104900, 81791, 27228, 85703, 102849]"
119866,"[105849, 32446, 75623, 101473, 98985, 42239, 106413, 80892, 45688, 68679]"
119867,"[41132, 88793, 77191, 75051, 39757, 55180, 71691, 55472, 62273, 82944]"
119868,"[109673, 94834, 67367, 11383, 53197, 36101, 23482, 28266, 62954, 32790]"
119869,"[48243, 14614, 48265, 69654, 84491, 76988, 76356, 74144, 53090, 76040]"
119870,"[43349, 43315, 101968, 61310, 2363, 62856, 83559, 45195, 85683, 99339]"
119871,"[98798, 28637, 87217, 47835, 45759, 74085, 84368, 84032, 86530, 42155]"
119872,"[60139, 55533, 34288, 87928, 47439, 17448, 23822, 80723, 44067, 57036]"
119873,"[55402, 85097, 80499, 83862, 17576, 12528, 59462, 90999, 53372, 6422]"
119874,"[25538, 58710, 29345, 98754, 46513, 17831, 84232, 72985, 97782, 23500]"
119875,"[84039, 37879, 4561, 33287, 86546, 7296, 78943, 105284, 98538, 45772]"
119876,"[59628, 23439, 77000, 43650, 71661, 88073, 103616, 81834, 45477, 40740]"
119877,"[66832, 62439, 85304, 21029, 62373, 23503, 23481, 49649, 106417, 77640]"
119878,"[105868, 18868, 62240, 82250, 74552, 37528, 78265, 106615, 68318, 71816]"
119879,"[9354, 88178, 89206, 62427, 96337, 70525, 58600, 9754, 36385, 90666]"
119880,"[85634, 32487, 56192, 75312, 28483, 68565, 79652, 59884, 78141, 5555]"
119881,"[57191, 34386, 96227, 77697, 54476, 94225, 50279, 100733, 59203, 109746]"
119882,"[71856, 62226, 70480, 85694, 75711, 67787, 95841, 38310, 78507, 33080]"
119883,"[70513, 25507, 41475, 72906, 56248, 93440, 70607, 1666, 43250, 50959]"
119884,"[89577, 25129, 87178, 76739, 69176, 83414, 51310, 99997, 85796, 13406]"
119885,"[31455, 17963, 54443, 87730, 16594, 4213, 109171, 28396, 17148, 48175]"
119886,"[64346, 32737, 81583, 68276, 105545, 76221, 13291, 53775, 24890, 94644]"
119887,"[34717, 1803, 47972, 50455, 72994, 1787, 72411, 89716, 63582, 105801]"
119888,"[43936, 72519, 46776, 47307, 67486, 14841, 39468, 20544, 69885, 389]"
119889,"[23741, 45375, 10734, 5351, 37030, 22825, 78515, 1609, 12277, 2804]"
119890,"[65435, 41095, 73369, 26724, 37796, 31089, 100596, 66576, 30962, 44641]"
119891,"[68846, 59352, 13162, 66715, 62890, 34619, 56520, 24796, 83483, 31141]"
119892,"[102426, 73508, 21145, 105075, 102727, 987, 31642, 93141, 36911, 80300]"
119893,"[109637, 14814, 9599, 76796, 80788, 104279, 65935, 66299, 3355, 10890]"
119894,"[43337, 77818, 68285, 94370, 19697, 85449, 68675, 2316, 100676, 12106]"
119895,"[45624, 47552, 105949, 783, 40888, 6315, 59851, 15276, 94677, 69076]"
119896,"[72193, 73889, 78727, 102663, 62208, 88368, 62868, 48393, 9628, 57717]"
119897,"[81599, 74210, 79830, 95802, 40017, 99094, 101148, 7633, 83590, 30702]"
119898,"[15365, 37706, 50842, 4928, 43467, 31211, 60011, 13166, 56068, 51824]"
119899,"[84664, 75835, 55666, 96417, 56749, 30625, 44915, 49671, 64549, 95508]"
119900,"[49834, 1342, 84047, 11193, 75221, 48418, 45799, 32868, 54579, 56331]"
119901,"[87355, 69360, 20564, 89454, 56987, 52523, 95376, 101211, 25266, 80914]"
119902,"[88393, 28466, 54985, 20266, 32006, 3278, 30935, 6007, 18675, 18018]"
119903,"[100529, 7639, 66359, 97101, 50901, 25768, 21462, 40984, 51154, 59135]"
119904,"[98266, 28555, 21887, 85841, 70004, 82179, 54654, 61516, 48967, 35028]"
119905,"[31904, 45790, 76319, 109562, 29797, 21112, 67169, 54815, 59780, 6638]"
119906,"[87195, 12679, 102871, 37516, 95019, 107726, 12315, 30080, 53669, 99136]"
119907,"[85529, 87926, 33255, 102310, 31141, 99819, 22286, 24027, 48469, 93987]"
119908,"[97092, 79550, 63100, 14919, 107449, 107132, 34703, 56406, 77424, 97211]"
119909,"[84793, 52814, 90668, 46732, 102607, 89981, 8099, 67369, 94106, 89048]"
119910,"[84273, 53554, 41539, 40065, 46011, 19655, 48401, 20499, 99142, 26562]"
119911,"[16231, 45585, 86860, 17366, 19855, 8036, 2339, 24649, 59799, 49176]"
119912,"[33859, 63360, 100990, 36679, 4123, 19732, 80852, 39229, 78625, 59032]"
119913,"[85104, 63250, 100863, 98502, 57435, 31116, 6207, 57066, 70379, 88730]"
119914,"[98038, 10612, 59381, 71150, 24912, 102491, 41574, 101926, 2967, 26714]"
119915,"[68994, 95903, 83136, 16357, 11382, 25286, 83011, 32615, 28242, 34880]"
119916,"[51791, 100081, 42374, 48950, 49092, 51982, 93661, 22346, 11502, 35141]"
119917,"[60652, 24647, 22190, 69259, 103666, 91125, 4365, 75438, 68583, 91035]"
119918,"[11446, 57784, 46287, 82950, 37793, 55465, 54153, 55523, 36015, 75469]"
119919,"[101207, 81754, 62754, 68740, 91252, 39535, 19985, 76329, 66176, 5750]"
119920,"[67766, 97662, 19997, 32939, 42722, 103845, 105789, 79497, 61562, 62630]"
119921,"[106590, 67230, 86412, 82192, 63920, 86668, 82653, 25442, 57325, 88753]"
119922,"[99904, 54245, 5412, 14308, 105683, 5950, 101351, 91137, 97053, 83942]"
119923,"[71890, 10755, 92769, 29671, 58759, 952, 2772, 66091, 74127, 65025]"
119924,"[106938, 65794, 16328, 8339, 84583, 90853, 49644, 85701, 15769, 17877]"
119925,"[18428, 4591, 87678, 3187, 2506, 51361, 49564, 2425, 61692, 55564]"
119926,"[78367, 89306, 18663, 25235, 72568, 103930, 13126, 98045, 77390, 81153]"
119927,"[31090, 33552, 48052, 89533, 109376, 6744, 57593, 34136, 68229, 37189]"
119928,"[27233, 13611, 49985, 94025, 40759, 48572, 82179, 73924, 99352, 48855]"
119929,"[30874, 67644, 76006, 34472, 88987, 97183, 56473, 78405, 18586, 44114]"
119930,"[13616, 79355, 9117, 108767, 106060, 18832, 19838, 89087, 45601, 108301]"
119931,"[21612, 9022, 69557, 26238, 66840, 61264, 7754, 97938, 76612, 5777]"
119932,"[56095, 106474, 10261, 25509, 20037, 98095, 100936, 1098, 99636, 81199]"
119933,"[65396, 95676, 50793, 14327, 46274, 105390, 40322, 25201, 49657, 88633]"
119934,"[5687, 81533, 84909, 57792, 37241, 20778, 87900, 23192, 53861, 53466]"
119935,"[69856, 14368, 92728, 54710, 54293, 101392, 39848, 47316, 35477, 87933]"
119936,"[32294, 57497, 8292, 37083, 53134, 92388, 35421, 105305, 71046, 85813]"
119937,"[96264, 5319, 88441, 108828, 19765, 63195, 6492, 6942, 82313, 78380]"
119938,"[32484, 13336, 12091, 67755, 73215, 91074, 75255, 85520, 23490, 81706]"
119939,"[3078, 33755, 84486, 59768, 40155, 36052, 40623, 58130, 99761, 97885]"
119940,"[63333, 79470, 108897, 88075, 94099, 4111, 62845, 102861, 94567, 63177]"
119941,"[88597, 55672, 74018, 1939, 33812, 4705, 63480, 5398, 4602, 15784]"
119942,"[11798, 5395, 12430, 56539, 32762, 9692, 1991, 78588, 64987, 84223]"
119943,"[70421, 99608, 74698, 31034, 20728, 22952, 77015, 72618, 53369, 16821]"
119944,"[59859, 41741, 100585, 3337, 77209, 30817, 62168, 4203, 96465, 28174]"
119945,"[87497, 73894, 91438, 31905, 51011, 5797, 670, 60931, 73092, 25420]"
119946,"[94102, 88795, 13076, 51823, 79758, 31644, 7299, 3599, 51747, 8358]"
119947,"[1493, 57369, 7573, 78980, 71842, 33284, 47479, 101501, 21355, 94310]"
119948,"[94432, 17694, 20678, 108270, 80350, 19061, 60201, 25628, 95263, 105946]"
119949,"[36051, 79481, 77545, 108118, 103740, 84286, 13787, 60592, 30747, 60209]"
119950,"[36104, 102157, 81671, 1321, 85674, 31412, 28552, 38849, 98973, 42732]"
119951,"[106916, 80223, 27591, 40985, 33165, 78949, 94074, 10419, 77150, 63551]"
119952,"[29475, 59529, 71330, 34599, 10859, 78158, 5182, 9609, 39575, 11433]"
119953,"[86295, 34819, 71257, 98920, 32311, 95826, 89837, 39714, 12669, 32312]"
119954,"[78053, 20825, 87592, 5694, 95566, 56948, 67455, 109497, 103098, 45920]"
119955,"[51752, 80074, 98788, 48116, 59450, 48001, 34829, 37415, 2415, 76483]"
119956,"[43459, 89467, 68269, 48402, 85350, 55140, 26726, 2901, 26035, 70588]"
119957,"[47392, 89436, 22010, 19642, 33, 67400, 19593, 38277, 60582, 57426]"
119958,"[31875, 885, 40472, 9196, 28607, 86878, 11551, 6187, 42615, 28951]"
119959,"[95718, 99769, 68971, 27061, 48388, 28500, 50223, 20054, 66644, 54241]"
119960,"[64916, 22516, 53119, 19882, 4507, 64141, 84884, 63373, 37135, 92699]"
119961,"[76814, 89964, 47474, 90183, 82176, 99894, 67238, 70897, 42626, 48516]"
119962,"[60954, 89051, 41893, 82275, 40005, 50686, 91155, 72486, 49810, 30856]"
119963,"[22729, 3272, 67298, 82742, 44325, 89735, 88925, 89280, 26334, 80827]"
119964,"[67152, 518, 82582, 11416, 71383, 105788, 5432, 17727, 62893, 102724]"
119965,"[17346, 27428, 35152, 21546, 54110, 98312, 67172, 36583, 81585, 76370]"
119966,"[49146, 61514, 58291, 3827, 43814, 35475, 8139, 35943, 106007, 29147]"
119967,"[42216, 90700, 50751, 16038, 43309, 83516, 70576, 6349, 23466, 103520]"
119968,"[23885, 67165, 64902, 50681, 96198, 9048, 87668, 34123, 61287, 96516]"
119969,"[28943, 57442, 35107, 33332, 60274, 54069, 89832, 69577, 103134, 26001]"
119970,"[44741, 37716, 33463, 107627, 64373, 4503, 63782, 55051, 47382, 74961]"
119971,"[92486, 61868, 11431, 43960, 31410, 78741, 77022, 22473, 58666, 6292]"
119972,"[39172, 8438, 66671, 91785, 22170, 68042, 90995, 86090, 137, 50799]"
119973,"[14224, 58732, 42156, 86537, 23805, 109673, 19617, 49238, 31147, 62330]"
119974,"[94449, 75569, 6818, 50483, 93247, 105699, 88509, 63098, 16716, 95457]"
119975,"[12488, 58399, 38151, 93791, 28417, 92756, 67362, 81711, 3642, 102549]"
119976,"[107606, 59239, 47163, 35251, 25990, 67803, 6672, 35269, 49522, 1634]"
119977,"[103477, 26283, 7530, 55807, 101868, 73572, 16188, 33808, 15367, 102252]"
119978,"[9104, 94439, 101915, 54169, 94654, 41215, 99663, 52970, 11430, 81408]"
119979,"[67780, 98233, 97379, 42774, 42820, 52616, 56293, 17769, 9034, 55660]"
119980,"[47302, 32067, 11423, 106086, 35277, 32661, 28440, 53303, 75943, 14064]"
119981,"[34300, 41953, 34511, 2800, 64343, 94553, 87736, 32777, 30691, 59592]"
119982,"[41117, 54143, 46431, 41642, 44162, 82196, 11720, 98849, 97254, 84783]"
119983,"[20315, 47356, 50538, 29315, 67751, 63601, 285, 42794, 4896, 38567]"
119984,"[104995, 47178, 86737, 59356, 6696, 16237, 15944, 16503, 94157, 105961]"
119985,"[92960, 71367, 88086, 21682, 63502, 102967, 107771, 88599, 39341, 36911]"
119986,"[25913, 19956, 8965, 53567, 29095, 8479, 42889, 83830, 48605, 68760]"
119987,"[38381, 97977, 46965, 1850, 103241, 36899, 48769, 94817, 85943, 25239]"
119988,"[86980, 37113, 79951, 31841, 27066, 4860, 16363, 102765, 9696, 60806]"
119989,"[95546, 78124, 85846, 3464, 41689, 26652, 11301, 59144, 68839, 88232]"
119990,"[25861, 34858, 20584, 13492, 9947, 76352, 59092, 105303, 3232, 42324]"
119991,"[90891, 106943, 50720, 35162, 84387, 57697, 107485, 104495, 49733, 46121]"
119992,"[28180, 43613, 7963, 59672, 35867, 54585, 95395, 10088, 9785, 38235]"
119993,"[23414, 92407, 97995, 69832, 73996, 59976, 103952, 58650, 106379, 17179]"
119994,"[41696, 102601, 56243, 16951, 109056, 46725, 22780, 18825, 63949, 266]"
119995,"[33622, 39462, 56872, 20431, 98209, 102031, 92861, 44118, 36346, 17674]"
119996,"[47809, 96089, 107123, 86230, 86755, 48237, 4241, 77419, 68947, 65292]"
119997,"[105024, 26300, 80188, 61851, 8955, 66522, 22413, 28078, 17404, 71147]"
119998,"[32223, 11553, 18919, 25367, 65672, 89477, 53957, 18873, 6830, 4686]"
119999,"[22244, 38445, 69828, 84044, 8833, 86282, 96021, 41451, 65629, 88444]"
120000,"[106982, 8937, 24304, 83827, 105677, 28314, 3783, 76389, 24194, 98335]"
120001,"[92020, 57195, 31224, 105243, 75512, 62526, 45827, 106715, 93471, 97488]"
120002,"[104929, 27271, 99073, 96526, 32293, 18917, 62783, 61694, 29646, 52864]"
120003,"[10278, 30089, 99140, 36077, 38724, 57631, 13178, 58711, 38099, 23926]"
120004,"[66411, 100508, 44039, 77257, 94348, 82826, 56304, 91419, 88652, 13615]"
120005,"[79546, 41003, 88555, 21009, 43518, 96707, 88623, 38462, 47384, 89854]"
120006,"[16313, 74214, 75137, 76045, 56151, 31816, 97857, 76474, 73032, 18639]"
120007,"[24646, 13469, 2424, 84537, 40130, 80792, 100902, 72172, 16791, 54420]"
120008,"[66226, 64523, 90656, 3670, 43897, 33109, 73727, 28433, 41740, 96856]"
120009,"[108720, 78798, 76471, 66194, 80304, 57578, 61102, 26242, 103594, 99340]"
120010,"[35039, 26949, 8867, 8324, 48603, 19847, 52047, 57280, 24729, 5888]"
120011,"[72906, 57208, 104983, 37037, 85993, 9710, 70179, 94130, 93240, 66337]"
120012,"[29995, 65300, 68666, 75559, 51413, 103787, 369, 63290, 95541, 109722]"
120013,"[38492, 94923, 67756, 88336, 5490, 4377, 95230, 63784, 2430, 28809]"
120014,"[32780, 92709, 93006, 58007, 1349, 103805, 90300, 99188, 79697, 15722]"
120015,"[105225, 36512, 32775, 28067, 56336, 108756, 13911, 88436, 92624, 16141]"
120016,"[92615, 51993, 41002, 87406, 37960, 101240, 68118, 89617, 24221, 24112]"
120017,"[81290, 83092, 19876, 29411, 72837, 106096, 57332, 108442, 70097, 51313]"
120018,"[88767, 96724, 73389, 20518, 56004, 21701, 84342, 1129, 75858, 21436]"
120019,"[29650, 57988, 21296, 2083, 15064, 81727, 29361, 28103, 47344, 23428]"
120020,"[13670, 18399, 30606, 61760, 64315, 11424, 69662, 4510, 91697, 77671]"
120021,"[80226, 23637, 17229, 87310, 57744, 67061, 4021, 74040, 2005, 39314]"
120022,"[17815, 16521, 17865, 10697, 43817, 25271, 46978, 24653, 4549, 7166]"
120023,"[13706, 18076, 87001, 88111, 106839, 20676, 28068, 92827, 69148, 1396]"
120024,"[11290, 47913, 87175, 57047, 8903, 55713, 28939, 50980, 29656, 60413]"
120025,"[70647, 61986, 46041, 89455, 88574, 96886, 68985, 66150, 85894, 86764]"
120026,"[67891, 98757, 96970, 78771, 27317, 17337, 85046, 6447, 35678, 85582]"
120027,"[2564, 78078, 19085, 55624, 69760, 71752, 90426, 7671, 25438, 15343]"
120028,"[37421, 60048, 61739, 35818, 41453, 48354, 74544, 75211, 41284, 40597]"
120029,"[95022, 86408, 51561, 31386, 21883, 73373, 98536, 11488, 90261, 46821]"
120030,"[80484, 108529, 68354, 298, 68689, 6509, 56348, 9551, 97407, 29929]"
120031,"[98434, 5123, 33244, 69627, 420, 104441, 18163, 28899, 220, 21641]"
120032,"[7333, 105466, 47995, 91934, 86948, 36731, 15751, 109445, 45236, 76214]"
120033,"[62040, 40552, 42091, 71892, 55812, 7762, 81074, 27144, 46407, 5551]"
120034,"[102770, 100440, 53858, 63748, 82170, 20647, 88646, 7170, 69230, 45036]"
120035,"[105270, 77649, 90141, 49758, 95007, 105171, 63574, 66139, 98940, 32984]"
120036,"[84368, 43918, 82510, 57012, 89385, 3680, 39184, 1709, 53189, 99122]"
120037,"[78381, 57687, 100341, 87080, 63150, 94042, 22545, 50693, 26621, 92475]"
120038,"[65057, 56162, 18892, 79695, 108191, 44273, 77479, 4891, 24313, 94911]"
120039,"[70220, 57102, 72036, 103176, 21864, 3279, 102535, 50246, 178, 71490]"
120040,"[101824, 78781, 82299, 107161, 88981, 58898, 48780, 29978, 83838, 70040]"
120041,"[76009, 25971, 102720, 4725, 80919, 95137, 99811, 19667, 37440, 105093]"
120042,"[109581, 88940, 76268, 6869, 91734, 60399, 37219, 40300, 94482, 48833]"
120043,"[61436, 108195, 56229, 44401, 67880, 92453, 23926, 5043, 57869, 8701]"
120044,"[28131, 39992, 64840, 87590, 93784, 85168, 90850, 69763, 74121, 37830]"
120045,"[83217, 72570, 29862, 109171, 102427, 79257, 7909, 4213, 4370, 92659]"
120046,"[79773, 11569, 86898, 103778, 68205, 92389, 7619, 28065, 97178, 11061]"
120047,"[35028, 33136, 98266, 69414, 21887, 62243, 28555, 19377, 54654, 25155]"
120048,"[35454, 98778, 88958, 43077, 69631, 4374, 33270, 32392, 55126, 19284]"
120049,"[63906, 43891, 56063, 28534, 34231, 38103, 93348, 38094, 19699, 25882]"
120050,"[89179, 74056, 75770, 30475, 85766, 48086, 31896, 89305, 100899, 48643]"
120051,"[102523, 15619, 94482, 43632, 57392, 68423, 12281, 8790, 1413, 46565]"
120052,"[74874, 95961, 77203, 84418, 43548, 80415, 99126, 36464, 993, 69315]"
120053,"[66337, 70179, 104983, 103525, 50959, 25507, 57208, 72906, 9710, 102103]"
120054,"[16795, 92449, 57940, 11317, 57176, 89002, 18916, 23191, 72969, 56874]"
120055,"[45822, 79493, 86711, 95808, 66966, 46451, 29316, 104688, 25788, 95921]"
120056,"[48435, 92609, 86200, 80505, 41250, 100184, 107922, 62361, 51770, 83185]"
120057,"[84995, 1963, 27076, 100560, 83268, 109735, 62852, 98484, 93429, 98328]"
120058,"[64712, 29929, 52395, 12207, 57568, 104492, 69292, 94800, 28832, 65756]"
120059,"[88452, 72389, 53887, 56321, 104440, 17844, 85025, 55434, 109245, 44006]"
120060,"[71734, 1453, 71686, 80361, 76152, 40344, 75339, 80289, 70252, 67113]"
120061,"[19135, 73334, 26389, 45243, 17894, 11955, 15647, 38161, 19387, 81499]"
120062,"[5699, 51935, 101022, 95980, 64476, 36799, 54776, 27029, 26132, 75741]"
120063,"[96375, 85062, 13361, 41861, 9132, 42934, 54098, 75593, 78009, 56977]"
120064,"[10412, 49122, 21013, 27539, 104541, 29636, 9668, 30315, 75149, 42904]"
120065,"[82894, 89807, 24415, 21819, 61927, 14077, 75394, 3895, 70467, 59140]"
120066,"[31847, 1280, 55744, 52715, 103520, 74738, 51884, 35773, 98027, 64588]"
120067,"[66600, 19920, 48671, 54601, 20218, 80506, 64838, 36055, 54530, 78446]"
120068,"[93737, 61923, 84616, 88503, 108099, 62095, 21806, 107595, 33697, 77433]"
120069,"[102924, 94937, 43745, 33408, 105927, 32872, 53807, 41237, 98435, 104110]"
120070,"[4787, 91754, 89661, 81588, 96172, 70500, 103372, 79593, 106166, 43615]"
120071,"[102134, 13314, 18832, 13616, 51462, 11310, 70067, 39089, 75169, 102630]"
120072,"[52003, 30856, 70202, 95866, 8335, 105494, 71190, 70511, 53718, 76147]"
120073,"[102392, 14060, 81404, 90123, 51263, 88538, 19406, 19953, 33753, 99204]"
120074,"[50700, 12659, 51801, 57204, 25567, 105484, 94205, 61195, 93548, 61401]"
120075,"[23120, 84893, 22574, 58269, 12564, 62104, 40527, 107360, 75133, 66380]"
120076,"[66573, 77116, 154, 88358, 83663, 89366, 55330, 36528, 14553, 19877]"
120077,"[62503, 37314, 44376, 109282, 15037, 94214, 36547, 42662, 87602, 90177]"
120078,"[71729, 61999, 71159, 63387, 37070, 72295, 80380, 31434, 20227, 58696]"
120079,"[27855, 54983, 5430, 59380, 15642, 12750, 26180, 13605, 16033, 49778]"
120080,"[41836, 100947, 33485, 63475, 54823, 69422, 84941, 36033, 40968, 98940]"
120081,"[22769, 1539, 9402, 77725, 10286, 35596, 64684, 6956, 34029, 18912]"
120082,"[14682, 73371, 67830, 95975, 93961, 94336, 12174, 64897, 51236, 106680]"
120083,"[76814, 40200, 44695, 37922, 102028, 42011, 59916, 107467, 75536, 97542]"
120084,"[52483, 24180, 75006, 12283, 19401, 29963, 30328, 47658, 98594, 14034]"
120085,"[80593, 1424, 73008, 93492, 66687, 102625, 83206, 41080, 60340, 17794]"
120086,"[66722, 21539, 58310, 94951, 102267, 3999, 77868, 20281, 25486, 93539]"
120087,"[85751, 19221, 36198, 35334, 43575, 108408, 11589, 78655, 105085, 5731]"
120088,"[4031, 61432, 7501, 61470, 31253, 21209, 24471, 54576, 19851, 67828]"
120089,"[82741, 364, 9302, 47828, 95294, 25833, 1928, 52062, 43816, 28990]"
120090,"[89074, 103871, 49640, 73872, 20086, 99974, 46392, 39894, 34045, 9069]"
120091,"[75275, 33314, 13557, 12764, 53991, 77986, 23314, 1707, 6408, 76060]"
120092,"[63336, 72402, 92765, 64548, 38485, 62878, 41285, 58517, 92298, 8516]"
120093,"[101456, 89934, 12330, 16614, 34172, 109470, 15960, 16067, 60038, 106970]"
120094,"[76975, 60797, 85848, 66591, 19333, 193, 39892, 33057, 45195, 99176]"
120095,"[49718, 30911, 34227, 33175, 17959, 46601, 13638, 33167, 32065, 94083]"
120096,"[65275, 10770, 28986, 48216, 60491, 12918, 84270, 5346, 56687, 45480]"
120097,"[42813, 78676, 79195, 51241, 74307, 101218, 40697, 65196, 82090, 63850]"
120098,"[109304, 99701, 67171, 33386, 76012, 97443, 69739, 77673, 7971, 46033]"
120099,"[88603, 80544, 35162, 36261, 50720, 27210, 6798, 84387, 36441, 98363]"
120100,"[11550, 960, 27529, 90885, 109443, 31667, 37773, 30658, 91345, 65386]"
120101,"[98304, 33606, 105128, 10120, 13079, 55318, 83701, 83901, 86960, 71341]"
120102,"[58766, 36551, 90371, 65674, 21123, 88921, 51275, 28602, 64976, 58021]"
120103,"[38409, 22375, 33524, 95549, 67182, 32221, 20766, 105498, 56069, 39701]"
120104,"[69025, 30396, 24860, 24881, 7216, 82973, 42032, 50963, 37300, 65623]"
120105,"[87978, 67068, 12558, 58122, 45429, 57481, 34722, 51798, 86153, 85560]"
120106,"[28823, 39424, 14775, 95919, 4200, 62523, 50125, 105234, 37500, 102257]"
120107,"[34440, 41845, 27159, 92803, 78389, 43925, 97616, 38619, 108604, 46417]"
120108,"[44169, 77959, 64341, 99526, 453, 10620, 108686, 78969, 6892, 47176]"
120109,"[88374, 67772, 10318, 106036, 23834, 78416, 49115, 19012, 75528, 14218]"
120110,"[13847, 68290, 20910, 2740, 67462, 64294, 98708, 33695, 26769, 51387]"
120111,"[14938, 22260, 30094, 38219, 101409, 890, 59193, 59030, 40644, 45303]"
120112,"[78017, 46087, 85554, 76549, 69169, 70611, 24401, 26733, 21495, 53321]"
120113,"[14255, 42379, 80659, 2146, 92663, 89672, 76449, 87419, 6855, 73083]"
120114,"[38051, 104373, 28124, 48044, 90898, 28157, 75418, 58808, 32828, 38475]"
120115,"[76517, 13104, 97180, 43795, 47075, 93773, 11575, 101399, 26410, 86216]"
120116,"[22211, 80086, 2779, 55673, 51685, 66072, 65805, 102860, 104335, 26979]"
120117,"[67335, 98996, 76039, 106206, 2498, 16708, 72135, 51057, 80885, 69879]"
120118,"[21657, 77678, 32188, 57161, 50562, 107564, 32351, 39135, 25975, 71524]"
120119,"[44591, 72974, 73552, 25663, 33201, 102691, 38531, 79421, 85005, 52452]"
120120,"[63343, 24514, 50324, 73965, 58742, 40458, 73302, 104613, 2957, 41871]"
120121,"[75846, 61537, 56418, 68017, 33698, 15277, 3276, 52557, 71727, 16238]"
120122,"[33559, 29035, 71685, 13287, 99410, 8919, 47585, 55924, 79378, 65010]"
120123,"[3106, 101569, 12425, 64845, 4050, 80624, 36100, 62643, 41614, 72214]"
120124,"[85907, 49883, 93189, 51974, 73086, 58106, 79128, 69776, 20556, 67477]"
120125,"[85193, 20170, 79040, 91102, 74382, 46221, 39446, 69064, 62763, 17684]"
120126,"[68960, 100568, 76096, 103276, 58494, 51588, 20947, 62762, 58717, 46653]"
120127,"[107861, 82609, 25049, 76364, 88274, 36468, 65699, 97739, 59226, 45899]"
120128,"[93431, 51718, 21648, 45714, 32296, 69531, 98523, 31999, 40142, 51227]"
120129,"[95471, 92244, 106443, 50990, 89860, 97763, 99233, 88386, 99409, 99256]"
120130,"[53113, 54988, 10153, 19281, 76273, 36792, 80404, 1105, 63514, 24806]"
120131,"[88561, 71712, 3774, 109735, 106862, 20863, 104675, 4579, 26183, 31424]"
120132,"[48285, 89453, 85233, 16370, 85081, 55430, 22833, 91812, 40720, 27071]"
120133,"[94566, 28181, 75536, 42011, 72395, 31756, 64358, 36293, 100221, 48421]"
120134,"[66417, 33789, 16296, 55922, 60320, 38028, 3102, 13957, 36403, 45440]"
120135,"[30195, 40906, 72432, 47613, 17306, 39945, 47991, 36405, 74959, 3448]"
120136,"[20308, 37163, 30466, 104182, 50570, 13007, 100976, 92348, 51110, 34852]"
120137,"[93422, 73466, 44317, 93311, 104350, 24941, 90410, 61178, 1105, 68045]"
120138,"[101306, 38387, 108389, 58322, 57395, 52555, 58881, 5721, 46821, 91285]"
120139,"[21599, 100663, 85801, 90840, 72491, 108258, 107324, 80215, 68231, 100693]"
120140,"[9283, 86, 32084, 17830, 57836, 71108, 93391, 8521, 19438, 26591]"
120141,"[97311, 58238, 34613, 24558, 41972, 35280, 104238, 30964, 52958, 41684]"
120142,"[37081, 41857, 90755, 54028, 103679, 71380, 9937, 73207, 49415, 9728]"
120143,"[82076, 21443, 37660, 32208, 15329, 15335, 35289, 46917, 54372, 26773]"
120144,"[95119, 78920, 11791, 15978, 54302, 35281, 86437, 69007, 92213, 38303]"
120145,"[45816, 1321, 102157, 81671, 70504, 53290, 74664, 108721, 81542, 43156]"
120146,"[77086, 68263, 50965, 27953, 65984, 24999, 76593, 59154, 109132, 35049]"
120147,"[3723, 4811, 104480, 17850, 64208, 71061, 82977, 17536, 94616, 33197]"
120148,"[99268, 45363, 96002, 28337, 29513, 51651, 1116, 83901, 32133, 54370]"
120149,"[10154, 99269, 88061, 54501, 75391, 35345, 2667, 107016, 105951, 2332]"
120150,"[67153, 75580, 26907, 73338, 91557, 8135, 76231, 49901, 29997, 93086]"
120151,"[24579, 29982, 66052, 2346, 67524, 49421, 96768, 91192, 60302, 73052]"
120152,"[39810, 92518, 15046, 81440, 34701, 83877, 65597, 67648, 13021, 109508]"
120153,"[72600, 88222, 75781, 104297, 42943, 21300, 89330, 85347, 45853, 55261]"
120154,"[73151, 109231, 4291, 74670, 22532, 30224, 82008, 52119, 919, 37784]"
120155,"[16765, 56922, 28252, 34947, 71006, 50677, 76163, 100239, 47463, 57672]"
120156,"[109580, 83815, 85629, 109326, 80570, 26235, 43105, 59567, 16599, 35520]"
120157,"[48798, 23455, 94924, 51173, 14824, 3910, 30415, 47184, 88542, 32902]"
120158,"[26834, 19996, 34133, 69678, 51863, 61245, 22850, 43370, 97789, 85180]"
120159,"[89483, 91911, 53800, 37557, 77777, 16101, 45993, 18239, 24080, 94563]"
120160,"[97498, 105988, 9725, 97509, 64479, 1049, 38501, 21744, 17443, 82540]"
120161,"[97678, 61832, 94580, 95084, 61271, 34230, 35699, 104362, 3161, 93140]"
120162,"[54448, 95794, 41315, 104661, 105614, 37050, 21491, 28299, 66761, 79544]"
120163,"[65759, 106988, 32318, 60840, 33500, 100077, 69743, 84272, 106098, 83533]"
120164,"[33206, 34402, 20035, 81623, 31555, 98666, 36330, 55030, 7452, 7252]"
120165,"[82, 86407, 23182, 106696, 15868, 64364, 46351, 38776, 90428, 106410]"
120166,"[16314, 75766, 82941, 51299, 90077, 42345, 15868, 10848, 81589, 67168]"
120167,"[31279, 107403, 103717, 49722, 35397, 63028, 92643, 22994, 90159, 15183]"
120168,"[46120, 76772, 76693, 94704, 47858, 18762, 3460, 75248, 16016, 8776]"
120169,"[27041, 86783, 39974, 67747, 33483, 84326, 87688, 51220, 45791, 31185]"
120170,"[264, 101979, 47419, 7408, 18805, 10215, 86542, 78412, 89287, 12395]"
120171,"[89241, 38363, 87370, 69181, 79894, 51897, 107827, 5880, 62746, 67816]"
120172,"[38216, 34784, 10007, 1595, 50764, 106531, 95598, 54086, 51411, 14033]"
120173,"[91885, 57052, 102920, 70130, 36707, 27698, 15977, 51655, 11669, 14378]"
120174,"[54726, 78527, 78196, 65085, 42165, 68463, 79555, 1639, 75881, 27622]"
120175,"[99596, 45198, 97068, 43707, 4869, 53894, 27340, 23862, 93650, 85805]"
120176,"[109467, 65828, 64811, 51615, 89468, 80704, 68834, 8448, 94068, 8530]"
120177,"[61723, 26642, 2247, 109563, 20528, 16244, 59917, 101861, 12645, 82739]"
120178,"[9394, 47866, 27491, 97015, 56654, 29761, 99438, 34436, 13748, 52294]"
120179,"[23916, 27493, 15373, 51246, 73627, 56588, 86806, 23471, 30257, 31033]"
120180,"[90171, 89057, 98695, 54231, 9553, 3410, 25401, 27908, 31845, 26883]"
120181,"[62131, 55306, 25138, 85667, 100405, 100161, 62677, 86902, 22013, 61747]"
120182,"[95914, 3658, 2179, 17091, 11283, 41403, 105905, 68464, 12249, 101411]"
120183,"[51451, 1646, 65928, 97071, 57277, 8053, 95087, 76058, 30496, 92009]"
120184,"[104965, 93376, 65204, 79428, 95381, 64430, 108812, 65635, 31523, 33747]"
120185,"[107035, 47537, 32153, 67950, 22676, 53486, 61985, 17247, 62521, 58291]"
120186,"[63112, 46373, 46100, 79545, 71522, 68008, 68062, 5997, 84448, 5841]"
120187,"[89524, 105747, 16547, 9881, 21877, 44451, 62556, 36756, 19776, 20366]"
120188,"[81885, 11379, 56822, 6194, 45231, 23096, 72369, 103547, 72415, 33813]"
120189,"[27512, 24932, 100421, 103253, 81310, 69924, 43788, 107613, 65158, 40843]"
120190,"[65347, 91869, 55272, 24179, 63482, 67868, 86476, 59981, 17892, 15196]"
120191,"[27246, 14056, 41566, 21822, 54513, 78182, 5417, 37737, 73934, 58514]"
120192,"[89046, 19404, 2411, 36368, 70221, 87558, 74549, 82847, 44382, 79972]"
120193,"[72414, 20539, 72423, 95326, 85256, 31377, 70735, 69049, 51976, 30767]"
120194,"[86882, 59110, 95756, 4530, 16515, 36414, 11671, 6238, 42719, 36488]"
120195,"[37893, 28831, 21281, 43075, 54809, 10844, 58878, 103701, 4635, 57588]"
120196,"[98868, 105878, 95564, 101590, 71899, 96028, 64582, 103696, 34607, 36019]"
120197,"[105206, 61264, 55201, 11458, 22475, 29657, 74495, 28037, 20094, 97581]"
120198,"[98694, 21773, 12347, 72704, 85437, 100518, 13537, 237, 100254, 45579]"
120199,"[63521, 44170, 48324, 79626, 42940, 14123, 73496, 60494, 104187, 66326]"
120200,"[17363, 11221, 24655, 6102, 7780, 1281, 103905, 42914, 47616, 10079]"
120201,"[106473, 39389, 24601, 101395, 73731, 21053, 17331, 93399, 83187, 17618]"
120202,"[50321, 5137, 66798, 88140, 40920, 93490, 6247, 69437, 33851, 28938]"
120203,"[5654, 74954, 91260, 73685, 25138, 86902, 65892, 55306, 100405, 66499]"
120204,"[72427, 108009, 29988, 97515, 22977, 108365, 84055, 101694, 46356, 7119]"
120205,"[103134, 57442, 83881, 102776, 28943, 35107, 31188, 60274, 98260, 44723]"
120206,"[49267, 89442, 24918, 1940, 101506, 68197, 108809, 65569, 45053, 51250]"
120207,"[14086, 39761, 39105, 50010, 48115, 13726, 30920, 33470, 92863, 32637]"
120208,"[51732, 3762, 48351, 25334, 58328, 34074, 50517, 69544, 72319, 74250]"
120209,"[95454, 42545, 92519, 53193, 37913, 6296, 100188, 44528, 36965, 86018]"
120210,"[51202, 106685, 97741, 14848, 62721, 69195, 78230, 75647, 37948, 66447]"
120211,"[96149, 101878, 100815, 101053, 80004, 46988, 40520, 105508, 100700, 52294]"
120212,"[38066, 42173, 53181, 79464, 100131, 82478, 54927, 6167, 62799, 100356]"
120213,"[7262, 66320, 81652, 102605, 8443, 63178, 84026, 32647, 99467, 45782]"
120214,"[37171, 77114, 33224, 5642, 99899, 91870, 87773, 82110, 69217, 49223]"
120215,"[88456, 65598, 6789, 43357, 32199, 4658, 70363, 61652, 32152, 31862]"
120216,"[11318, 70204, 49216, 33461, 20202, 12100, 81710, 39121, 8230, 49931]"
120217,"[29814, 64907, 61912, 25089, 104262, 87131, 13164, 42489, 8386, 34456]"
120218,"[43179, 14183, 31934, 19464, 96187, 20411, 87338, 77783, 31100, 83969]"
120219,"[36886, 94145, 51427, 1937, 10982, 89699, 69897, 1418, 12426, 41522]"
120220,"[44781, 7873, 66672, 81763, 33708, 53531, 91385, 89428, 95503, 36690]"
120221,"[96148, 45449, 381, 43479, 76742, 49012, 19296, 22366, 15537, 89305]"
120222,"[15893, 85349, 10873, 99217, 26243, 4970, 4390, 71612, 61306, 36694]"
120223,"[74432, 20770, 4868, 57417, 63497, 70759, 90736, 60406, 26683, 81471]"
120224,"[57007, 97541, 69347, 32398, 38637, 30007, 14392, 43878, 40005, 75455]"
120225,"[48209, 62377, 4320, 83676, 40782, 98184, 2488, 50505, 6269, 50138]"
120226,"[4575, 28339, 105331, 91823, 69252, 24175, 71182, 12679, 76886, 3808]"
120227,"[60214, 1262, 65864, 2273, 95844, 56018, 56770, 104328, 31691, 22518]"
120228,"[104338, 78897, 71649, 79379, 32581, 91887, 43110, 10019, 21328, 26457]"
120229,"[51247, 20609, 63788, 29270, 51155, 76819, 1150, 2524, 101338, 56801]"
120230,"[4625, 24950, 50493, 65605, 74177, 23032, 30620, 68590, 58002, 94817]"
120231,"[50638, 45669, 85224, 100319, 29072, 63781, 104515, 3050, 62793, 77225]"
120232,"[15348, 98707, 44851, 24953, 35444, 97684, 71117, 56874, 56623, 18916]"
120233,"[71499, 26924, 62515, 87674, 83455, 7481, 80227, 75162, 49965, 98313]"
120234,"[36988, 56288, 48696, 43920, 12970, 4379, 22680, 27581, 64559, 3244]"
120235,"[88095, 2353, 983, 65646, 79510, 101900, 48024, 52146, 67937, 32081]"
120236,"[25878, 9238, 5864, 84682, 51580, 95649, 59986, 57240, 36022, 78232]"
120237,"[22571, 40528, 6302, 21571, 105206, 49667, 19474, 95804, 73673, 106866]"
120238,"[19901, 104585, 106872, 39320, 77139, 51635, 77249, 19170, 41323, 9883]"
120239,"[4013, 43297, 92949, 66341, 66571, 45665, 16677, 517, 2717, 86874]"
120240,"[93000, 11959, 67062, 61182, 11046, 79468, 105223, 5697, 10267, 76183]"
120241,"[56703, 17248, 100318, 15360, 108933, 97112, 33028, 73478, 2137, 51335]"
120242,"[108229, 52052, 49560, 77351, 44837, 107632, 106676, 24894, 68573, 53379]"
120243,"[93353, 15057, 60802, 79713, 70022, 63630, 50462, 98068, 5016, 423]"
120244,"[75986, 73402, 27592, 2854, 73427, 107063, 74833, 35426, 90127, 89746]"
120245,"[87280, 22268, 56933, 93995, 28908, 34894, 49218, 109434, 52091, 39497]"
120246,"[48113, 14198, 71012, 53978, 2383, 22350, 89228, 55177, 60508, 108819]"
120247,"[42911, 66276, 59748, 46471, 37838, 2762, 93929, 47525, 83520, 32287]"
120248,"[35962, 53285, 41169, 73367, 105127, 37882, 107228, 14339, 21552, 83947]"
120249,"[58298, 72370, 68652, 14934, 52000, 4873, 73451, 104393, 63520, 8819]"
120250,"[22175, 79215, 39562, 46826, 2556, 100833, 12797, 94898, 59666, 2541]"
120251,"[31453, 102516, 15058, 34952, 77848, 23749, 97574, 14466, 20116, 65697]"
120252,"[81409, 53019, 106871, 60252, 34238, 86809, 24588, 16866, 54022, 43160]"
120253,"[94894, 76982, 9055, 50190, 108903, 108474, 71135, 18137, 91068, 96216]"
120254,"[50470, 55640, 105263, 13020, 101823, 43759, 59461, 106243, 34684, 12966]"
120255,"[48841, 39404, 32594, 23888, 3134, 89743, 43657, 67101, 105129, 14599]"
120256,"[78587, 14819, 28925, 56198, 13118, 11686, 55386, 48768, 36207, 73989]"
120257,"[17229, 102327, 109053, 24608, 57744, 23637, 16437, 42812, 45064, 12231]"
120258,"[85047, 73455, 69344, 90733, 46565, 87975, 64091, 68388, 58610, 27765]"
120259,"[80158, 12643, 81911, 76677, 75935, 11728, 20928, 24279, 15838, 17431]"
120260,"[55197, 75129, 77046, 25622, 70189, 72112, 35660, 93673, 37523, 39161]"
120261,"[39657, 66214, 70477, 45417, 47353, 90227, 109583, 90878, 27960, 43149]"
120262,"[48637, 98185, 67488, 56283, 105384, 83189, 56420, 31640, 13698, 77784]"
120263,"[95783, 23061, 406, 7258, 96480, 85675, 31816, 12301, 94445, 3804]"
120264,"[12921, 81925, 77197, 80893, 24664, 6611, 67604, 59498, 71965, 45420]"
120265,"[20209, 3300, 98171, 72205, 91974, 51351, 78861, 56514, 96618, 107889]"
120266,"[103078, 26311, 41193, 103801, 17182, 50282, 6449, 48113, 73039, 19952]"
120267,"[48285, 91812, 22833, 108882, 85081, 55430, 16370, 13326, 40720, 27071]"
120268,"[98894, 55625, 5796, 7625, 95736, 11763, 37235, 53844, 97213, 84920]"
120269,"[97881, 60070, 86135, 33447, 45317, 12937, 20249, 79781, 12847, 60651]"
120270,"[21064, 48562, 109448, 76954, 73642, 108834, 754, 27902, 106016, 98665]"
120271,"[1070, 21892, 24181, 70896, 10891, 23338, 98331, 33791, 34035, 64651]"
120272,"[31587, 36852, 93767, 92167, 36081, 27107, 88459, 104543, 56606, 55394]"
120273,"[65244, 70868, 25865, 4824, 67389, 104683, 81446, 36242, 88406, 68306]"
120274,"[81580, 7829, 59025, 42078, 102140, 105301, 5987, 58289, 2121, 74024]"
120275,"[91891, 54920, 104064, 109736, 108817, 43192, 50541, 19757, 36621, 70353]"
120276,"[30979, 90800, 24746, 25792, 45718, 98621, 72206, 8988, 26826, 33820]"
120277,"[59695, 92649, 1021, 28639, 33871, 21015, 78358, 18886, 46276, 81135]"
120278,"[82639, 23128, 14210, 55942, 76861, 109261, 46216, 108442, 79478, 72837]"
120279,"[94052, 10314, 102271, 78931, 10536, 87115, 83394, 65527, 7151, 46907]"
120280,"[63357, 30164, 97571, 105089, 3987, 98328, 34601, 1122, 42636, 46223]"
120281,"[14476, 19339, 89394, 104783, 104071, 77095, 48473, 100377, 97922, 65778]"
120282,"[37257, 6007, 98593, 87810, 79286, 22783, 96844, 25088, 43482, 38073]"
120283,"[56039, 89300, 80050, 18604, 34380, 18314, 83090, 18651, 51, 9618]"
120284,"[92668, 95644, 39328, 24303, 92207, 10535, 105934, 14262, 30215, 77627]"
120285,"[62123, 3513, 17928, 12718, 82683, 63538, 40208, 38795, 76441, 76858]"
120286,"[11444, 83177, 101256, 8047, 75965, 66710, 20707, 11465, 24213, 32068]"
120287,"[45273, 44583, 43602, 61697, 42317, 48059, 56219, 56025, 17946, 182]"
120288,"[107217, 639, 53346, 23397, 71831, 54347, 28812, 35926, 75961, 92776]"
120289,"[1597, 78970, 53097, 78253, 32451, 98892, 9024, 10808, 82280, 70340]"
120290,"[103421, 20534, 17502, 84057, 103634, 55560, 54882, 27445, 743, 52905]"
120291,"[52168, 29421, 21717, 70791, 68422, 27295, 101267, 41185, 95344, 23209]"
120292,"[75195, 103896, 86963, 107940, 89039, 55378, 48470, 55956, 16451, 83425]"
120293,"[49987, 45167, 23930, 1432, 50280, 47967, 52708, 58872, 30091, 100032]"
120294,"[9914, 61254, 26254, 84759, 80867, 80302, 63703, 6691, 63754, 46173]"
120295,"[57630, 27293, 37588, 92397, 89431, 86482, 93832, 77283, 10913, 75984]"
120296,"[105442, 56882, 48469, 79481, 23306, 108118, 74174, 32381, 92479, 85185]"
120297,"[58730, 31508, 45676, 91141, 59060, 42079, 94187, 36866, 20571, 88642]"
120298,"[20813, 88994, 78827, 38311, 55795, 18579, 34339, 63812, 66986, 90024]"
120299,"[85159, 99738, 32433, 11612, 89592, 93440, 51086, 52978, 88430, 71233]"
120300,"[75754, 74743, 60688, 44880, 109714, 38519, 11047, 32853, 615, 23608]"
120301,"[53440, 74190, 77054, 25649, 48401, 11848, 23645, 63741, 99142, 67181]"
120302,"[48197, 5823, 70259, 105995, 96664, 83112, 101904, 51036, 8150, 92534]"
120303,"[107229, 59730, 48336, 45568, 25437, 13200, 69953, 107443, 49598, 22781]"
120304,"[79544, 28708, 45327, 88228, 64963, 75447, 76743, 12990, 103555, 2462]"
120305,"[21088, 44276, 76262, 68927, 50329, 87251, 12935, 109348, 30885, 23857]"
120306,"[13527, 82243, 18167, 70058, 105989, 10181, 72323, 83856, 26145, 20963]"
120307,"[62961, 49751, 100655, 72724, 84120, 70219, 19919, 73651, 72379, 60487]"
120308,"[15558, 98596, 108383, 91393, 5154, 107697, 89136, 98174, 48843, 51569]"
120309,"[64373, 4503, 33463, 69136, 107627, 25024, 44741, 63782, 101857, 37716]"
120310,"[51364, 60631, 30008, 92045, 93050, 17043, 105751, 104320, 6636, 43340]"
120311,"[53872, 103556, 68729, 6312, 109665, 46184, 66272, 29181, 33252, 17679]"
120312,"[36206, 76576, 84356, 107674, 67161, 10591, 61630, 666, 8356, 75173]"
120313,"[105324, 45565, 98444, 6134, 9526, 515, 99499, 642, 57999, 38319]"
120314,"[25502, 107654, 20087, 44669, 87824, 41046, 43235, 59504, 64878, 81691]"
120315,"[94485, 87985, 81579, 11819, 109055, 57420, 58301, 33993, 63883, 56839]"
120316,"[66194, 48627, 19422, 11391, 76801, 72456, 44659, 106700, 102969, 49621]"
120317,"[51891, 62763, 92954, 79040, 69483, 46221, 69064, 51229, 39446, 102622]"
120318,"[14350, 46198, 72204, 50040, 48486, 19072, 36320, 97719, 9995, 36642]"
120319,"[63400, 84120, 97136, 47404, 70219, 72724, 50398, 59830, 98808, 532]"
120320,"[96905, 10011, 67735, 102237, 66215, 46505, 18197, 45470, 49141, 1132]"
120321,"[69056, 78968, 100268, 53991, 47653, 41240, 50753, 15454, 8535, 64169]"
120322,"[78601, 51931, 57875, 12901, 41857, 107455, 78014, 50900, 5583, 55079]"
120323,"[11696, 55228, 9231, 81512, 59059, 89706, 68645, 21560, 80800, 23694]"
120324,"[89826, 20559, 16471, 97092, 54151, 23165, 95285, 77541, 92490, 88580]"
120325,"[108864, 62455, 96021, 69828, 34488, 34865, 107363, 89462, 103940, 77337]"
120326,"[84712, 20789, 11440, 53379, 19174, 1204, 97409, 95561, 105145, 24894]"
120327,"[77023, 43027, 90584, 48134, 49639, 19052, 52506, 89287, 23990, 47962]"
120328,"[26226, 82719, 10861, 84444, 60130, 49294, 90501, 6591, 18057, 105906]"
120329,"[38065, 83950, 77075, 13178, 101869, 27729, 60493, 52349, 12838, 10707]"
120330,"[109420, 76014, 48129, 23898, 67864, 59810, 38206, 107888, 29408, 17280]"
120331,"[29239, 53700, 93106, 6886, 10246, 42095, 53152, 7967, 16766, 79205]"
120332,"[79042, 85569, 100697, 47223, 98677, 49491, 66989, 313, 14941, 78610]"
120333,"[99349, 1606, 32099, 54268, 49494, 108862, 88423, 73746, 30736, 31625]"
120334,"[63008, 4204, 81891, 99503, 73305, 68879, 96063, 102699, 97424, 92174]"
120335,"[50707, 80795, 45848, 42276, 38761, 101999, 87563, 106869, 95298, 27328]"
120336,"[4391, 8758, 82857, 50, 56535, 60200, 30897, 35709, 8883, 82299]"
120337,"[93609, 24392, 35567, 81620, 6964, 77920, 42280, 24922, 15227, 45409]"
120338,"[79928, 83122, 14292, 47291, 76186, 7579, 56012, 58250, 76302, 75681]"
120339,"[46015, 81279, 37217, 42412, 57056, 28295, 88986, 108703, 12553, 36669]"
120340,"[52926, 61425, 3215, 74922, 33706, 20791, 25534, 100757, 21956, 88165]"
120341,"[45519, 2727, 80122, 74794, 37804, 24402, 87218, 19741, 32033, 87839]"
120342,"[16588, 10462, 99262, 97143, 37164, 1933, 11470, 45478, 97399, 63850]"
120343,"[73598, 56058, 76571, 16204, 35705, 4633, 71, 48857, 16860, 32052]"
120344,"[41245, 66348, 94312, 19011, 11253, 21622, 106300, 57406, 37931, 106153]"
120345,"[67208, 6525, 98328, 34648, 106460, 35136, 101680, 38185, 97624, 55461]"
120346,"[106476, 74657, 91888, 64628, 97105, 73096, 59617, 77537, 63584, 36268]"
120347,"[22746, 68988, 93181, 67876, 9937, 102867, 20336, 60919, 31146, 108491]"
120348,"[105775, 93550, 48463, 85688, 75996, 827, 27263, 30009, 72385, 56597]"
120349,"[101850, 109385, 64614, 61992, 85978, 4588, 41884, 16616, 88817, 43960]"
120350,"[53139, 72636, 64809, 11319, 21834, 33460, 67358, 875, 61246, 81695]"
120351,"[15082, 103059, 17231, 29774, 32593, 8879, 72500, 7602, 61579, 41824]"
120352,"[15652, 95122, 109394, 106879, 53662, 51041, 6985, 36656, 69372, 31171]"
120353,"[8064, 12842, 88796, 29983, 4382, 67013, 80458, 97183, 71328, 4608]"
120354,"[90241, 37655, 34859, 68602, 29983, 47840, 84133, 56866, 93962, 69944]"
120355,"[54374, 96870, 11963, 9926, 105196, 40904, 48063, 84594, 42096, 11752]"
120356,"[84933, 46449, 63580, 87761, 79747, 52965, 47134, 85759, 108621, 89123]"
120357,"[86653, 47299, 102372, 22914, 15974, 44707, 83375, 67572, 1062, 47056]"
120358,"[22383, 99458, 78439, 54457, 10587, 95108, 12225, 37055, 90756, 43288]"
120359,"[82017, 2676, 21656, 69430, 101551, 18485, 58095, 45328, 23896, 23359]"
120360,"[78522, 77123, 38126, 23041, 46318, 31420, 26890, 78271, 69211, 61520]"
120361,"[73503, 99222, 68883, 37132, 24737, 24365, 68761, 26483, 85914, 104560]"
120362,"[99108, 34055, 26208, 89543, 86621, 61930, 5305, 78073, 4262, 65498]"
120363,"[57462, 85301, 80530, 60706, 105754, 74063, 95740, 67561, 34944, 3825]"
120364,"[10979, 19880, 65024, 13370, 16067, 41033, 1912, 74552, 50824, 37062]"
120365,"[16069, 97360, 57107, 48389, 96290, 49516, 80464, 43214, 50904, 10216]"
120366,"[40311, 57632, 20902, 102669, 79026, 23825, 77751, 76701, 19355, 44629]"
120367,"[39942, 69801, 94200, 72353, 71896, 15827, 3777, 104651, 24390, 22940]"
120368,"[69413, 41862, 88599, 39341, 12265, 74366, 81245, 18633, 20313, 103053]"
120369,"[49817, 33586, 16763, 61483, 98627, 21576, 95896, 105118, 81252, 53311]"
120370,"[107997, 94481, 77199, 15012, 6921, 33181, 1700, 83206, 95421, 38068]"
120371,"[22468, 101490, 17740, 104678, 26675, 92251, 58827, 14082, 13332, 45211]"
120372,"[11264, 59575, 106137, 16656, 11504, 36315, 101435, 91077, 85214, 89701]"
120373,"[64034, 86808, 78372, 29202, 21592, 4843, 12918, 14082, 13332, 64382]"
120374,"[69621, 8932, 9251, 50107, 77770, 45038, 40981, 24707, 39264, 38058]"
120375,"[6512, 29464, 17409, 74657, 73072, 30715, 27809, 61208, 70291, 36327]"
120376,"[7779, 1475, 78388, 30899, 15103, 94272, 62385, 35778, 43537, 43057]"
120377,"[106799, 44810, 46769, 81466, 26156, 66548, 94637, 38484, 78689, 69836]"
120378,"[43270, 90499, 14309, 16520, 29721, 82690, 31099, 72527, 7588, 52155]"
120379,"[5556, 15702, 88129, 76684, 71697, 108158, 27685, 70916, 54763, 81187]"
120380,"[8595, 67396, 27275, 108065, 25020, 96282, 20417, 72191, 27656, 6782]"
120381,"[72514, 76598, 86361, 75727, 57392, 25452, 40474, 33064, 42351, 13794]"
120382,"[39426, 97098, 75493, 28923, 83727, 36398, 47910, 78537, 80899, 23694]"
120383,"[100956, 11613, 34494, 28987, 101207, 62165, 10393, 82847, 77438, 74587]"
120384,"[26023, 23322, 22884, 63323, 14091, 51814, 57520, 3464, 29930, 94432]"
120385,"[87368, 62499, 99602, 30216, 25850, 40636, 64155, 94310, 2157, 97206]"
120386,"[105336, 81003, 53315, 105789, 66960, 94140, 25727, 32970, 69479, 106876]"
120387,"[37505, 77006, 92812, 26199, 13662, 28738, 9566, 87648, 12567, 107586]"
120388,"[87607, 84564, 108722, 22803, 95911, 107698, 67481, 90453, 42630, 50561]"
120389,"[27955, 73875, 91103, 82007, 46582, 44112, 19692, 102996, 69943, 80979]"
120390,"[43236, 25138, 40086, 32865, 32629, 86902, 45039, 52807, 52611, 105378]"
120391,"[74228, 30085, 54811, 56627, 46922, 55165, 47070, 81916, 74745, 18070]"
120392,"[96229, 35864, 93793, 3442, 33608, 44845, 109363, 11855, 32690, 25562]"
120393,"[86893, 34815, 87152, 6939, 44173, 11180, 15850, 19605, 75492, 70507]"
120394,"[62048, 44048, 68660, 72149, 56484, 15084, 93613, 106121, 89654, 23912]"
120395,"[86502, 45529, 107911, 94949, 3352, 80174, 56933, 12200, 64405, 46816]"
120396,"[21775, 26522, 46840, 32314, 101642, 109575, 69577, 105864, 11097, 42510]"
120397,"[67935, 93088, 42409, 4701, 32782, 6430, 94249, 45264, 91657, 54052]"
120398,"[34843, 97998, 58687, 108885, 48559, 5036, 49366, 72084, 6597, 57605]"
120399,"[18241, 38285, 30967, 16941, 92687, 91873, 4845, 23117, 22301, 34867]"
120400,"[31503, 52116, 24955, 108116, 75160, 61103, 61325, 91798, 64337, 27401]"
120401,"[40195, 5873, 34719, 5320, 60735, 75738, 78481, 33173, 107391, 76568]"
120402,"[105086, 81737, 73230, 13989, 54336, 91146, 18594, 64032, 5240, 104855]"
120403,"[67389, 4824, 80183, 25865, 65244, 106095, 57776, 43869, 70868, 48202]"
120404,"[21689, 13180, 22010, 90247, 66673, 12010, 27802, 65427, 96417, 82939]"
120405,"[65819, 26705, 9154, 9436, 97169, 13003, 15983, 87702, 100882, 108142]"
120406,"[101508, 25175, 67741, 27699, 56971, 2000, 6319, 57750, 7051, 65361]"
120407,"[25488, 16586, 68442, 24936, 27586, 64282, 53165, 33077, 6768, 2122]"
120408,"[16885, 8253, 16038, 46199, 7448, 3702, 38789, 7624, 92257, 43309]"
120409,"[11555, 100817, 93686, 34316, 27344, 88066, 57542, 93459, 66208, 33607]"
120410,"[57640, 38254, 5146, 75529, 73203, 74740, 75229, 66193, 2496, 49256]"
120411,"[32207, 98725, 28357, 26345, 54866, 7310, 58120, 77213, 28717, 44663]"
120412,"[8152, 21803, 11761, 29176, 66999, 67612, 105540, 21489, 26133, 103694]"
120413,"[30155, 108405, 98021, 72307, 61992, 83277, 108237, 107919, 956, 64614]"
120414,"[85608, 107762, 30918, 11447, 86300, 27278, 78841, 29905, 63367, 38558]"
120415,"[47981, 50540, 18129, 61807, 424, 66525, 23131, 55588, 90339, 167]"
120416,"[29840, 101168, 33019, 53257, 45308, 74568, 54124, 44038, 11756, 85236]"
120417,"[77777, 95459, 45993, 18239, 24080, 91911, 26635, 9583, 60929, 41553]"
120418,"[45696, 58479, 40746, 66520, 19791, 54564, 23455, 100719, 32902, 108903]"
120419,"[46356, 51702, 69683, 54519, 101694, 36632, 93611, 39858, 84055, 108365]"
120420,"[28640, 72254, 4919, 2851, 92466, 54233, 107953, 88065, 22257, 109125]"
120421,"[73052, 62164, 58772, 16435, 99471, 1598, 98735, 79794, 44965, 67524]"
120422,"[91662, 64290, 13676, 72726, 1314, 54233, 89989, 26747, 88917, 65233]"
120423,"[82534, 88404, 97289, 3234, 105046, 56800, 60198, 20002, 55957, 76968]"
120424,"[29934, 24806, 65384, 1105, 93422, 33942, 84920, 70912, 53579, 40238]"
120425,"[45803, 40378, 88788, 93482, 88258, 56702, 108566, 97796, 64613, 73118]"
120426,"[62839, 22367, 95899, 41896, 96835, 75566, 94744, 20166, 80543, 105889]"
120427,"[46828, 51857, 102502, 86037, 64070, 87430, 28598, 20901, 48574, 47027]"
120428,"[7664, 34215, 92121, 16379, 33090, 89592, 92661, 80965, 15532, 108349]"
120429,"[25701, 78142, 91623, 63760, 26882, 20311, 109342, 20356, 64918, 98504]"
120430,"[43073, 26647, 87864, 91984, 65417, 4786, 78542, 37151, 103312, 106799]"
120431,"[64617, 63365, 5736, 61603, 77441, 108217, 83715, 76552, 84897, 94345]"
120432,"[60249, 41843, 40196, 92808, 3446, 79184, 71052, 29959, 37186, 55934]"
120433,"[58825, 78069, 39266, 45671, 71233, 100552, 35273, 52832, 41040, 8293]"
120434,"[76442, 30867, 3679, 61476, 59665, 69937, 43161, 83622, 57526, 71793]"
120435,"[84413, 89370, 20183, 64387, 67780, 97379, 52616, 24629, 91288, 8115]"
120436,"[60555, 59149, 88605, 12847, 60151, 73185, 23094, 59268, 52542, 55673]"
120437,"[42191, 72761, 34009, 72292, 71096, 26270, 55641, 108233, 92136, 96039]"
120438,"[99015, 5018, 79387, 74668, 65666, 37273, 7485, 81905, 6310, 55486]"
120439,"[100339, 15554, 99549, 87628, 86591, 46818, 36256, 63630, 16966, 2274]"
120440,"[28907, 37969, 30047, 89403, 93635, 21555, 17366, 103466, 52871, 70658]"
120441,"[97239, 82685, 43313, 58940, 64774, 1932, 99393, 10596, 24833, 57545]"
120442,"[45697, 81855, 108208, 26593, 30922, 16719, 108209, 36698, 39840, 85729]"
120443,"[16546, 48037, 61218, 984, 6727, 98943, 57551, 38460, 1600, 15687]"
120444,"[72922, 17125, 88464, 28096, 79244, 73314, 47378, 32787, 12673, 64527]"
120445,"[75134, 79746, 58486, 55901, 2877, 57751, 73394, 71866, 67427, 54011]"
120446,"[16321, 55138, 18010, 3047, 76816, 41540, 77346, 109466, 35835, 53495]"
120447,"[69375, 81171, 89643, 85473, 103623, 73339, 19667, 26479, 20392, 60496]"
120448,"[49064, 77150, 97213, 47564, 90953, 1990, 21587, 17568, 4297, 22512]"
120449,"[56261, 94248, 104907, 81757, 28861, 73903, 45252, 3389, 86830, 107754]"
120450,"[27012, 94219, 95838, 65833, 50409, 29022, 83207, 30101, 70116, 81833]"
120451,"[32861, 24754, 12611, 63051, 30118, 15447, 84839, 69393, 21749, 10549]"
120452,"[34988, 40679, 11241, 55456, 104057, 20819, 106578, 107353, 58217, 60740]"
120453,"[106660, 70178, 13683, 81582, 81606, 63201, 85931, 568, 70294, 99591]"
120454,"[92727, 99915, 37749, 95554, 89688, 31433, 56892, 12102, 21580, 88706]"
120455,"[104947, 55864, 98131, 72020, 19243, 59917, 2247, 8464, 35089, 61723]"
120456,"[103433, 71615, 79999, 37018, 32843, 17072, 26072, 69670, 90895, 19178]"
120457,"[75658, 36588, 33641, 29960, 10985, 108222, 52083, 71886, 12145, 56158]"
120458,"[92247, 60946, 105506, 103777, 61805, 7498, 67507, 19414, 65367, 102835]"
120459,"[1314, 41501, 79565, 64851, 106642, 3512, 62655, 2851, 13676, 57353]"
120460,"[83315, 93546, 46082, 27842, 31356, 40976, 29711, 98062, 63245, 30753]"
120461,"[43861, 13026, 58915, 82108, 93313, 61356, 66915, 90014, 37496, 70617]"
120462,"[15192, 87981, 92613, 20545, 66601, 74898, 73442, 40443, 15064, 39031]"
120463,"[102207, 25272, 70888, 10372, 31097, 36027, 69096, 40547, 107721, 80799]"
120464,"[81853, 16598, 108448, 75961, 97455, 70937, 84696, 1068, 45915, 64543]"
120465,"[96266, 14385, 17342, 84353, 33940, 72796, 37370, 23872, 29546, 70485]"
120466,"[6827, 61927, 74309, 48892, 26720, 11919, 6594, 106297, 20107, 96958]"
120467,"[67832, 84504, 33106, 1785, 37369, 73931, 40192, 7253, 5009, 43722]"
120468,"[5827, 54740, 78599, 56110, 63901, 12319, 48848, 27479, 39252, 14241]"
120469,"[19158, 108024, 86842, 95829, 94402, 69936, 82442, 27415, 10505, 13996]"
120470,"[35046, 23038, 82976, 99965, 76837, 69180, 59041, 8, 13514, 71113]"
120471,"[6993, 32180, 48101, 70966, 14431, 99373, 29803, 106041, 48241, 23650]"
120472,"[98437, 7107, 21983, 3040, 40733, 84956, 70359, 94413, 44834, 47911]"
120473,"[83509, 19534, 18681, 99545, 42361, 16922, 109677, 71419, 49999, 20967]"
120474,"[70391, 59656, 47462, 26036, 20403, 64088, 57006, 42649, 60548, 96947]"
120475,"[101603, 988, 101542, 76600, 92398, 46203, 62196, 92036, 105071, 87562]"
120476,"[87143, 54757, 54116, 74962, 21397, 15486, 27778, 95630, 107857, 32485]"
120477,"[88995, 20199, 4158, 93736, 26052, 32850, 89954, 85864, 77725, 49287]"
120478,"[59734, 10822, 6810, 57768, 26162, 66822, 105938, 106834, 3721, 94884]"
120479,"[23139, 32532, 76939, 62369, 14027, 69622, 59296, 34070, 28686, 78125]"
120480,"[94491, 75640, 52929, 12214, 23303, 23918, 62709, 30553, 85707, 17121]"
120481,"[27872, 104588, 42476, 89771, 106021, 83673, 38068, 14191, 76924, 51261]"
120482,"[97992, 97301, 35710, 81365, 68251, 21513, 10045, 23256, 6575, 101064]"
120483,"[108921, 19542, 82559, 102603, 94093, 18913, 92280, 96764, 77061, 8725]"
120484,"[57219, 95612, 719, 105940, 12073, 34600, 83897, 63902, 97348, 88908]"
120485,"[18584, 80859, 30969, 50374, 45046, 87048, 86601, 106008, 37637, 47398]"
120486,"[68590, 108300, 108856, 94817, 87268, 71200, 11805, 68647, 97977, 26801]"
120487,"[29474, 86834, 25588, 21419, 17564, 147, 98933, 60106, 40405, 100611]"
120488,"[24829, 91135, 58122, 45429, 76276, 67775, 49133, 95393, 78004, 28611]"
120489,"[81551, 20562, 79021, 11885, 54060, 5174, 83713, 74806, 8275, 20862]"
120490,"[86102, 44417, 8276, 39744, 105429, 39545, 44462, 18022, 107855, 97671]"
120491,"[60047, 28030, 72848, 41058, 13488, 102929, 49894, 64240, 62735, 39544]"
120492,"[71256, 104992, 52195, 96079, 33375, 83377, 5589, 31749, 25459, 67173]"
120493,"[37968, 54378, 3135, 65381, 93387, 74884, 74330, 68482, 42465, 36006]"
120494,"[102994, 28958, 106347, 66641, 31691, 95844, 42501, 99475, 50499, 65864]"
120495,"[58184, 102601, 56243, 16951, 41578, 70840, 105374, 82208, 100675, 79958]"
120496,"[85745, 25634, 20530, 64276, 42640, 77387, 93465, 100462, 28768, 57582]"
120497,"[52000, 51067, 108497, 56012, 83178, 93549, 78993, 24342, 83420, 14934]"
120498,"[91433, 12418, 75374, 59550, 4994, 76001, 14359, 81674, 81938, 70033]"
120499,"[19520, 35754, 90871, 29770, 12101, 109657, 21054, 22437, 51684, 99406]"
120500,"[54266, 45248, 69139, 3352, 93798, 13825, 19122, 53009, 15732, 84932]"
120501,"[71807, 61813, 47829, 79847, 89520, 37284, 87179, 36958, 90145, 4446]"
120502,"[51952, 107525, 74136, 51892, 87102, 45607, 31475, 88326, 46559, 105470]"
120503,"[29462, 32581, 50006, 99905, 79379, 10019, 78807, 19063, 71188, 17777]"
120504,"[104331, 88314, 69228, 653, 97555, 79557, 17971, 27529, 18526, 64890]"
120505,"[20363, 56048, 8944, 52385, 105702, 102849, 26490, 82071, 19069, 18517]"
120506,"[95052, 79397, 80378, 15924, 61155, 57674, 32638, 45667, 9639, 69024]"
120507,"[63339, 12028, 84277, 69010, 68782, 48312, 12187, 7425, 83081, 7989]"
120508,"[74876, 47127, 27304, 72811, 58256, 11878, 11732, 13480, 55453, 22572]"
120509,"[34555, 1032, 76688, 37248, 62728, 50555, 71523, 25174, 34350, 52999]"
120510,"[86151, 38112, 33217, 1463, 33131, 50375, 18847, 15923, 69284, 77572]"
120511,"[62428, 90342, 99056, 32399, 49065, 56409, 75469, 17664, 97523, 31266]"
120512,"[96413, 73490, 21440, 82650, 11522, 98892, 90991, 90772, 32451, 10808]"
120513,"[4302, 67907, 53940, 105860, 99844, 79809, 91634, 101817, 94317, 5521]"
120514,"[51293, 88442, 72687, 46196, 7796, 56307, 35927, 80386, 96079, 108106]"
120515,"[79763, 779, 27360, 106935, 48634, 51958, 35385, 108012, 72714, 27049]"
120516,"[56106, 27109, 21440, 84577, 20193, 73490, 71228, 95940, 60955, 9300]"
120517,"[32012, 76616, 82830, 102241, 41339, 56742, 103205, 90446, 15705, 79767]"
120518,"[14697, 87573, 3573, 50457, 97135, 64165, 101932, 45771, 32745, 47933]"
120519,"[15037, 37314, 82538, 15294, 87933, 62503, 20410, 52787, 87602, 47549]"
120520,"[88705, 7932, 17605, 67037, 96950, 10974, 24393, 57610, 94830, 44488]"
120521,"[56906, 108758, 37746, 69295, 75254, 79911, 51069, 21592, 79282, 23566]"
120522,"[54464, 17650, 53967, 61964, 4364, 72778, 77047, 47481, 13201, 24878]"
120523,"[64736, 44242, 106218, 52203, 55324, 49321, 73933, 99762, 4685, 82657]"
120524,"[90012, 65280, 88677, 83282, 63005, 56588, 53440, 103527, 15373, 86806]"
120525,"[66468, 43638, 94994, 76579, 98573, 23436, 81614, 28847, 71653, 84773]"
120526,"[42407, 50107, 40981, 23182, 81589, 16786, 43317, 33758, 67530, 6257]"
120527,"[80409, 95370, 28653, 5249, 86806, 19655, 41728, 48912, 35371, 65268]"
120528,"[67664, 99767, 59991, 76241, 51290, 79026, 16312, 33143, 51734, 87754]"
120529,"[94929, 99465, 79458, 67437, 105639, 90022, 80616, 106635, 29740, 35446]"
120530,"[63325, 24533, 17622, 251, 102313, 87818, 97671, 3729, 7406, 100693]"
120531,"[56056, 36269, 67449, 8168, 30841, 97590, 3785, 99690, 75621, 75511]"
120532,"[101085, 50686, 83772, 80366, 71686, 33987, 76152, 39316, 3715, 38678]"
120533,"[104623, 80272, 36527, 68968, 69044, 64425, 45458, 10715, 97496, 80150]"
120534,"[30949, 26048, 14472, 94510, 28411, 48313, 108540, 47386, 76450, 75066]"
120535,"[39528, 105806, 40571, 104621, 15670, 54429, 86310, 101764, 16336, 3763]"
120536,"[64222, 45785, 105333, 74125, 68924, 2704, 87191, 103916, 85327, 7557]"
120537,"[38861, 28330, 6346, 74342, 20646, 47765, 14902, 94288, 83336, 16656]"
120538,"[90616, 59354, 51645, 41828, 106408, 68718, 107005, 81177, 15362, 69578]"
120539,"[26663, 62464, 76776, 95275, 52468, 2515, 81593, 26148, 101489, 6055]"
120540,"[54210, 29982, 63843, 60629, 18953, 2346, 6491, 60417, 28705, 108164]"
120541,"[25129, 71964, 87178, 19754, 76739, 85796, 21609, 79425, 67555, 83414]"
120542,"[76277, 105905, 49389, 20193, 11283, 72166, 49816, 91372, 2464, 88591]"
120543,"[95194, 4949, 37979, 43381, 10201, 84618, 93320, 54542, 28324, 1761]"
120544,"[2785, 83800, 91169, 63886, 23027, 84108, 45208, 100038, 70626, 31651]"
120545,"[57284, 62683, 51139, 101182, 103968, 99106, 98324, 31846, 8667, 7810]"
120546,"[93851, 60466, 73464, 38152, 31569, 60915, 30455, 98683, 22057, 25180]"
120547,"[5789, 62113, 96526, 105272, 84482, 74761, 38467, 92174, 9071, 21721]"
120548,"[41290, 5670, 67011, 101552, 4715, 84969, 2450, 106315, 38091, 105960]"
120549,"[93387, 74884, 98151, 45163, 95499, 28676, 17130, 89702, 11997, 8034]"
120550,"[49342, 68936, 84256, 50688, 73818, 32790, 22000, 67475, 75613, 4636]"
120551,"[97961, 20747, 55187, 103494, 107239, 27311, 64884, 2972, 23528, 2385]"
120552,"[18523, 21981, 16815, 54650, 38497, 8143, 24602, 96197, 31493, 79854]"
120553,"[33175, 14945, 84368, 83599, 94140, 35285, 99122, 18394, 43918, 45759]"
120554,"[64298, 75335, 9237, 65109, 65734, 17670, 103420, 27165, 4167, 30725]"
120555,"[31372, 107120, 6813, 33196, 8950, 38701, 6634, 74740, 58365, 24869]"
120556,"[52683, 22933, 44091, 38903, 38998, 4237, 34502, 105505, 52100, 29026]"
120557,"[29742, 90400, 45802, 22602, 41925, 38607, 97424, 9396, 99503, 33743]"
120558,"[15321, 38706, 70900, 58789, 80725, 16178, 14511, 97245, 109210, 67252]"
120559,"[63114, 92045, 37956, 60842, 86287, 107069, 72008, 52515, 99069, 99405]"
120560,"[104864, 17075, 102561, 59452, 5610, 75916, 39891, 70871, 77196, 19527]"
120561,"[27105, 51450, 14252, 77262, 2126, 95827, 85262, 106485, 9381, 30299]"
120562,"[97759, 59678, 78719, 102735, 46028, 50229, 48935, 70889, 76865, 60420]"
120563,"[103472, 37871, 33865, 105210, 65448, 48589, 33675, 26365, 89295, 33231]"
120564,"[63805, 102975, 81333, 26888, 5458, 54900, 17290, 40715, 35561, 26501]"
120565,"[46349, 66007, 91774, 23342, 14722, 76360, 58501, 95611, 106720, 60561]"
120566,"[52598, 19949, 37957, 29355, 60417, 35380, 5045, 27065, 29599, 100796]"
120567,"[76294, 26855, 35307, 87744, 94622, 86188, 107961, 92896, 27895, 99113]"
120568,"[35815, 75170, 98463, 15283, 30429, 94827, 83107, 2005, 10490, 25753]"
120569,"[47111, 96761, 80320, 21317, 105095, 98991, 96013, 10871, 55426, 54999]"
120570,"[23805, 42156, 76862, 5808, 94176, 103008, 58261, 97213, 57304, 7791]"
120571,"[63167, 59560, 30825, 94406, 9654, 24653, 102176, 63617, 17664, 4273]"
120572,"[3509, 47100, 32892, 72279, 82286, 30947, 33620, 83894, 19478, 69023]"
120573,"[60700, 90016, 100530, 92398, 18560, 89705, 101423, 15612, 11151, 58672]"
120574,"[74434, 46078, 25644, 60697, 77919, 41469, 74710, 24122, 107279, 42514]"
120575,"[54900, 102975, 63805, 26501, 81333, 5458, 40715, 17826, 17290, 89217]"
120576,"[6566, 52445, 469, 91949, 69617, 14973, 97174, 62167, 99105, 15459]"
120577,"[38234, 34008, 17150, 78201, 66147, 45099, 1022, 49218, 18418, 101865]"
120578,"[80180, 79637, 67131, 103955, 13459, 85169, 11281, 28986, 108198, 80793]"
120579,"[97200, 75016, 45416, 98437, 105196, 42587, 78438, 36433, 46387, 12826]"
120580,"[79199, 6673, 24810, 108830, 14011, 81380, 16187, 73123, 19888, 43616]"
120581,"[50794, 45189, 66699, 102616, 108247, 20327, 95252, 82374, 28496, 42713]"
120582,"[14418, 99964, 64233, 47468, 95702, 23190, 58028, 65976, 92105, 97877]"
120583,"[43794, 6789, 53169, 32199, 43357, 46153, 103423, 38063, 49848, 47982]"
120584,"[76268, 109581, 19290, 36991, 83254, 15619, 43632, 12934, 64582, 88940]"
120585,"[70896, 6758, 50203, 26314, 97887, 21892, 51638, 19461, 74318, 82454]"
120586,"[32012, 100829, 102241, 91333, 94334, 95749, 88597, 97715, 63480, 58095]"
120587,"[20234, 96194, 53310, 28394, 52490, 59484, 31615, 54676, 42234, 55581]"
120588,"[58672, 48390, 31059, 12177, 20649, 77443, 97338, 6714, 29002, 20155]"
120589,"[25179, 22383, 37055, 92810, 24233, 103007, 43288, 88163, 6966, 28633]"
120590,"[13390, 17753, 40280, 48885, 73442, 92613, 58863, 98660, 88131, 47691]"
120591,"[52059, 8193, 38427, 100086, 109282, 18624, 106092, 11339, 67218, 92169]"
120592,"[39697, 37026, 40438, 36849, 78760, 96689, 57231, 245, 49894, 73407]"
120593,"[10884, 378, 102210, 23492, 8298, 69835, 37947, 6938, 104072, 97130]"
120594,"[102720, 4725, 95137, 105093, 85473, 78148, 47010, 25971, 86831, 80919]"
120595,"[17656, 22063, 59552, 22859, 52663, 88609, 45956, 106350, 88916, 25839]"
120596,"[14192, 80510, 80446, 26937, 25004, 31402, 316, 29286, 79263, 65508]"
120597,"[17739, 99112, 73743, 66435, 50178, 15305, 88034, 66789, 12308, 43056]"
120598,"[80360, 64313, 20093, 78939, 45791, 31185, 49261, 24972, 22740, 22002]"
120599,"[37437, 64996, 3925, 15586, 71919, 27535, 29232, 37894, 61219, 39071]"
120600,"[79001, 108736, 58726, 102723, 14988, 78215, 109543, 95832, 87726, 101913]"
120601,"[88198, 50594, 100442, 58253, 26506, 21262, 42781, 8396, 70148, 102332]"
120602,"[109004, 57821, 92450, 105884, 66758, 90974, 45784, 83799, 6208, 62818]"
120603,"[93383, 90593, 102404, 3557, 54868, 5323, 89109, 92783, 12834, 27128]"
120604,"[83052, 54540, 96353, 10492, 3099, 60665, 87132, 55851, 51784, 20004]"
120605,"[43964, 12698, 52952, 13892, 42492, 68549, 104263, 55160, 52530, 90166]"
120606,"[22305, 21104, 28392, 75002, 30382, 85924, 8424, 18553, 58524, 92781]"
120607,"[30363, 28913, 4553, 68662, 64249, 85727, 78999, 61834, 83064, 30340]"
120608,"[16599, 87521, 109580, 43105, 109326, 80570, 18871, 27132, 10826, 26235]"
120609,"[15183, 31707, 90814, 35397, 35592, 37628, 31785, 67856, 50875, 69823]"
120610,"[85261, 49346, 17992, 41575, 101845, 50684, 17603, 45693, 1300, 8509]"
120611,"[43973, 17809, 18953, 106022, 40105, 11986, 100270, 56225, 31538, 62645]"
120612,"[38916, 61354, 74417, 65842, 1591, 104836, 72553, 18998, 60201, 60194]"
120613,"[72473, 14018, 18384, 34074, 14644, 98783, 72920, 15822, 74250, 13604]"
120614,"[49885, 45446, 46563, 75621, 76113, 14269, 16593, 5115, 7621, 102299]"
120615,"[39343, 77003, 97110, 10033, 76244, 93594, 104670, 102396, 22395, 6489]"
120616,"[99289, 43274, 92779, 104865, 26911, 13233, 14181, 66178, 8299, 24539]"
120617,"[73072, 21643, 80249, 99876, 58255, 70683, 58547, 65506, 40820, 92768]"
120618,"[70084, 31160, 21500, 34829, 74451, 13439, 76803, 56257, 69817, 74205]"
120619,"[99223, 51747, 1983, 95976, 601, 95778, 32165, 105241, 89326, 5711]"
120620,"[107033, 28832, 21958, 64712, 62373, 54503, 4469, 91302, 4046, 5315]"
120621,"[33775, 14504, 28731, 70051, 17580, 8379, 61515, 22048, 46787, 21304]"
120622,"[65571, 41846, 37194, 8574, 95192, 85820, 49021, 22915, 50188, 57711]"
120623,"[18915, 65427, 12987, 16948, 70046, 56127, 30625, 31229, 54929, 9594]"
120624,"[96265, 79351, 28705, 9600, 19198, 37957, 40182, 6057, 52548, 12320]"
120625,"[67328, 31880, 92826, 27848, 53039, 25344, 55581, 15673, 89105, 78272]"
120626,"[6466, 4140, 70574, 14963, 85443, 88877, 40385, 46717, 65895, 80370]"
120627,"[108578, 73603, 91769, 35229, 81339, 62270, 37998, 23812, 15100, 106043]"
120628,"[73373, 27297, 55207, 94117, 75974, 26685, 95022, 57809, 37409, 56196]"
120629,"[64468, 46014, 59554, 13993, 55654, 23646, 30449, 93285, 39310, 30483]"
120630,"[67584, 80660, 67234, 76887, 97383, 44718, 103188, 96218, 25703, 39282]"
120631,"[93270, 88782, 27403, 44335, 88607, 76034, 63827, 42462, 27000, 97593]"
120632,"[29266, 17472, 52337, 1832, 16773, 84971, 34048, 84253, 791, 74993]"
120633,"[95926, 109766, 70699, 9690, 3807, 43265, 101188, 105575, 48815, 75849]"
120634,"[40873, 14668, 868, 104175, 103916, 94077, 74125, 59085, 25316, 20225]"
120635,"[39020, 69001, 57497, 75511, 37083, 56056, 105897, 79133, 13648, 53134]"
120636,"[101133, 31807, 60424, 49943, 2239, 98446, 43924, 58999, 82107, 20903]"
120637,"[94064, 34, 31265, 86615, 32100, 57594, 57015, 20999, 94214, 99412]"
120638,"[9820, 72545, 39288, 12624, 66953, 24444, 80943, 64459, 77559, 45574]"
120639,"[43765, 59045, 80284, 109044, 108002, 101390, 38690, 36626, 103804, 97050]"
120640,"[25611, 21514, 96849, 105296, 78298, 1036, 76148, 39247, 58476, 13111]"
120641,"[27623, 69959, 67417, 31405, 37510, 54335, 56846, 23929, 15913, 79932]"
120642,"[79973, 41373, 63828, 96588, 49005, 69142, 4826, 3824, 7385, 102567]"
120643,"[43967, 9222, 43429, 79998, 46189, 46910, 68566, 64567, 66580, 17374]"
120644,"[11607, 49015, 97947, 31213, 3070, 30626, 101427, 22589, 47625, 55412]"
120645,"[79834, 108196, 32178, 9226, 40999, 71352, 7923, 104478, 90264, 72292]"
120646,"[107722, 47003, 89652, 35120, 3656, 93361, 60962, 93316, 13547, 22794]"
120647,"[95397, 23543, 92676, 63170, 75477, 88229, 75886, 84631, 44183, 63461]"
120648,"[99404, 66445, 103139, 46621, 34012, 34899, 17173, 17937, 106030, 73095]"
120649,"[49049, 60745, 83508, 109302, 80301, 52559, 24820, 80782, 63384, 81098]"
120650,"[86968, 24425, 101082, 91281, 48822, 26248, 66940, 64945, 48652, 88048]"
120651,"[92304, 49768, 71832, 34064, 31137, 40431, 28611, 86276, 2280, 9775]"
120652,"[21093, 102169, 83080, 89424, 70388, 107371, 7150, 46861, 71223, 57451]"
120653,"[68643, 101495, 88981, 33079, 62650, 6256, 82299, 105277, 78804, 22752]"
120654,"[103315, 105823, 80468, 86192, 105222, 91801, 3566, 98944, 65298, 106690]"
120655,"[109203, 74615, 39321, 70054, 66910, 70965, 96522, 5456, 3748, 96431]"
120656,"[65421, 86247, 26137, 96895, 97577, 69662, 95568, 18804, 41101, 33458]"
120657,"[85867, 17389, 4748, 74441, 78395, 46666, 105590, 42351, 38628, 73574]"
120658,"[55953, 30754, 98142, 34224, 54684, 84601, 26959, 84110, 49034, 26827]"
120659,"[87212, 34411, 36449, 37549, 79014, 19718, 44388, 24476, 45520, 89939]"
120660,"[31134, 18720, 43921, 109411, 15792, 92350, 38570, 20468, 17158, 108788]"
120661,"[67736, 49269, 86607, 41325, 95879, 30976, 14207, 108597, 59802, 57574]"
120662,"[49122, 19958, 7959, 28130, 33444, 23944, 30315, 34948, 78265, 69448]"
120663,"[102118, 97228, 85123, 58752, 107029, 109132, 58027, 17548, 83464, 54278]"
120664,"[78477, 90672, 22786, 6611, 81706, 12091, 77197, 89033, 19518, 59498]"
120665,"[87781, 2301, 3459, 147, 66869, 37415, 25108, 57262, 88482, 99836]"
120666,"[53262, 51947, 101940, 105215, 72611, 9000, 54905, 16543, 7967, 79205]"
120667,"[92001, 68092, 29954, 94367, 13961, 28388, 52183, 75551, 26981, 43469]"
120668,"[69437, 89561, 59586, 94235, 90565, 63370, 12316, 98978, 14821, 97175]"
120669,"[108807, 102415, 84578, 44266, 30776, 74977, 80014, 68633, 24884, 50781]"
120670,"[32586, 92862, 55916, 17481, 95750, 107059, 108598, 62138, 55917, 93769]"
120671,"[47539, 24849, 50062, 39849, 42488, 13962, 10791, 63459, 71389, 57807]"
120672,"[27658, 86718, 21801, 87729, 69082, 93683, 35883, 29056, 61, 22022]"
120673,"[15517, 83592, 42679, 49472, 93079, 76080, 97210, 106935, 73129, 80348]"
120674,"[41513, 50683, 16832, 35021, 85932, 62228, 22194, 52641, 102305, 74326]"
120675,"[29429, 103767, 62702, 45854, 6368, 29975, 11853, 14756, 97320, 43887]"
120676,"[91327, 83228, 18796, 75111, 41871, 42421, 73302, 54804, 51412, 94871]"
120677,"[53834, 62431, 8375, 84070, 101975, 30106, 93593, 28040, 100221, 18554]"
120678,"[78951, 31429, 12940, 102940, 93875, 81476, 62981, 56530, 61706, 55635]"
120679,"[77847, 108140, 37381, 40691, 2693, 2743, 49359, 74041, 19052, 66901]"
120680,"[33986, 8502, 102571, 52577, 35910, 56803, 35642, 71802, 35047, 1431]"
120681,"[91262, 36780, 3531, 25011, 55954, 88085, 6577, 104078, 7127, 73036]"
120682,"[16635, 45816, 1321, 104138, 97074, 27864, 37704, 34159, 102157, 81671]"
120683,"[72449, 55185, 47431, 9300, 18662, 9456, 100964, 15830, 37766, 23357]"
120684,"[63672, 50163, 23359, 58192, 4272, 104343, 108977, 107259, 30473, 81433]"
120685,"[46766, 49454, 59335, 69039, 85376, 38500, 30678, 41588, 50027, 21977]"
120686,"[47530, 31216, 28000, 56584, 76291, 93633, 33771, 75384, 46783, 77871]"
120687,"[98685, 46125, 95791, 33650, 98682, 96887, 45701, 305, 101920, 93474]"
120688,"[71185, 50002, 106618, 72733, 3904, 28287, 10238, 36704, 52593, 72076]"
120689,"[55939, 88576, 2251, 21542, 57243, 27145, 26285, 66674, 92201, 75598]"
120690,"[14703, 17581, 67640, 53615, 102818, 94564, 60197, 107471, 8269, 18926]"
120691,"[34620, 43299, 67838, 59920, 12330, 7567, 16269, 16582, 932, 93747]"
120692,"[58553, 38879, 76301, 97460, 45949, 79566, 12269, 25068, 105758, 89272]"
120693,"[39261, 33578, 2614, 97698, 13297, 39795, 95995, 15934, 18316, 108100]"
120694,"[13406, 45692, 48958, 86528, 62774, 83414, 39313, 935, 108986, 21609]"
120695,"[933, 18000, 35080, 7933, 39924, 53225, 20148, 28740, 105169, 99797]"
120696,"[4771, 96567, 31062, 764, 47826, 50150, 94350, 40404, 5138, 43203]"
120697,"[41688, 104181, 25230, 35470, 79802, 103470, 6180, 88204, 10667, 72559]"
120698,"[109711, 87543, 14244, 61763, 44281, 39319, 75850, 91917, 62916, 59727]"
120699,"[67398, 52413, 77912, 90863, 12333, 103027, 3062, 13028, 91905, 92918]"
120700,"[54696, 23803, 101604, 104015, 53012, 97051, 58630, 100637, 16482, 66491]"
120701,"[24256, 45283, 106626, 2584, 52373, 64340, 20416, 47769, 13899, 52268]"
120702,"[73994, 13339, 84513, 10277, 45302, 96355, 29360, 37320, 4057, 67712]"
120703,"[60825, 15850, 70507, 9380, 95634, 61192, 84813, 78820, 74706, 75492]"
120704,"[104738, 29169, 7364, 47998, 66967, 6176, 25035, 51989, 22927, 32213]"
120705,"[8195, 93228, 39652, 101904, 87915, 64841, 63628, 4055, 49075, 37605]"
120706,"[18828, 62135, 48182, 7449, 95800, 50622, 39949, 18158, 87713, 5276]"
120707,"[80013, 31899, 38801, 14583, 25926, 90098, 91027, 30061, 83768, 18799]"
120708,"[90513, 16266, 26990, 77292, 51390, 5848, 89231, 80924, 73442, 28304]"
120709,"[54731, 27377, 42257, 75443, 41917, 44807, 58639, 104299, 45471, 54477]"
120710,"[38465, 106950, 69274, 12540, 109559, 106103, 106518, 32530, 24171, 31079]"
120711,"[41704, 87958, 23479, 88288, 7890, 74650, 101935, 37476, 102951, 5613]"
120712,"[108424, 109026, 51274, 12210, 101828, 59559, 106129, 106491, 66997, 109669]"
120713,"[62891, 59793, 26733, 73495, 81930, 7430, 1701, 17350, 77035, 19911]"
120714,"[61833, 77703, 26138, 3489, 26461, 97905, 100978, 51058, 13235, 68142]"
120715,"[13523, 65116, 8948, 94930, 59384, 43061, 85838, 29857, 55809, 108526]"
120716,"[84864, 22700, 36620, 107404, 52244, 96579, 84881, 56630, 32769, 35585]"
120717,"[2005, 73062, 98463, 25753, 28960, 31091, 87961, 50782, 71304, 54351]"
120718,"[26137, 103827, 14827, 69662, 96159, 92425, 99104, 23472, 90711, 14822]"
120719,"[42598, 39448, 57879, 57953, 105601, 68159, 2841, 4128, 99327, 19690]"
120720,"[7064, 49574, 85089, 78526, 83792, 101588, 21919, 34496, 76520, 81924]"
120721,"[9876, 65480, 106376, 98850, 89697, 37656, 101966, 108623, 12209, 93916]"
120722,"[81214, 27634, 54500, 67662, 90425, 59763, 73972, 58081, 43862, 28711]"
120723,"[95587, 9282, 107258, 49884, 15997, 3263, 16544, 104436, 7766, 62304]"
120724,"[24825, 15855, 16575, 51859, 29500, 56922, 28252, 53938, 34947, 9245]"
120725,"[68884, 83786, 44658, 36338, 54812, 84101, 5474, 41522, 27996, 6878]"
120726,"[80672, 92093, 61499, 97460, 109617, 93644, 93307, 66203, 71382, 52446]"
120727,"[94439, 44049, 9104, 101254, 14288, 11430, 49080, 27055, 44687, 82516]"
120728,"[94430, 33821, 38658, 101579, 13368, 18288, 80696, 57937, 75945, 86996]"
120729,"[60309, 65205, 60489, 36607, 61380, 69565, 45322, 9406, 23123, 68938]"
120730,"[89730, 30144, 104901, 98721, 39284, 24270, 33947, 3651, 72009, 108689]"
120731,"[107595, 20018, 77433, 21806, 25240, 90226, 51168, 85028, 2233, 79550]"
120732,"[5826, 67453, 9327, 62887, 47964, 69979, 12342, 45523, 2784, 71530]"
120733,"[28520, 81066, 41212, 101496, 15351, 108923, 49610, 73784, 10619, 67255]"
120734,"[74847, 37773, 21613, 23560, 45457, 80828, 38410, 36071, 91345, 90180]"
120735,"[8988, 109667, 26826, 45718, 98860, 24746, 30979, 25792, 100099, 45061]"
120736,"[52616, 81988, 68931, 97379, 90069, 87901, 75579, 33656, 41930, 83354]"
120737,"[41612, 56642, 94895, 67026, 67244, 14226, 94187, 24133, 79193, 25650]"
120738,"[23560, 97511, 8861, 45457, 27934, 82289, 73309, 106708, 109216, 55468]"
120739,"[56511, 46182, 9503, 94803, 78922, 66941, 98079, 84481, 32914, 70091]"
120740,"[72918, 45092, 29758, 17642, 86661, 77279, 83577, 63957, 66558, 45251]"
120741,"[32672, 32510, 11580, 46561, 96420, 9550, 46494, 24688, 49626, 21063]"
120742,"[25768, 27563, 104492, 94448, 5417, 95155, 29827, 2025, 86237, 29929]"
120743,"[2386, 72503, 30632, 31601, 8405, 108275, 68830, 53825, 83045, 66524]"
120744,"[32511, 61776, 12904, 112, 16517, 18333, 23465, 39805, 27152, 4763]"
120745,"[58224, 44876, 71763, 25606, 85705, 93784, 39992, 1632, 48020, 54253]"
120746,"[58032, 34139, 55557, 85442, 96810, 47238, 56120, 27557, 36280, 42098]"
120747,"[39795, 68630, 94584, 29099, 49538, 96927, 45486, 67847, 86293, 88051]"
120748,"[26476, 19047, 106269, 98077, 14056, 18338, 87927, 100529, 87652, 44257]"
120749,"[47427, 74918, 52548, 63878, 63901, 14267, 9600, 76406, 83128, 79351]"
120750,"[101291, 5913, 107261, 58565, 30562, 75644, 18006, 96414, 54337, 30202]"
120751,"[47372, 103060, 61385, 32458, 4005, 66519, 22930, 24191, 96677, 18810]"
120752,"[1292, 41837, 35715, 64321, 36729, 70263, 90047, 103568, 20194, 39467]"
